a	a	1367216091
abandon	abandon	814642
abandoned	abandoned	1795794
abbey	abbey	516780
abdomen	abdomen	539875
abdominal	abdominal	995910
abilities	abilities	1391458
ability	ability	8149480
able	able	17708554
abnormal	abnormal	1092903
abnormalities	abnormalities	688920
aboard	aboard	712217
aboriginal	aboriginal	620629
abortion	abortion	771295
about	about	119813893
above	above	17544814
abroad	abroad	1573016
abrupt	abrupt	414908
abruptly	abruptly	861934
absence	absence	3824976
absent	absent	1491863
absolute	absolute	2840503
absolutely	absolutely	2474613
absorb	absorb	564112
absorbed	absorbed	1135577
absorption	absorption	1511925
abstract	abstract	2242981
abstraction	abstraction	479237
absurd	absurd	600333
abundance	abundance	931176
abundant	abundant	806347
abuse	abuse	3113982
abused	abused	503674
academic	academic	4427760
academics	academics	503502
academy	academy	2176682
accelerated	accelerated	633384
acceleration	acceleration	727596
accent	accent	789426
accept	accept	4437746
acceptable	acceptable	1805973
acceptance	acceptance	1996623
accepted	accepted	4379259
accepting	accepting	1067608
accepts	accepts	511113
access	access	9671785
accessed	accessed	3511418
accessibility	accessibility	449232
accessible	accessible	1349096
accident	accident	2288961
accidental	accidental	492755
accidentally	accidentally	429934
accidents	accidents	730531
accommodate	accommodate	851949
accommodation	accommodation	830496
accompanied	accompanied	2160426
accompany	accompany	739041
accompanying	accompanying	771233
accomplish	accomplish	1090315
accomplished	accomplished	1518697
accord	accord	637196
accordance	accordance	2208518
according	according	13914074
accordingly	accordingly	1810344
account	account	11245747
accountability	accountability	1159884
accountable	accountable	523957
accounted	accounted	783105
accounting	accounting	2394880
accounts	accounts	3967893
accumulated	accumulated	719094
accumulation	accumulation	1105636
accuracy	accuracy	2101233
accurate	accurate	2443518
accurately	accurately	1110080
accused	accused	1484028
accustomed	accustomed	772814
ache	ache	441520
achieve	achieve	4262863
achieved	achieved	3414381
achievement	achievement	1774335
achievements	achievements	731501
achieving	achieving	1319599
acid	acid	4960543
acids	acids	1585043
acknowledge	acknowledge	1447748
acknowledged	acknowledged	1366704
acknowledges	acknowledges	428076
acknowledging	acknowledging	486958
acknowledgments	acknowledgments	430048
acoustic	acoustic	559018
acquaintance	acquaintance	604155
acquainted	acquainted	507948
acquire	acquire	1203676
acquired	acquired	2372963
acquiring	acquiring	585872
acquisition	acquisition	2017923
acre	acre	441819
acres	acres	867742
across	across	18261680
act	act	17588162
acted	acted	1430976
acting	acting	3154602
action	action	14913599
actions	actions	6673949
activate	activate	467488
activated	activated	1124505
activation	activation	1751729
active	active	6696950
actively	actively	1327525
activism	activism	579047
activist	activist	471512
activists	activists	855072
activities	activities	10172711
activity	activity	11142200
actor	actor	1425272
actors	actors	2594867
acts	acts	4802838
actual	actual	5544613
actually	actually	10798684
acute	acute	2910957
ad	ad	1875916
adapt	adapt	893913
adaptation	adaptation	1447472
adapted	adapted	1552780
adaptive	adaptive	1137464
add	add	7383579
added	added	8873192
addiction	addiction	759515
adding	adding	2675302
addition	addition	9724511
additional	additional	8265267
additionally	additionally	1265233
address	address	6728745
addressed	addressed	2647471
addresses	addresses	1387374
addressing	addressing	1421975
adds	adds	1293508
adequate	adequate	2290269
adequately	adequately	750734
adherence	adherence	496304
adhesion	adhesion	414721
adjacent	adjacent	1365516
adjust	adjust	1172031
adjusted	adjusted	1439670
adjusting	adjusting	585368
adjustment	adjustment	1441016
adjustments	adjustments	759269
administer	administer	498779
administered	administered	1170818
administration	administration	5796858
administrative	administrative	2742113
administrator	administrator	1010500
administrators	administrators	729652
admiral	admiral	719628
admiration	admiration	681585
admire	admire	519641
admired	admired	697109
admission	admission	1172666
admit	admit	2255877
admitted	admitted	2245045
adolescence	adolescence	559293
adolescent	adolescent	957689
adolescents	adolescents	1041772
adopt	adopt	1535235
adopted	adopted	3441759
adopting	adopting	693890
adoption	adoption	1596847
ads	ads	472062
adsorption	adsorption	467237
adult	adult	4087023
adulthood	adulthood	544830
adults	adults	3545374
advance	advance	2925824
advanced	advanced	3996010
advancement	advancement	623708
advances	advances	1542610
advancing	advancing	679396
advantage	advantage	4394487
advantages	advantages	1956532
advent	advent	501422
adventure	adventure	1117401
adventures	adventures	644233
adverse	adverse	1525594
advertising	advertising	1854557
advice	advice	3378517
advise	advise	631980
advised	advised	1035241
advisor	advisor	410939
advisory	advisory	815953
advocacy	advocacy	671986
advocate	advocate	881822
advocated	advocated	512427
advocates	advocates	746278
aerial	aerial	412994
aesthetic	aesthetic	1321329
aesthetics	aesthetics	564315
affair	affair	1384302
affairs	affairs	3606660
affect	affect	4709487
affected	affected	4092007
affecting	affecting	1302756
affection	affection	1049910
affective	affective	742521
affects	affects	1505812
affinity	affinity	651768
affirmative	affirmative	484609
affirmed	affirmed	417553
afford	afford	1703819
affordable	affordable	480995
afforded	afforded	514129
Afghanistan	afghanistan	1015393
afraid	afraid	4323868
Africa	africa	5287734
African	african	5826425
Africans	africans	508518
after	after	69930897
aftermath	aftermath	564957
afternoon	afternoon	3680120
afterward	afterward	810749
afterwards	afterwards	1619394
again	again	36579483
against	against	33147187
age	age	15083341
aged	aged	1807052
agencies	agencies	2938551
agency	agency	5684697
agenda	agenda	1774787
agent	agent	4666281
agents	agents	4023754
ages	ages	2364138
aggregate	aggregate	1077040
aggregation	aggregation	484622
aggression	aggression	936758
aggressive	aggressive	1385858
aging	aging	1255560
agitation	agitation	440474
ago	ago	7604958
agony	agony	574314
agree	agree	3586539
agreed	agreed	5205318
agreement	agreement	6266690
agreements	agreements	1763545
agrees	agrees	604484
agricultural	agricultural	2791793
agriculture	agriculture	2386860
ah	ah	2368905
ahead	ahead	4455820
aid	aid	3779743
aided	aided	489897
aids	aids	510397
aim	aim	2765089
aimed	aimed	1784690
aiming	aiming	490822
aims	aims	1483235
air	air	15799353
aircraft	aircraft	2152861
airplane	airplane	442887
airport	airport	1516546
airway	airway	615598
aisle	aisle	439928
akin	akin	458382
alarm	alarm	1270748
alarmed	alarmed	417269
alas	alas	448521
albeit	albeit	860978
album	album	714673
alcohol	alcohol	2943138
alcoholic	alcoholic	436036
ale	ale	415133
alert	alert	1152651
algebra	algebra	574838
algorithm	algorithm	2800652
algorithms	algorithms	1303445
alien	alien	1085544
align	align	434488
aligned	aligned	704312
alignment	alignment	826906
alike	alike	1131025
alive	alive	3541357
all	all	174553568
Allah	allah	563642
alleged	alleged	1053778
allegedly	allegedly	416406
alley	alley	609778
alliance	alliance	1559236
alliances	alliances	462419
allied	allied	920159
allies	allies	1196447
allocated	allocated	694496
allocation	allocation	1153567
allow	allow	7809281
allowance	allowance	586701
allowed	allowed	6828410
allowing	allowing	2826834
allows	allows	4682951
alloy	alloy	494512
alloys	alloys	411328
ally	ally	609768
almighty	almighty	442139
almost	almost	17688355
alone	alone	11074858
along	along	18484372
alongside	alongside	1606686
aloud	aloud	903286
alpha	alpha	1111472
already	already	18518677
alright	alright	588626
also	also	92695080
altar	altar	972859
alter	alter	1196673
alteration	alteration	455714
alterations	alterations	537296
altered	altered	1347218
alternate	alternate	741788
alternative	alternative	5327019
alternatively	alternatively	797117
alternatives	alternatives	1384704
although	although	21251123
altitude	altitude	532749
altogether	altogether	1535970
aluminum	aluminum	688726
always	always	27155858
am	am	23591043
amateur	amateur	433624
amazed	amazed	622775
amazing	amazing	1693962
Amazon	amazon	482013
ambassador	ambassador	782673
amber	amber	615952
ambient	ambient	469612
ambiguity	ambiguity	615697
ambiguous	ambiguous	651682
ambition	ambition	704832
ambitions	ambitions	444269
ambitious	ambitious	694350
ambulance	ambulance	518611
amen	amen	441942
amended	amended	1469831
amendment	amendment	1980473
amendments	amendments	717668
America	america	8712020
American	american	21583048
Americans	americans	4270194
amid	amid	702570
amino	amino	1200153
ammunition	ammunition	477895
among	among	20715663
amongst	amongst	1481128
amount	amount	9847562
amounts	amounts	2462818
ample	ample	545420
amplitude	amplitude	837013
amused	amused	592361
amusement	amusement	611832
an	an	226191005
anal	anal	507460
analog	analog	429963
analogous	analogous	612316
analogy	analogy	806014
analyse	analyse	467779
analysed	analysed	502337
analyses	analyses	1887244
analysis	analysis	18096144
analyst	analyst	660087
analysts	analysts	567600
analytic	analytic	774364
analytical	analytical	1534560
analyze	analyze	1264758
analyzed	analyzed	1240721
analyzing	analyzing	869468
anatomy	anatomy	831031
ancestors	ancestors	898375
anchor	anchor	801499
ancient	ancient	4898870
and	and	1980512953
anemia	anemia	422126
anesthesia	anesthesia	531605
angel	angel	1892329
angels	angels	1305459
anger	anger	3588809
angle	angle	2921796
angles	angles	1006548
angrily	angrily	463953
angry	angry	3175462
anguish	anguish	436068
angular	angular	685904
animal	animal	5220401
animals	animals	5389018
animated	animated	465258
animation	animation	528399
ankle	ankle	717277
annals	annals	437083
anniversary	anniversary	573410
announced	announced	2116737
announcement	announcement	626709
annoyed	annoyed	598493
annual	annual	4534752
annually	annually	716055
anonymous	anonymous	877977
another	another	39317300
answer	answer	11791586
answered	answered	4830893
answering	answering	1043466
answers	answers	3184938
antenna	antenna	476806
anterior	anterior	1382706
anthropology	anthropology	945752
anti	anti	4782138
antibiotic	antibiotic	469822
antibiotics	antibiotics	614247
antibodies	antibodies	770134
antibody	antibody	747886
anticipate	anticipate	502663
anticipated	anticipated	1109073
anticipation	anticipation	760802
antigen	antigen	645239
antiquity	antiquity	560932
anxiety	anxiety	3165960
anxious	anxious	1667794
any	any	71903485
anybody	anybody	1375467
anymore	anymore	2040583
anyone	anyone	8565427
anything	anything	17490361
anyway	anyway	3759488
anywhere	anywhere	2248334
aortic	aortic	554653
apart	apart	4256585
apartment	apartment	2607428
apartments	apartments	432150
apologize	apologize	493258
apology	apology	542994
apostle	apostle	477211
apostles	apostles	477774
app	app	1615694
apparatus	apparatus	910311
apparent	apparent	2810914
apparently	apparently	3733265
appeal	appeal	2979410
appealed	appealed	512018
appealing	appealing	638632
appeals	appeals	1104353
appear	appear	6911083
appearance	appearance	3923520
appearances	appearances	580688
appeared	appeared	6651033
appearing	appearing	936675
appears	appears	6025654
appendix	appendix	1920284
appetite	appetite	708814
apple	apple	1695309
apples	apples	562947
applicable	applicable	2292581
applicant	applicant	936815
applicants	applicants	637465
application	application	9222684
applications	applications	5298862
applied	applied	7394662
applies	applies	1905998
apply	apply	5318400
applying	applying	1949068
appointed	appointed	2068790
appointment	appointment	1489356
appointments	appointments	485207
appraisal	appraisal	561421
appreciate	appreciate	1753082
appreciated	appreciated	822462
appreciation	appreciation	1110486
apprehension	apprehension	421055
approach	approach	15037035
approached	approached	2221926
approaches	approaches	4727020
approaching	approaching	1368085
appropriate	appropriate	7738560
appropriately	appropriately	749674
appropriation	appropriation	479878
approval	approval	2055922
approve	approve	611291
approved	approved	2191570
approximate	approximate	756511
approximately	approximately	3350871
approximation	approximation	930704
apps	apps	693567
April	april	5696534
apt	apt	482667
aquatic	aquatic	411665
aqueous	aqueous	563587
Arab	arab	1839709
Arabic	arabic	861562
Arabs	arabs	483324
arbitrary	arbitrary	1030961
arbitration	arbitration	827717
arc	arc	825644
arch	arch	1166021
archaeological	archaeological	752206
archaeology	archaeology	658389
archbishop	archbishop	440309
arched	arched	485616
architect	architect	678196
architects	architects	475429
architectural	architectural	906953
architecture	architecture	2679830
archive	archive	766942
archives	archives	1340786
arctic	arctic	643339
are	are	295649374
area	area	17102569
areas	areas	10614113
arena	arena	790920
Argentina	argentina	656575
arguably	arguably	635937
argue	argue	2969047
argued	argued	3747571
argues	argues	2150949
arguing	arguing	1100125
argument	argument	5249842
arguments	arguments	2719362
arise	arise	1942038
arises	arises	1120592
arising	arising	1066138
arithmetic	arithmetic	480269
arm	arm	7676675
armed	armed	2623591
armies	armies	816056
armor	armor	560923
arms	arms	9717460
army	army	7415547
arose	arose	1044459
around	around	37984948
arousal	arousal	468644
aroused	aroused	483499
arrange	arrange	905621
arranged	arranged	1894667
arrangement	arrangement	1852804
arrangements	arrangements	1909533
array	array	1867914
arrest	arrest	1515337
arrested	arrested	1289349
arrival	arrival	2064053
arrive	arrive	1756923
arrived	arrived	5489823
arrives	arrives	545199
arriving	arriving	942804
arrow	arrow	1262433
arrows	arrows	823798
art	art	11096565
arterial	arterial	690718
arteries	arteries	554261
artery	artery	1447783
arthritis	arthritis	601976
article	article	6933586
articles	articles	2905259
articulate	articulate	543790
articulated	articulated	605548
artifacts	artifacts	577991
artificial	artificial	1575511
artillery	artillery	798253
artist	artist	2104389
artistic	artistic	1217940
artists	artists	1863659
arts	arts	2791235
as	as	485163545
ash	ash	982554
ashamed	ashamed	809107
ashes	ashes	527641
Asia	asia	3168787
Asian	asian	2424896
aside	aside	3412891
ask	ask	11948987
asked	asked	26971162
asking	asking	4100260
asks	asks	2343193
asleep	asleep	1970675
aspect	aspect	3314915
aspects	aspects	5383185
aspiration	aspiration	458904
aspirations	aspirations	590285
ass	ass	1816117
assault	assault	1279847
assay	assay	515384
assembled	assembled	926169
assembly	assembly	2793952
assert	assert	652151
asserted	asserted	822346
assertion	assertion	795465
asserts	asserts	473439
assess	assess	2274826
assessed	assessed	1233746
assessing	assessing	1313568
assessment	assessment	6892441
assessments	assessments	1103054
asset	asset	1860126
assets	assets	3448304
assign	assign	729008
assigned	assigned	2506325
assignment	assignment	1452909
assignments	assignments	674513
assimilation	assimilation	439322
assist	assist	1852019
assistance	assistance	3712619
assistant	assistant	2030199
assisted	assisted	1091835
associate	associate	1314326
associated	associated	11364209
associates	associates	924406
association	association	7192220
associations	associations	1669096
assume	assume	3860592
assumed	assumed	3551193
assumes	assumes	916001
assuming	assuming	1682909
assumption	assumption	2333816
assumptions	assumptions	2074899
assurance	assurance	936557
assure	assure	880887
assured	assured	1511547
asthma	asthma	581871
astonished	astonished	463041
astonishment	astonishment	414501
asylum	asylum	595075
at	at	294483881
ate	ate	1507413
athlete	athlete	455904
athletes	athletes	750123
athletic	athletic	545944
Atlantic	atlantic	1545168
atmosphere	atmosphere	2235635
atmospheric	atmospheric	784436
atom	atom	944783
atomic	atomic	1173406
atoms	atoms	1315119
atop	atop	419692
atrial	atrial	453690
attach	attach	578080
attached	attached	2632599
attachment	attachment	1473812
attack	attack	5515859
attacked	attacked	1446185
attacking	attacking	610254
attacks	attacks	2362579
attain	attain	619960
attained	attained	594025
attainment	attainment	491957
attempt	attempt	5413576
attempted	attempted	2038018
attempting	attempting	1276542
attempts	attempts	2855684
attend	attend	1927979
attendance	attendance	776558
attendant	attendant	470585
attended	attended	1620958
attending	attending	1095655
attention	attention	11653656
attitude	attitude	3078462
attitudes	attitudes	2424762
attorney	attorney	1897466
attorneys	attorneys	450766
attract	attract	1061661
attracted	attracted	1298460
attraction	attraction	982984
attractive	attractive	1778701
attributable	attributable	415177
attribute	attribute	1201153
attributed	attributed	1432728
attributes	attributes	1766647
auction	auction	493346
audience	audience	4053229
audiences	audiences	1014183
audio	audio	1027599
audit	audit	1225965
auditor	auditor	459723
auditory	auditory	585181
August	august	5007596
aunt	aunt	2411782
aura	aura	420095
Australia	australia	3253324
Australian	australian	1984657
Austria	austria	898467
Austrian	austrian	522186
authentic	authentic	951560
authentication	authentication	449242
authenticity	authenticity	550375
author	author	6928752
authoritarian	authoritarian	457771
authoritative	authoritative	476382
authorities	authorities	3268048
authority	authority	7773309
authorization	authorization	571366
authorized	authorized	1345697
authors	authors	4142851
autism	autism	622764
auto	auto	804290
autobiography	autobiography	476487
automated	automated	668458
automatic	automatic	1434057
automatically	automatically	1643859
automation	automation	428651
automobile	automobile	597135
autonomous	autonomous	916595
autonomy	autonomy	1485407
autumn	autumn	1045605
auxiliary	auxiliary	461405
availability	availability	1709097
available	available	14869262
ave	ave	499607
avenue	avenue	1371855
average	average	7536915
aviation	aviation	563700
avoid	avoid	5891719
avoidance	avoidance	699202
avoided	avoided	1407303
avoiding	avoiding	1197391
awaiting	awaiting	457107
awake	awake	1301588
awakened	awakened	429998
awakening	awakening	444133
award	award	1796656
awarded	awarded	880460
awards	awards	791645
aware	aware	5414174
awareness	awareness	3168911
away	away	32228334
awe	awe	591163
awesome	awesome	471143
awful	awful	1210862
awkward	awkward	923809
axes	axes	519001
axial	axial	626997
axis	axis	2296692
ay	ay	453517
aye	aye	547753
babies	babies	1209335
baby	baby	6308176
bachelor	bachelor	441036
back	back	67926546
backed	backed	1290090
background	background	4321754
backgrounds	backgrounds	587166
backing	backing	556090
backs	backs	713861
backup	backup	550917
backward	backward	1163840
backwards	backwards	624041
bacon	bacon	888320
bacteria	bacteria	1514895
bacterial	bacterial	1058013
bad	bad	9858525
badly	badly	1516801
bag	bag	3597394
bags	bags	1251391
bake	bake	548865
baked	baked	547459
baker	baker	1138367
baking	baking	912973
balance	balance	5690454
balanced	balanced	1296451
balances	balances	479422
balancing	balancing	690352
balcony	balcony	495485
bald	bald	412470
ball	ball	3722992
balloon	balloon	550944
balls	balls	1108063
ban	ban	685837
band	band	3618862
bands	bands	1183086
bandwidth	bandwidth	484516
bang	bang	550872
Bangladesh	bangladesh	413117
bank	bank	7857525
banking	banking	1401940
bankruptcy	bankruptcy	648942
banks	banks	3230841
banned	banned	421377
banner	banner	418479
baptism	baptism	566694
Baptist	baptist	565879
bar	bar	5069586
bare	bare	1918475
barely	barely	2754830
bargain	bargain	515761
bargaining	bargaining	693359
bark	bark	654322
barn	barn	949641
baron	baron	616933
barrel	barrel	777745
barrier	barrier	1458860
barriers	barriers	1406140
bars	bars	1541613
basal	basal	559970
base	base	6687189
baseball	baseball	1089975
based	based	27412996
baseline	baseline	961015
basement	basement	781542
bases	bases	1095797
basic	basic	8469146
basically	basically	1191902
basics	basics	460002
basil	basil	513373
basin	basin	1115221
basis	basis	8651410
basket	basket	919981
basketball	basketball	599976
bass	bass	801765
bastard	bastard	714399
bat	bat	634403
batch	batch	587948
bath	bath	1328962
bathroom	bathroom	1713348
battalion	battalion	705475
battered	battered	419261
batteries	batteries	539593
battery	battery	1188560
battle	battle	4939191
battlefield	battlefield	470415
battles	battles	758094
bay	bay	2628150
bbe	bbe	1423376
be	be	364559087
beach	beach	2886552
beads	beads	507510
beam	beam	1873227
beams	beams	663911
bean	bean	612584
beans	beans	1001140
bear	bear	4201091
beard	beard	820187
bearing	bearing	2039012
bears	bears	1096607
beast	beast	1218553
beasts	beasts	572237
beat	beat	2832403
beaten	beaten	883413
beating	beating	1060562
beats	beats	469880
beautiful	beautiful	6668804
beautifully	beautifully	489361
beauty	beauty	3402055
became	became	14131738
because	because	61257158
become	become	19574280
becomes	becomes	6533164
becoming	becoming	4330699
bed	bed	10603101
bedroom	bedroom	2523950
beds	beds	971359
bedside	bedside	424480
bee	bee	533757
beef	beef	918300
been	been	123457968
beer	beer	2157501
bees	bees	480181
before	before	57464135
beg	beg	786134
began	began	15775426
begged	begged	661329
begging	begging	506432
begin	begin	6191156
beginning	beginning	8466933
beginnings	beginnings	468170
begins	begins	3186292
begun	begun	2269020
behalf	behalf	1698462
behave	behave	969411
behavior	behavior	9169535
behavioral	behavioral	2057016
behaviors	behaviors	2199143
behaviour	behaviour	3607291
behavioural	behavioural	525217
behaviours	behaviours	509693
behind	behind	16723354
behold	behold	878444
being	being	49162252
beings	beings	2540928
Belgium	belgium	746779
belief	belief	3910203
beliefs	beliefs	2907796
believe	believe	13951909
believed	believed	5283703
believer	believer	450014
believers	believers	841197
believes	believes	1429738
believing	believing	1103477
bell	bell	2327010
belle	belle	422169
bells	bells	517558
belly	belly	1238368
belong	belong	1862563
belonged	belonged	1228987
belonging	belonging	1398700
belongs	belongs	1187181
beloved	beloved	1150854
below	below	9843390
belt	belt	1506752
bench	bench	1225052
bend	bend	901215
bending	bending	832878
beneath	beneath	3739423
beneficial	beneficial	1269904
beneficiaries	beneficiaries	435576
beneficiary	beneficiary	450305
benefit	benefit	5160206
benefits	benefits	5789387
benign	benign	604903
bent	bent	1997408
berry	berry	495747
beside	beside	4270283
besides	besides	3470474
best	best	21983383
bet	bet	1391911
beta	beta	932056
betrayal	betrayal	417548
betrayed	betrayed	612561
better	better	23028314
between	between	62137170
beyond	beyond	10518758
bi	bi	440972
bias	bias	1539362
biased	biased	413926
Bible	bible	6707353
biblical	biblical	1537496
bibliography	bibliography	704999
bicycle	bicycle	467973
bid	bid	1005973
big	big	13760994
bigger	bigger	1749264
biggest	biggest	1501092
bike	bike	887642
bilateral	bilateral	860926
bile	bile	443183
bill	bill	5201324
billion	billion	2528894
bills	bills	1183410
bin	bin	822479
binary	binary	1036798
bind	bind	810324
binding	binding	2644529
biochemical	biochemical	483642
biodiversity	biodiversity	503397
biography	biography	823679
biological	biological	3129048
biology	biology	1695440
biomass	biomass	642233
biomedical	biomedical	413168
biopsy	biopsy	552090
bipolar	bipolar	463826
bird	bird	2409886
birds	birds	2644431
birth	birth	4527445
birthday	birthday	1370767
bishop	bishop	1736582
bishops	bishops	528911
bit	bit	9188198
bitch	bitch	788351
bite	bite	1291483
biting	biting	441316
bits	bits	1246841
bitter	bitter	1346137
bitterly	bitterly	427974
bitterness	bitterness	422413
bizarre	bizarre	419960
black	black	18146606
blacks	blacks	1046870
bladder	bladder	733495
blade	blade	1319286
blades	blades	533726
blame	blame	1841236
blamed	blamed	562820
blank	blank	1613937
blanket	blanket	1076125
blankets	blankets	482826
blast	blast	755240
bleeding	bleeding	1442838
blend	blend	751066
blended	blended	411324
bless	bless	719747
blessed	blessed	1483321
blessing	blessing	1070873
blessings	blessings	535579
blew	blew	1002652
blind	blind	2192216
blinked	blinked	863284
bliss	bliss	465242
block	block	4264793
blocked	blocked	839800
blocking	blocking	737249
blocks	blocks	2043649
blog	blog	668837
blond	blond	678594
blonde	blonde	617647
blood	blood	13812856
bloody	bloody	1561730
bloom	bloom	610168
blow	blow	1960404
blowing	blowing	750790
blown	blown	751633
blows	blows	541373
blue	blue	7854098
blues	blues	561729
blunt	blunt	467371
blurred	blurred	426900
board	board	7552617
boarding	boarding	448390
boards	boards	1081255
boat	boat	3429046
boats	boats	1168428
bodies	bodies	4911172
bodily	bodily	910758
body	body	25538289
boil	boil	646057
boiled	boiled	466897
boiling	boiling	729140
bold	bold	1081722
bolt	bolt	619693
bomb	bomb	1078306
bombing	bombing	517320
bombs	bombs	537351
bond	bond	2848903
bonding	bonding	614239
bonds	bonds	2045584
bone	bone	3919275
bones	bones	2022551
bonus	bonus	482940
book	book	21771126
books	books	9331584
boom	boom	728964
boost	boost	569606
boot	boot	748694
booth	booth	691115
boots	boots	1474410
border	border	2948349
borders	borders	1280398
bore	bore	1104470
bored	bored	689174
boring	boring	658128
born	born	6457934
borne	borne	795096
borrow	borrow	597339
borrowed	borrowed	712018
borrowing	borrowing	538045
boss	boss	1719725
both	both	48186609
bother	bother	1085866
bothered	bothered	670835
bottle	bottle	2374032
bottles	bottles	855807
bottom	bottom	5252754
bought	bought	2786252
boulder	boulder	490877
bound	bound	3820766
boundaries	boundaries	2350551
boundary	boundary	2406797
bounded	bounded	732582
bounds	bounds	570457
bourgeois	bourgeois	462107
bow	bow	1439178
bowed	bowed	862772
bowel	bowel	636694
bowl	bowl	2104479
box	box	7683375
boxes	boxes	1445011
boy	boy	8200620
boyfriend	boyfriend	805335
boys	boys	5033357
brain	brain	7725402
brains	brains	757284
branch	branch	2590968
branches	branches	1985762
brand	brand	2399016
brands	brands	642680
brass	brass	697036
brave	brave	1150239
Brazil	brazil	1423622
Brazilian	brazilian	526253
breach	breach	1036651
bread	bread	2686627
breadth	breadth	453023
break	break	5726746
breakdown	breakdown	824428
breakfast	breakfast	2474955
breaking	breaking	2360669
breaks	breaks	1125578
breast	breast	2754761
breasts	breasts	1302722
breath	breath	6480151
breathe	breathe	1279192
breathed	breathed	831727
breathing	breathing	2447708
breaths	breaths	462585
breed	breed	595033
breeding	breeding	910372
breeze	breeze	965390
brethren	brethren	525767
brick	brick	1029672
bride	bride	948132
bridge	bridge	3480226
bridges	bridges	772533
brief	brief	3826414
briefly	briefly	2013643
brigade	brigade	703468
bright	bright	3675452
brightly	brightly	467665
brightness	brightness	413030
brilliant	brilliant	1336393
bring	bring	10016090
bringing	bringing	2872958
brings	brings	2219513
Britain	britain	3893888
British	british	10020729
broad	broad	3927002
broadcast	broadcast	880123
broadcasting	broadcasting	569772
broader	broader	1739543
broadly	broadly	1016370
broke	broke	3418951
broken	broken	4629990
broker	broker	494751
bronze	bronze	787002
brother	brother	8135128
brothers	brothers	2992870
brought	brought	12033548
brow	brow	972204
brown	brown	6690117
brows	brows	449684
browser	browser	529566
brush	brush	1304672
brushed	brushed	915047
brushing	brushing	417561
brutal	brutal	603125
bubble	bubble	718734
bubbles	bubbles	457345
buck	buck	636248
bucket	bucket	611474
bud	bud	453038
Buddha	buddha	585247
Buddhism	buddhism	564179
Buddhist	buddhist	767377
buddy	buddy	559487
budget	budget	3146814
budgets	budgets	450628
buffalo	buffalo	591634
buffer	buffer	718552
build	build	4971215
building	building	11810437
buildings	buildings	3147963
builds	builds	536726
built	built	6520854
bulk	bulk	1336602
bull	bull	1288554
bullet	bullet	937657
bulletin	bulletin	905675
bullets	bullets	555737
bullying	bullying	464575
bunch	bunch	1018590
bundle	bundle	741503
burden	burden	1989034
bureau	bureau	1814675
bureaucracy	bureaucracy	484101
bureaucratic	bureaucratic	475939
burial	burial	696006
buried	buried	1979256
burn	burn	1568018
burned	burned	1785232
burning	burning	2380495
burns	burns	923965
burnt	burnt	723673
burst	burst	1838275
bury	bury	470067
bus	bus	2466125
buses	buses	481196
bush	bush	1825838
bushes	bushes	539811
business	business	21561233
businesses	businesses	2040167
busy	busy	2897833
but	but	249344088
butler	butler	949437
butt	butt	644286
butter	butter	1664088
button	button	2761651
buttons	buttons	786400
buy	buy	4366230
buyer	buyer	900296
buyers	buyers	575819
buying	buying	1503973
by	by	310392777
bye	bye	708595
bypass	bypass	419442
ca	ca	962270
cab	cab	695011
cabin	cabin	1424395
cabinet	cabinet	1318143
cable	cable	1269886
café	cafe	770417
cage	cage	823146
cake	cake	1342684
cakes	cakes	441803
cal	cal	842321
calcium	calcium	1382434
calculate	calculate	1649953
calculated	calculated	2699485
calculating	calculating	721582
calculation	calculation	1534862
calculations	calculations	1331328
calendar	calendar	1121731
calibration	calibration	469062
California	california	4243072
call	call	15271809
called	called	26150323
calling	calling	3430605
calls	calls	4221480
calm	calm	2632111
calmly	calmly	634183
calories	calories	594442
came	came	29056923
camera	camera	2684244
cameras	cameras	799169
camp	camp	3564084
campaign	campaign	3318313
campaigns	campaigns	942035
camps	camps	895915
campus	campus	1293545
can	can	170174349
Canada	canada	3981061
Canadian	canadian	2184973
canal	canal	1204035
cancer	cancer	6108002
cancers	cancers	446279
candidate	candidate	1692191
candidates	candidates	1531319
candle	candle	665912
candles	candles	550679
candy	candy	675167
cane	cane	545647
cannon	cannon	539900
canon	canon	600195
canonical	canonical	443203
canvas	canvas	725711
canyon	canyon	610339
cap	cap	1543784
capabilities	capabilities	1529477
capability	capability	1216346
capable	capable	3170257
capacities	capacities	727925
capacity	capacity	6069865
cape	cape	1107915
capillary	capillary	422215
capita	capita	620814
capital	capital	8361104
capitalism	capitalism	1406775
capitalist	capitalist	929740
captain	captain	4360494
captive	captive	483245
capture	capture	2132707
captured	captured	1817557
capturing	capturing	442120
car	car	11109351
carbohydrate	carbohydrate	416625
carbon	carbon	3497968
carcinoma	carcinoma	835422
card	card	3105773
cardiac	cardiac	1621101
cardinal	cardinal	648845
cardiovascular	cardiovascular	898406
cards	cards	2002794
care	care	19575455
cared	cared	1171587
career	career	4440393
careers	careers	686145
careful	careful	3271520
carefully	carefully	4215063
cares	cares	572837
cargo	cargo	816790
Caribbean	caribbean	873264
caring	caring	1208491
carpenter	carpenter	468066
carpet	carpet	766926
carriage	carriage	1169915
carried	carried	6733254
carrier	carrier	1401896
carriers	carriers	762021
carries	carries	1041149
carry	carry	4830095
carrying	carrying	3187081
cars	cars	2341106
cart	cart	737152
carved	carved	793229
case	case	32731944
cases	cases	13308830
cash	cash	4063353
cast	cast	3333373
caste	caste	483609
casting	casting	825356
castle	castle	1931048
casual	casual	883679
casually	casually	500033
casualties	casualties	510031
cat	cat	2568871
catalogue	catalogue	586678
catalyst	catalyst	711000
catch	catch	3374893
catching	catching	918366
categories	categories	3166324
category	category	3247017
cathedral	cathedral	738418
catheter	catheter	567642
Catholic	catholic	2734947
Catholics	catholics	592632
cats	cats	970612
cattle	cattle	1466526
caught	caught	5950254
causal	causal	1122279
cause	cause	11040478
caused	caused	6060434
causes	causes	4690048
causing	causing	2336840
caution	caution	938819
cautious	cautious	595224
cautiously	cautiously	496090
cavalry	cavalry	739054
cave	cave	1399508
cavity	cavity	842264
cease	cease	730704
ceased	ceased	894717
ceiling	ceiling	1517864
celebrate	celebrate	826743
celebrated	celebrated	1002780
celebration	celebration	841054
celebrity	celebrity	477985
cell	cell	11556870
cells	cells	10184688
cellular	cellular	1293566
cement	cement	768063
cemetery	cemetery	744200
census	census	1112303
cent	cent	4229010
center	center	9820705
centered	centered	1169892
centers	centers	1905054
central	central	10564399
centralized	centralized	440869
centre	centre	4353475
centred	centred	482457
centres	centres	859377
cents	cents	437521
centuries	centuries	2428630
century	century	14082349
ceramic	ceramic	457442
cerebral	cerebral	943046
ceremonies	ceremonies	465654
ceremony	ceremony	1137172
certain	certain	15375800
certainly	certainly	6973335
certainty	certainty	1007879
certificate	certificate	1195074
certificates	certificates	420930
certification	certification	920275
certified	certified	710330
cervical	cervical	703945
chain	chain	3905864
chains	chains	1375173
chair	chair	5682117
chairman	chairman	1262984
chairs	chairs	1269244
challenge	challenge	4809477
challenged	challenged	1237427
challenges	challenges	4090337
challenging	challenging	1747787
chamber	chamber	2276950
chambers	chambers	847678
champagne	champagne	584932
champion	champion	624850
chance	chance	6847915
chancellor	chancellor	482204
chances	chances	1245530
change	change	24958302
changed	changed	7031802
changes	changes	12920000
changing	changing	4746474
channel	channel	3177684
channels	channels	1794160
chaos	chaos	1114821
chaotic	chaotic	448189
chap	chap	855989
chapel	chapel	996643
chapter	chapter	27883302
chapters	chapters	2837160
character	character	7061616
characteristic	characteristic	2632337
characteristics	characteristics	5277659
characterization	characterization	1039536
characterize	characterize	601085
characterized	characterized	2458193
characters	characters	3135786
charge	charge	5419401
charged	charged	2398219
charges	charges	1984611
charging	charging	584269
charitable	charitable	529857
charity	charity	1121962
charm	charm	781111
charming	charming	837639
chart	chart	1671297
charter	charter	1140110
charts	charts	719794
chase	chase	1268596
chasing	chasing	496224
chat	chat	703507
cheap	cheap	1181107
cheaper	cheaper	475032
check	check	6116539
checked	checked	1985344
checking	checking	1431297
checks	checks	893736
cheek	cheek	2003166
cheeks	cheeks	1786027
cheer	cheer	456354
cheerful	cheerful	550930
cheese	cheese	1700982
chef	chef	466011
chemical	chemical	4354811
chemicals	chemicals	1068913
chemistry	chemistry	1709968
chemotherapy	chemotherapy	689568
cherry	cherry	575797
chest	chest	5429704
chi	chi	590076
chicken	chicken	1937353
chickens	chickens	418878
chief	chief	5343995
chiefly	chiefly	507079
chiefs	chiefs	564004
child	child	18004863
childhood	childhood	2960970
children	children	28560170
chile	chile	654818
chill	chill	731447
chin	chin	1822530
China	china	8346392
Chinese	chinese	6204261
chip	chip	808729
chips	chips	690349
chloride	chloride	607585
chocolate	chocolate	1459743
choice	choice	7997078
choices	choices	3113954
choked	choked	452082
cholesterol	cholesterol	721602
choose	choose	5352467
chooses	chooses	524891
choosing	choosing	1481843
chopped	chopped	1064427
chorus	chorus	567271
chose	chose	2177617
chosen	chosen	3627294
Christ	christ	7046974
Christian	christian	6738337
Christianity	christianity	1827263
Christians	christians	2035094
Christmas	christmas	2560073
chromosome	chromosome	606544
chronic	chronic	2854444
chronicle	chronicle	486221
chronicles	chronicles	521274
chuck	chuck	429897
chuckled	chuckled	902415
church	church	12791692
churches	churches	1835565
cigarette	cigarette	1158780
cigarettes	cigarettes	549093
cinema	cinema	1108716
cinnamon	cinnamon	413386
circle	circle	3398777
circles	circles	1462649
circuit	circuit	2360462
circuits	circuits	740023
circular	circular	1328763
circulating	circulating	475914
circulation	circulation	1417883
circumstance	circumstance	627991
circumstances	circumstances	5200894
citation	citation	417289
cited	cited	1992928
cities	cities	4157288
citing	citing	473846
citizen	citizen	1568328
citizens	citizens	3893191
citizenship	citizenship	1445392
city	city	18094934
civic	civic	950211
civil	civil	6731244
civilian	civilian	1055656
civilians	civilians	592077
civilization	civilization	1231075
clad	clad	451941
claim	claim	6083904
claimant	claimant	466967
claimed	claimed	2804221
claiming	claiming	960904
claims	claims	4753021
clan	clan	694385
clarify	clarify	686436
clarity	clarity	900232
clasped	clasped	413095
class	class	14291087
classes	classes	3882668
classic	classic	1853448
classical	classical	2737502
classification	classification	2636593
classified	classified	1470159
classroom	classroom	2244595
classrooms	classrooms	522292
clause	clause	1780558
clauses	clauses	687996
clay	clay	1625433
clean	clean	4260657
cleaned	cleaned	702210
cleaning	cleaning	1286125
clear	clear	13828318
clearance	clearance	648263
cleared	cleared	1580871
clearer	clearer	512169
clearing	clearing	1038942
clearly	clearly	8317727
clenched	clenched	684843
clergy	clergy	611997
clerk	clerk	979437
clever	clever	937488
click	click	4264556
clicked	clicked	445838
clicking	clicking	524479
client	client	4623985
clients	clients	2900915
cliff	cliff	817267
cliffs	cliffs	527963
climate	climate	4089250
climb	climb	1243963
climbed	climbed	1543292
climbing	climbing	930940
clinic	clinic	1003449
clinical	clinical	7059738
clinically	clinically	529820
clinicians	clinicians	463692
clip	clip	485403
cloak	cloak	604307
clock	clock	1711728
close	close	14832193
closed	closed	7605237
closely	closely	3464356
closer	closer	4819089
closes	closes	430252
closest	closest	1043804
closet	closet	777619
closing	closing	1954843
closure	closure	924861
cloth	cloth	1419314
clothes	clothes	4300311
clothing	clothing	2021510
cloud	cloud	2522023
clouds	clouds	1640508
club	club	3553821
clubs	clubs	947014
clue	clue	768666
clues	clues	538427
clung	clung	506719
cluster	cluster	1615688
clustering	clustering	531971
clusters	clusters	1035195
clutched	clutched	424787
clutching	clutching	416607
coach	coach	1639738
coaches	coaches	495098
coaching	coaching	709726
coal	coal	1801858
coalition	coalition	1044141
coarse	coarse	607405
coast	coast	3078382
coastal	coastal	1209780
coat	coat	2300075
coated	coated	589379
coating	coating	637350
coats	coats	416753
cocaine	cocaine	499713
cock	cock	1422230
coconut	coconut	543700
code	code	7085950
coded	coded	470826
codes	codes	1506432
coding	coding	901931
coefficient	coefficient	1563154
coefficients	coefficients	1052857
coffee	coffee	4449763
coffin	coffin	433007
cognition	cognition	954454
cognitive	cognitive	4111953
coherence	coherence	574035
coherent	coherent	821032
cohesion	cohesion	444377
cohort	cohort	591324
coil	coil	474654
coin	coin	743628
coincidence	coincidence	566221
coins	coins	677464
coke	coke	423075
cold	cold	8502277
collaboration	collaboration	1587374
collaborative	collaborative	1099938
collagen	collagen	425101
collapse	collapse	1397954
collapsed	collapsed	835841
collar	collar	1010556
collateral	collateral	576267
colleague	colleague	700167
colleagues	colleagues	3271815
collect	collect	1600611
collected	collected	2856084
collecting	collecting	1053632
collection	collection	5313541
collections	collections	1109552
collective	collective	3100694
collectively	collectively	612530
collector	collector	488481
college	college	7509108
colleges	colleges	882158
collision	collision	599181
colon	colon	520240
colonel	colonel	1762322
colonial	colonial	2655466
colonialism	colonialism	451097
colonies	colonies	1061443
colony	colony	1095625
color	color	5545457
colored	colored	1398590
colorful	colorful	421104
colors	colors	1556383
colour	colour	2034974
coloured	coloured	739808
colours	colours	719870
column	column	3007518
columns	columns	1444474
combat	combat	1560899
combination	combination	4034388
combinations	combinations	954971
combine	combine	1385002
combined	combined	3623238
combines	combines	493184
combining	combining	936633
combustion	combustion	577525
come	come	36866836
comedy	comedy	747964
comes	comes	8681530
comfort	comfort	2467527
comfortable	comfortable	2651328
comfortably	comfortably	423189
comforting	comforting	449251
comic	comic	711916
coming	coming	11270223
command	command	4856175
commanded	commanded	1074590
commander	commander	1910956
commanders	commanders	494330
commanding	commanding	559321
commands	commands	1075461
commenced	commenced	473960
comment	comment	2376660
commentary	commentary	1235301
commentators	commentators	448040
commented	commented	864634
comments	comments	2712472
commerce	commerce	1756431
commercial	commercial	4413745
commercially	commercially	418555
commission	commission	6285714
commissioned	commissioned	524757
commissioner	commissioner	1006064
commissions	commissions	417946
commit	commit	1174177
commitment	commitment	2841617
commitments	commitments	773833
committed	committed	2881616
committee	committee	6297011
committees	committees	850776
committing	committing	438794
commodities	commodities	658037
commodity	commodity	926721
common	common	16852202
commonly	commonly	3213534
commons	commons	749589
commonwealth	commonwealth	769257
communal	communal	700979
communicate	communicate	1715687
communicated	communicated	536108
communicating	communicating	714922
communication	communication	7644255
communications	communications	2452036
communicative	communicative	435919
communion	communion	519243
communism	communism	568491
communist	communist	1683683
communists	communists	457824
communities	communities	4973524
community	community	14918322
compact	compact	915525
companies	companies	6507183
companion	companion	1589196
companions	companions	792207
company	company	16149557
comparable	comparable	1193673
comparative	comparative	2073209
comparatively	comparatively	498155
compare	compare	2406472
compared	compared	6632104
compares	compares	417934
comparing	comparing	1386965
comparison	comparison	4356347
comparisons	comparisons	856957
compartment	compartment	530870
compass	compass	445588
compassion	compassion	1055663
compatible	compatible	789168
compelled	compelled	773973
compelling	compelling	798783
compensate	compensate	507215
compensation	compensation	2091055
compete	compete	860117
competence	competence	1195721
competencies	competencies	451014
competent	competent	924115
competing	competing	1116356
competition	competition	3602445
competitive	competitive	2150400
competitiveness	competitiveness	443665
competitors	competitors	717557
compiled	compiled	503190
complain	complain	648864
complained	complained	876516
complaining	complaining	452229
complaint	complaint	1125563
complaints	complaints	995262
complement	complement	778823
complementary	complementary	783983
complete	complete	8665748
completed	completed	3233056
completely	completely	6516804
completing	completing	685378
completion	completion	1322403
complex	complex	9017498
complexes	complexes	746930
complexity	complexity	2343430
compliance	compliance	2109192
complicated	complicated	2097023
complications	complications	1362077
comply	comply	1004873
component	component	3999964
components	components	4852134
composed	composed	2218837
composer	composer	441976
composite	composite	1166480
composites	composites	437895
composition	composition	2859329
compositions	compositions	425773
compound	compound	1658320
compounds	compounds	1940059
comprehend	comprehend	524995
comprehension	comprehension	744503
comprehensive	comprehensive	2500203
compressed	compressed	435590
compression	compression	1020294
comprise	comprise	467702
comprised	comprised	609250
comprises	comprises	550430
comprising	comprising	524646
compromise	compromise	1145135
compromised	compromised	480251
compulsory	compulsory	489708
computation	computation	787136
computational	computational	956560
compute	compute	811897
computed	computed	1048389
computer	computer	6690785
computers	computers	1512800
computing	computing	1467972
comrades	comrades	421555
con	con	1350653
conceal	conceal	470484
concealed	concealed	643581
conceive	conceive	498844
conceived	conceived	1056341
concentrate	concentrate	1092292
concentrated	concentrated	1329801
concentration	concentration	4008429
concentrations	concentrations	1673752
concept	concept	7306539
conception	conception	1674686
conceptions	conceptions	564642
concepts	concepts	4444529
conceptual	conceptual	1701091
concern	concern	4958292
concerned	concerned	5443436
concerning	concerning	3681459
concerns	concerns	4124341
concert	concert	807255
conclude	conclude	1457050
concluded	concluded	3037636
concludes	concludes	768294
concluding	concluding	597242
conclusion	conclusion	3876704
conclusions	conclusions	1921726
concrete	concrete	2869544
concurrent	concurrent	465779
condemned	condemned	739942
condition	condition	7405745
conditional	conditional	846768
conditioned	conditioned	528212
conditioning	conditioning	753920
conditions	conditions	12592559
conduct	conduct	4011128
conducted	conducted	3425972
conducting	conducting	1074306
conduction	conduction	475802
conductivity	conductivity	540203
conductor	conductor	489932
cone	cone	557515
confederate	confederate	523531
conference	conference	4715001
conferences	conferences	665988
confess	confess	690784
confessed	confessed	534605
confession	confession	775229
confidence	confidence	3733625
confident	confident	1444448
confidential	confidential	589688
confidentiality	confidentiality	464573
configuration	configuration	1818317
configurations	configurations	554422
confined	confined	1096510
confirm	confirm	1248240
confirmation	confirmation	769435
confirmed	confirmed	2221417
confirms	confirms	464024
conflict	conflict	5674452
conflicting	conflicting	651924
conflicts	conflicts	1784819
conform	conform	535315
conformity	conformity	463847
confront	confront	642301
confrontation	confrontation	593826
confronted	confronted	803467
confused	confused	1899676
confusing	confusing	549853
confusion	confusion	1998190
congenital	congenital	608116
congregation	congregation	762340
congressional	congressional	771664
conjunction	conjunction	843751
connect	connect	1643285
connected	connected	4142872
connecting	connecting	1055286
connection	connection	4988862
connections	connections	2363840
connectivity	connectivity	479588
connects	connects	487389
conquered	conquered	455598
conquest	conquest	730984
conscience	conscience	1185768
conscious	conscious	2454317
consciously	consciously	652620
consciousness	consciousness	3418330
consecutive	consecutive	528595
consensus	consensus	1463592
consent	consent	2071714
consequence	consequence	2416603
consequences	consequences	3957867
consequently	consequently	2339412
conservation	conservation	1941679
conservative	conservative	1977362
conservatives	conservatives	431312
consider	consider	9930653
considerable	considerable	3131097
considerably	considerably	1276979
consideration	consideration	3252143
considerations	considerations	2006907
considered	considered	12030538
considering	considering	3238186
considers	considers	1136315
consist	consist	966962
consisted	consisted	981474
consistency	consistency	1026388
consistent	consistent	3431164
consistently	consistently	1193816
consisting	consisting	1215218
consists	consists	2686599
console	console	484092
consolidated	consolidated	569562
consolidation	consolidation	604971
conspiracy	conspiracy	626343
constable	constable	413827
constant	constant	5366599
constantly	constantly	2229901
constants	constants	546345
constituent	constituent	499871
constituents	constituents	541893
constitute	constitute	1573800
constituted	constituted	989536
constitutes	constitutes	1121364
constitution	constitution	3099262
constitutional	constitutional	2205350
constitutive	constitutive	417310
constrained	constrained	667025
constraint	constraint	896767
constraints	constraints	1954332
construct	construct	1816920
constructed	constructed	2239564
constructing	constructing	697504
construction	construction	6104431
constructions	constructions	558115
constructive	constructive	634882
constructs	constructs	563069
consult	consult	735861
consultant	consultant	621142
consultants	consultants	426437
consultation	consultation	972811
consulted	consulted	496678
consulting	consulting	768038
consume	consume	618232
consumed	consumed	1063996
consumer	consumer	3130551
consumers	consumers	2111041
consuming	consuming	776211
consumption	consumption	3451138
contact	contact	7576530
contacted	contacted	697141
contacting	contacting	459475
contacts	contacts	1181652
contain	contain	3459534
contained	contained	3180192
container	container	1128995
containers	containers	600756
containing	containing	3326822
contains	contains	4147315
contaminated	contaminated	531075
contamination	contamination	658066
contemporary	contemporary	4258135
contempt	contempt	667490
content	content	10760420
contention	contention	453263
contents	contents	3153361
contest	contest	795132
contested	contested	529057
context	context	9176486
contexts	contexts	1909995
contextual	contextual	558109
continent	continent	950718
continental	continental	895113
contingency	contingency	493853
contingent	contingent	747842
continual	continual	425232
continually	continually	1024983
continuation	continuation	535685
continue	continue	6804914
continued	continued	10282160
continues	continues	2742652
continuing	continuing	2119968
continuity	continuity	1113752
continuous	continuous	3179451
continuously	continuously	935901
continuum	continuum	750784
contract	contract	5226766
contracted	contracted	477203
contracting	contracting	712969
contraction	contraction	605244
contractor	contractor	843465
contractors	contractors	512130
contracts	contracts	2056206
contractual	contractual	513194
contradiction	contradiction	639173
contradictions	contradictions	470090
contradictory	contradictory	588206
contrary	contrary	2424083
contrast	contrast	5743309
contrasting	contrasting	423911
contrasts	contrasts	451642
contribute	contribute	2529183
contributed	contributed	1680668
contributes	contributes	762668
contributing	contributing	897990
contribution	contribution	2830884
contributions	contributions	2258918
contributors	contributors	524798
control	control	22768687
controlled	controlled	3818460
controller	controller	890316
controlling	controlling	1500781
controls	controls	2456042
controversial	controversial	936490
controversy	controversy	970120
convenience	convenience	668653
convenient	convenient	1067875
convention	convention	3007785
conventional	conventional	2557066
conventions	conventions	930374
convergence	convergence	919563
conversation	conversation	5090776
conversations	conversations	1383412
conversely	conversely	686920
conversion	conversion	1976392
convert	convert	946165
converted	converted	1297431
converting	converting	433507
convey	convey	862319
conveyed	conveyed	530382
convicted	convicted	654015
conviction	conviction	1301996
convictions	convictions	456012
convince	convince	1154177
convinced	convinced	2037411
convincing	convincing	728011
cook	cook	2833685
cooked	cooked	1027914
cookies	cookies	554240
cooking	cooking	1787993
cool	cool	3369394
cooled	cooled	428206
cooling	cooling	1051640
cooperate	cooperate	494095
cooperation	cooperation	2529155
cooperative	cooperative	1140241
coordinate	coordinate	1042211
coordinated	coordinated	617928
coordinates	coordinates	862770
coordination	coordination	1351557
cop	cop	693256
cope	cope	940006
copied	copied	2403401
copies	copies	1451851
coping	coping	825553
copper	copper	1515382
cops	cops	633295
copy	copy	3051783
copyright	copyright	4749267
coral	coral	451621
cord	cord	1301064
core	core	4728181
Corinthians	corinthians	515008
corn	corn	1367156
corner	corner	4820384
corners	corners	1013154
coronary	coronary	841749
corporate	corporate	3573561
corporation	corporation	2883498
corporations	corporations	1334729
corps	corps	1450415
corpse	corpse	585321
corpus	corpus	892234
correct	correct	5029543
corrected	corrected	808500
correction	correction	957937
corrections	corrections	467279
correctly	correctly	1362323
correlated	correlated	805838
correlation	correlation	2036956
correlations	correlations	565336
correspond	correspond	847164
correspondence	correspondence	1320750
corresponding	corresponding	3252070
corresponds	corresponds	1074497
corridor	corridor	1062501
corrosion	corrosion	561365
corrupt	corrupt	603740
corruption	corruption	1428955
cortex	cortex	1049165
cortical	cortical	541688
cosmic	cosmic	569977
cost	cost	11242974
costly	costly	711787
costs	costs	7275280
costume	costume	507822
cottage	cottage	955260
cotton	cotton	1637154
couch	couch	1285563
cough	cough	570204
could	could	103325179
council	council	6409792
councils	councils	458768
counsel	counsel	1463189
counseling	counseling	1071938
counselor	counselor	519242
count	count	3500129
counted	counted	1024782
countenance	countenance	444412
counter	counter	3070056
counterpart	counterpart	429775
counterparts	counterparts	643501
counties	counties	582618
counting	counting	1009417
countless	countless	709509
countries	countries	11245774
country	country	16008239
countryside	countryside	731871
counts	counts	968368
county	county	4250158
coup	coup	473829
couple	couple	6368998
coupled	coupled	1153255
couples	couples	1017716
coupling	coupling	863929
courage	courage	1814972
course	course	20622573
courses	courses	1767509
court	court	15272646
courtesy	courtesy	1361154
courts	courts	3213908
courtyard	courtyard	677899
cousin	cousin	1550741
cousins	cousins	538937
covenant	covenant	1163508
cover	cover	6153900
coverage	coverage	2130621
covered	covered	6087782
covering	covering	1815060
covers	covers	1597628
cow	cow	809329
cowboy	cowboy	446475
cows	cows	578978
crack	crack	1457783
cracked	cracked	769578
cracking	cracking	464543
cracks	cracks	543599
craft	craft	1179122
crap	crap	458457
crash	crash	1024016
crashed	crashed	486353
crawl	crawl	416662
crawled	crawled	498170
crazy	crazy	2194891
cream	cream	2089744
create	create	9251538
created	created	7955495
creates	creates	1921151
creating	creating	4601214
creation	creation	4461305
creative	creative	3017731
creativity	creativity	1273487
creator	creator	858136
creature	creature	1712255
creatures	creatures	1468619
credibility	credibility	672418
credible	credible	417208
credit	credit	5025844
creditors	creditors	492991
credits	credits	664048
creek	creek	1415685
creep	creep	464308
crept	crept	588388
crest	crest	449800
crew	crew	2118259
cricket	cricket	443652
cried	cried	3318011
cries	cries	768161
crime	crime	5012302
crimes	crimes	1794484
criminal	criminal	4339120
criminals	criminals	619874
crises	crises	679466
crisis	crisis	4554925
crisp	crisp	526370
criteria	criteria	3445172
criterion	criterion	1174862
critic	critic	636997
critical	critical	8597197
critically	critically	745434
criticism	criticism	2229662
criticisms	criticisms	429726
criticized	criticized	608728
critics	critics	1486923
critique	critique	1553829
crop	crop	1419265
crops	crops	1258850
cross	cross	8380356
crossed	crossed	2540894
crosses	crosses	532074
crossing	crossing	1558572
crow	crow	516105
crowd	crowd	3251446
crowded	crowded	994795
crowds	crowds	651162
crown	crown	1901576
crucial	crucial	2500787
crude	crude	779217
cruel	cruel	1044755
cruelty	cruelty	458468
cruise	cruise	486918
crush	crush	536783
crushed	crushed	832050
crust	crust	477017
cry	cry	2781775
crying	crying	1807644
crystal	crystal	1837430
crystals	crystals	700456
Cuban	cuban	491820
cubic	cubic	434645
cue	cue	498131
cues	cues	603681
cult	cult	717082
cultivated	cultivated	614002
cultivation	cultivation	743720
cultural	cultural	10477393
culturally	culturally	758987
culture	culture	11739097
cultures	cultures	2593241
cum	cum	472475
cumulative	cumulative	753532
cup	cup	4553955
cups	cups	1343482
curb	curb	413194
cure	cure	1033983
curiosity	curiosity	1206230
curious	curious	1807275
curiously	curiously	472820
curled	curled	781447
curls	curls	420223
currency	currency	1537323
current	current	12334049
currently	currently	3335572
currents	currents	747775
curriculum	curriculum	1814230
curse	curse	926885
cursed	cursed	633528
curtain	curtain	759564
curtains	curtains	628306
curve	curve	2860778
curved	curved	723514
curves	curves	1364396
custody	custody	796719
custom	custom	1539190
customary	customary	734757
customer	customer	3486797
customers	customers	3390149
customs	customs	1438919
cut	cut	8794055
cute	cute	580919
cuts	cuts	1124281
cutting	cutting	2209139
cyber	cyber	448110
cycle	cycle	3887735
cycles	cycles	1173925
cyclic	cyclic	498193
cylinder	cylinder	719170
Czech	czech	668320
da	da	1706920
dad	dad	5336847
daddy	daddy	1256681
daily	daily	6601846
dairy	dairy	647409
daisy	daisy	590996
dam	dam	717118
damage	damage	4387286
damaged	damaged	1152801
damages	damages	1146038
damaging	damaging	459565
dame	dame	477794
damn	damn	2419234
damned	damned	848257
damp	damp	824657
dan	dan	1886609
dance	dance	3383094
danced	danced	663126
dancers	dancers	419003
dancing	dancing	1597527
danger	danger	3273193
dangerous	dangerous	3325398
dangers	dangers	793748
dare	dare	1500677
dared	dared	701608
daring	daring	516272
dark	dark	10506146
darkened	darkened	481369
darker	darker	586652
darkness	darkness	3178099
darling	darling	956913
dash	dash	500476
dashed	dashed	627308
dat	dat	432884
data	data	29180417
database	database	2624075
databases	databases	680515
dataset	dataset	515521
date	date	7963215
dated	dated	1224156
dates	dates	1463768
dating	dating	1185848
daughter	daughter	6295514
daughters	daughters	1382503
dawn	dawn	1527830
day	day	41391222
daylight	daylight	677386
days	days	19576905
dead	dead	9726105
deadline	deadline	442164
deadly	deadly	837181
deaf	deaf	650005
deal	deal	7952789
dealer	dealer	578319
dealers	dealers	412912
dealing	dealing	2641322
deals	deals	1117432
dealt	dealt	1249683
dean	dean	1137342
dear	dear	4403678
death	death	16335420
deaths	deaths	1340025
debate	debate	3089170
debated	debated	420642
debates	debates	1167496
debris	debris	622348
debt	debt	3410594
debtor	debtor	520703
debts	debts	683955
decade	decade	2169479
decades	decades	3087972
decay	decay	888222
deceased	deceased	672988
December	december	5298301
decent	decent	945242
deception	deception	534348
decide	decide	3300881
decided	decided	7384534
decides	decides	634635
deciding	deciding	939717
decision	decision	11026767
decisions	decisions	5369224
decisive	decisive	742931
deck	deck	1645297
declaration	declaration	1637663
declare	declare	830807
declared	declared	2553247
declares	declares	462862
declaring	declaring	450423
decline	decline	2318010
declined	declined	997388
declining	declining	588783
decomposition	decomposition	645689
decorated	decorated	691340
decrease	decrease	2556701
decreased	decreased	1881194
decreases	decreases	1201803
decreasing	decreasing	811895
decree	decree	657986
dedicated	dedicated	1696287
dedication	dedication	541257
deduction	deduction	572928
deed	deed	687083
deeds	deeds	784243
deemed	deemed	1685492
deep	deep	10612775
deeper	deeper	2286821
deepest	deepest	496751
deeply	deeply	2960196
deer	deer	867198
default	default	1855483
defeat	defeat	1418631
defeated	defeated	903300
defect	defect	900860
defective	defective	424908
defects	defects	1104262
defence	defence	1985501
defend	defend	1434827
defendant	defendant	2036399
defendants	defendants	571064
defended	defended	584566
defending	defending	585832
defense	defense	3750168
defenses	defenses	424980
defensive	defensive	921569
deficiencies	deficiencies	430782
deficiency	deficiency	1149467
deficient	deficient	468013
deficit	deficit	942428
deficits	deficits	634677
define	define	3254350
defined	defined	8094520
defines	defines	1223849
defining	defining	1645080
definite	definite	1010907
definitely	definitely	2212969
definition	definition	5532627
definitions	definitions	1724093
definitive	definitive	572933
deformation	deformation	684426
degradation	degradation	1083228
degree	degree	7133819
degrees	degrees	2498953
deity	deity	448329
delay	delay	2072250
delayed	delayed	1110762
delays	delays	536505
delegates	delegates	446110
delegation	delegation	520367
delete	delete	504161
deliberate	deliberate	821556
deliberately	deliberately	1115753
delicate	delicate	1145872
delicious	delicious	917357
delight	delight	1248168
delighted	delighted	821176
delightful	delightful	501545
deliver	deliver	1918469
delivered	delivered	2470969
delivering	delivering	699298
delivery	delivery	3143066
delta	delta	764318
dem	dem	558596
demand	demand	5540366
demanded	demanded	2039118
demanding	demanding	1054358
demands	demands	2805090
dementia	dementia	672468
democracy	democracy	3177461
democratic	democratic	3424456
democrats	democrats	687409
demographic	demographic	784504
demon	demon	858373
demons	demons	723189
demonstrate	demonstrate	2493690
demonstrated	demonstrated	2964720
demonstrates	demonstrates	1239964
demonstrating	demonstrating	727827
demonstration	demonstration	959518
demonstrations	demonstrations	448191
den	den	1551486
denial	denial	973541
denied	denied	1636065
Denmark	denmark	742959
denote	denote	731191
denoted	denoted	506130
denotes	denotes	594209
dense	dense	1052481
density	density	3440131
dental	dental	802051
deny	deny	1518195
denying	denying	591205
depart	depart	492453
departed	departed	723287
department	department	9472927
departments	departments	1220838
departure	departure	1302824
depend	depend	2145883
depended	depended	667112
dependence	dependence	1559759
dependency	dependency	658922
dependent	dependent	3925347
depending	depending	3102497
depends	depends	3284186
depicted	depicted	1007030
depicts	depicts	421639
deployed	deployed	699200
deployment	deployment	752290
deposit	deposit	986867
deposited	deposited	694859
deposition	deposition	860493
deposits	deposits	1042788
depreciation	depreciation	596847
depressed	depressed	838892
depression	depression	3049179
deprivation	deprivation	452094
deprived	deprived	570828
depth	depth	3124270
depths	depths	865761
deputy	deputy	1084696
derivative	derivative	802417
derivatives	derivatives	857483
derive	derive	834259
derived	derived	3406769
derives	derives	442550
descendants	descendants	618859
descended	descended	754321
descending	descending	547382
descent	descent	871173
describe	describe	4821865
described	described	10061263
describes	describes	2875643
describing	describing	1615656
description	description	4860067
descriptions	descriptions	1215872
descriptive	descriptive	823603
desert	desert	1844706
deserted	deserted	639038
deserve	deserve	1066702
deserved	deserved	728784
deserves	deserves	557270
design	design	12051501
designated	designated	1473809
designation	designation	506605
designed	designed	5398781
designer	designer	929677
designers	designers	616107
designing	designing	911646
designs	designs	1597708
desirable	desirable	1215662
desire	desire	5977468
desired	desired	2810742
desires	desires	1502702
desk	desk	3352059
desktop	desktop	415893
despair	despair	1049184
desperate	desperate	1450390
desperately	desperately	892065
despite	despite	7726483
destination	destination	1408046
destined	destined	551774
destiny	destiny	969212
destroy	destroy	1800748
destroyed	destroyed	2154227
destroying	destroying	572864
destruction	destruction	2307175
destructive	destructive	811746
detached	detached	521195
detachment	detachment	443594
detail	detail	3978352
detailed	detailed	3531986
details	details	5001579
detect	detect	1270770
detected	detected	1446839
detecting	detecting	451510
detection	detection	2448041
detective	detective	1306172
detector	detector	558814
detention	detention	553784
deterioration	deterioration	423155
determinants	determinants	508862
determination	determination	3034822
determine	determine	6240494
determined	determined	6598210
determines	determines	1191344
determining	determining	2223424
devastating	devastating	504723
develop	develop	6609381
developed	developed	9410019
developer	developer	433778
developers	developers	584192
developing	developing	5414591
development	development	24673030
developmental	developmental	1850855
developments	developments	2020907
develops	develops	945817
deviation	deviation	1096052
deviations	deviations	445506
device	device	3816461
devices	devices	3350878
devil	devil	1803957
devised	devised	463228
devoted	devoted	1549898
devotion	devotion	722706
diabetes	diabetes	1658978
diabetic	diabetic	411542
diagnosed	diagnosed	784542
diagnosis	diagnosis	3328593
diagnostic	diagnostic	1663170
diagonal	diagonal	419933
diagram	diagram	1606211
diagrams	diagrams	557146
dial	dial	418570
dialog	dialog	903559
dialogue	dialogue	2011459
diameter	diameter	1750489
diamond	diamond	1135796
diamonds	diamonds	456003
diarrhea	diarrhea	493650
diary	diary	1108204
dick	dick	1287155
dictionary	dictionary	1058729
did	did	94865537
die	die	7599018
died	died	6650853
dies	dies	783128
diesel	diesel	412487
diet	diet	2140121
dietary	dietary	881812
differ	differ	1769409
difference	difference	8575048
differences	differences	6715442
different	different	36660808
differential	differential	1881561
differentiate	differentiate	586481
differentiated	differentiated	620742
differentiation	differentiation	1201878
differently	differently	1618795
differing	differing	583972
differs	differs	748323
difficult	difficult	10163869
difficulties	difficulties	2451685
difficulty	difficulty	2949130
diffuse	diffuse	625825
diffusion	diffusion	1433420
dig	dig	825770
digging	digging	662070
digital	digital	3872727
dignity	dignity	1236039
dilemma	dilemma	778361
dim	dim	828858
dimension	dimension	2262122
dimensional	dimensional	1992697
dimensions	dimensions	2513560
diminished	diminished	703297
dining	dining	1386457
dinner	dinner	4477306
dioxide	dioxide	794881
dip	dip	479781
diplomacy	diplomacy	570102
diplomatic	diplomatic	881945
dipped	dipped	418030
direct	direct	8468248
directed	directed	3202039
directing	directing	523359
direction	direction	7711154
directions	directions	2600435
directive	directive	984552
directly	directly	7833716
director	director	4389865
directors	directors	1491784
directory	directory	754093
dirt	dirt	1321561
dirty	dirty	1538096
dis	dis	892478
disabilities	disabilities	1170493
disability	disability	1699154
disabled	disabled	880252
disadvantage	disadvantage	584078
disadvantages	disadvantages	562505
disagree	disagree	595353
disagreement	disagreement	510536
disappear	disappear	995720
disappearance	disappearance	480435
disappeared	disappeared	2203398
disappointed	disappointed	1013273
disappointment	disappointment	884682
disaster	disaster	1795105
disasters	disasters	563548
disbelief	disbelief	518578
disc	disc	653730
discarded	discarded	474385
discern	discern	411313
discharge	discharge	1495757
discharged	discharged	504500
disciples	disciples	1223464
disciplinary	disciplinary	635523
discipline	discipline	2228648
disciplines	disciplines	876565
disclose	disclose	495600
disclosed	disclosed	443466
disclosure	disclosure	1190511
discomfort	discomfort	696363
discount	discount	757840
discourse	discourse	3138999
discourses	discourses	856591
discover	discover	2011614
discovered	discovered	3763052
discoveries	discoveries	498059
discovering	discovering	566189
discovery	discovery	2495331
discrete	discrete	1103282
discretion	discretion	889877
discrimination	discrimination	2080235
discursive	discursive	470022
discuss	discuss	4150241
discussed	discussed	6603155
discusses	discusses	825907
discussing	discussing	1330551
discussion	discussion	7319671
discussions	discussions	1946350
disease	disease	10285645
diseases	diseases	2816343
disguise	disguise	455002
disgust	disgust	600584
dish	dish	1063598
dishes	dishes	1054070
disk	disk	935276
dislike	dislike	426946
dismiss	dismiss	473298
dismissal	dismissal	426136
dismissed	dismissed	1011806
disorder	disorder	3099741
disorders	disorders	3145055
dispersed	dispersed	562121
dispersion	dispersion	591034
displaced	displaced	614983
displacement	displacement	1163863
display	display	3509289
displayed	displayed	1651479
displaying	displaying	510912
displays	displays	1259161
disposal	disposal	990655
disposed	disposed	554584
disposition	disposition	899107
dispute	dispute	1479044
disputes	disputes	959059
disruption	disruption	620122
dissemination	dissemination	413677
dissertation	dissertation	616046
dissolution	dissolution	569542
dissolved	dissolved	784606
distal	distal	759955
distance	distance	7682683
distances	distances	880440
distant	distant	2147505
distinct	distinct	3118555
distinction	distinction	2641384
distinctions	distinctions	623846
distinctive	distinctive	1222706
distinctly	distinctly	567769
distinguish	distinguish	1606313
distinguished	distinguished	1618399
distinguishes	distinguishes	412201
distinguishing	distinguishing	532906
distorted	distorted	497469
distortion	distortion	487559
distracted	distracted	645177
distraction	distraction	503878
distress	distress	1385168
distribute	distribute	483164
distributed	distributed	2413941
distribution	distribution	7483885
distributions	distributions	1000834
district	district	3936751
districts	districts	992350
disturbance	disturbance	709783
disturbances	disturbances	529492
disturbed	disturbed	859328
disturbing	disturbing	623468
dive	dive	468396
diverse	diverse	2203977
diversity	diversity	2856968
divide	divide	1387994
divided	divided	3165521
dividend	dividend	466102
dividends	dividends	507314
dividing	dividing	647691
divine	divine	3491697
division	division	4616498
divisions	divisions	1151891
divorce	divorce	1401878
divorced	divorced	482779
do	do	145520937
doc	doc	859025
dock	dock	610122
doctor	doctor	5225561
doctoral	doctoral	454312
doctors	doctors	1776589
doctrine	doctrine	2219670
doctrines	doctrines	481607
document	document	3754819
documentary	documentary	682287
documentation	documentation	1182852
documented	documented	1099560
documents	documents	3484337
does	does	41079841
dog	dog	4923750
dogs	dogs	2642615
doing	doing	14992796
doll	doll	550320
dollar	dollar	1538956
dollars	dollars	2682843
domain	domain	3382386
domains	domains	1156467
dome	dome	484523
domestic	domestic	4757324
dominance	dominance	799416
dominant	dominant	2518909
dominate	dominate	597300
dominated	dominated	1460570
domination	domination	628694
don	don	1754846
done	done	18512641
donna	donna	430306
donor	donor	903287
donors	donors	560538
door	door	20119838
doors	doors	2980480
doorway	doorway	1287762
dorsal	dorsal	545209
dosage	dosage	448608
dose	dose	2582626
doses	doses	908280
dot	dot	597600
dots	dots	444151
dotted	dotted	421986
double	double	5036435
doubled	doubled	562676
doubt	doubt	5716897
doubted	doubted	581950
doubtful	doubtful	483140
doubtless	doubtless	451024
doubts	doubts	862588
dough	dough	652129
dove	dove	449894
down	down	54869135
download	download	513656
downstairs	downstairs	937506
downstream	downstream	554306
downtown	downtown	764341
downward	downward	813298
dozen	dozen	1809339
dozens	dozens	700035
draft	draft	1594607
drag	drag	1297776
dragged	dragged	1201720
dragging	dragging	607499
dragon	dragon	1212949
drain	drain	874405
drainage	drainage	703347
drained	drained	650485
drama	drama	1565457
dramatic	dramatic	1850958
dramatically	dramatically	942781
drank	drank	975368
draw	draw	3900397
drawer	drawer	648278
drawing	drawing	3715375
drawings	drawings	781354
drawn	drawn	3932551
draws	draws	1075831
dread	dread	610909
dreadful	dreadful	611429
dream	dream	4264343
dreamed	dreamed	643064
dreaming	dreaming	605029
dreams	dreams	2586079
dress	dress	3609211
dressed	dressed	2832127
dresses	dresses	493188
dressing	dressing	1216826
drew	drew	3774145
dried	dried	1495547
drift	drift	786344
drifted	drifted	683796
drill	drill	609788
drilling	drilling	442239
drink	drink	4505407
drinking	drinking	2591513
drinks	drinks	1164335
dripping	dripping	426662
drive	drive	5791088
driven	driven	3282537
driver	driver	2809482
drivers	drivers	1061611
drives	drives	984104
driveway	driveway	581945
driving	driving	3350424
drop	drop	3620055
dropped	dropped	4093159
dropping	dropping	981772
drops	drops	1095186
drought	drought	553072
drove	drove	2714820
drowned	drowned	454688
drug	drug	6446780
drugs	drugs	4010888
drum	drum	609800
drunk	drunk	1380835
dry	dry	4376987
drying	drying	661230
dual	dual	1328499
duck	duck	610207
duct	duct	500266
due	due	15302930
dug	dug	861668
duke	duke	2055508
dull	dull	994710
dumb	dumb	583377
duplicated	duplicated	2023729
duration	duration	2049822
during	during	33699234
dust	dust	2277862
dusty	dusty	539680
Dutch	dutch	1851015
duties	duties	2261564
duty	duty	4327519
dwell	dwell	629594
dwelling	dwelling	701355
dye	dye	462027
dying	dying	2049186
dynamic	dynamic	3424888
dynamics	dynamics	2562498
dynasty	dynasty	651444
dysfunction	dysfunction	879523
each	each	48926045
eager	eager	1338320
eagerly	eagerly	568752
eagle	eagle	720600
ear	ear	3230726
earl	earl	1136923
earlier	earlier	8771975
earliest	earliest	1294693
early	early	21120938
earn	earn	1067387
earned	earned	1431907
earnest	earnest	578571
earning	earning	524678
earnings	earnings	1228020
ears	ears	2719219
earth	earth	9969793
earthly	earthly	560067
earthquake	earthquake	732395
ease	ease	1969440
eased	eased	598590
easier	easier	3206368
easily	easily	6562122
east	east	8269192
Easter	easter	478652
eastern	eastern	3505947
easy	easy	8057139
eat	eat	5358384
eaten	eaten	1125740
eating	eating	3434946
echo	echo	900796
echoed	echoed	812894
echoes	echoes	514594
ecological	ecological	1405529
ecology	ecology	1031519
economic	economic	16105593
economically	economically	670877
economics	economics	2615183
economies	economies	1415665
economist	economist	453563
economists	economists	597011
economy	economy	6262803
ecosystem	ecosystem	769375
ecosystems	ecosystems	548131
edema	edema	484804
edge	edge	5639167
edged	edged	430126
edges	edges	1582127
edit	edit	653653
edited	edited	2783176
editing	editing	790121
edition	edition	3490339
editions	editions	653227
editor	editor	2686633
editorial	editorial	1354083
editors	editors	1403513
educated	educated	1342999
education	education	16511466
educational	educational	4405075
educators	educators	766720
effect	effect	15280941
effective	effective	9040935
effectively	effectively	2924063
effectiveness	effectiveness	2297671
effects	effects	12356470
efficacy	efficacy	1368221
efficiency	efficiency	3347010
efficient	efficient	2796325
efficiently	efficiently	728725
effort	effort	5740540
efforts	efforts	5494530
egg	egg	1586295
eggs	eggs	1915604
ego	ego	1098846
Egypt	egypt	2384857
Egyptian	egyptian	1095609
eh	eh	589856
eight	eight	5749720
eighteen	eighteen	1166599
eighteenth	eighteenth	1411875
eighth	eighth	843333
eighty	eighty	796027
either	either	17373415
elaborate	elaborate	1042862
elastic	elastic	906259
elasticity	elasticity	419205
elbow	elbow	987888
elbows	elbows	457784
elder	elder	1046869
elderly	elderly	1548711
elders	elders	760498
eldest	eldest	423839
elect	elect	467189
elected	elected	1698562
election	election	2882428
elections	elections	1626060
electoral	electoral	889310
electric	electric	2658232
electrical	electrical	2122240
electricity	electricity	1693730
electrode	electrode	684881
electrodes	electrodes	443779
electromagnetic	electromagnetic	546332
electron	electron	2263917
electronic	electronic	5213260
electronics	electronics	620656
electrons	electrons	1101878
elegant	elegant	846702
element	element	4828026
elementary	elementary	1162440
elements	elements	7597647
elephant	elephant	535659
elevated	elevated	1302168
elevation	elevation	845297
elevator	elevator	810648
eleven	eleven	1451156
eligibility	eligibility	483894
eligible	eligible	1076538
eliminate	eliminate	1204862
eliminated	eliminated	778972
eliminating	eliminating	499898
elimination	elimination	791972
elite	elite	1469437
elites	elites	664004
else	else	12307282
elsewhere	elsewhere	2387305
email	email	1529742
embarrassed	embarrassed	853791
embarrassing	embarrassing	415513
embarrassment	embarrassment	603578
embassy	embassy	589988
embedded	embedded	1478418
embodied	embodied	864267
embodiment	embodiment	413893
embrace	embrace	1442750
embraced	embraced	786433
embracing	embracing	433125
emerge	emerge	1332455
emerged	emerged	2355314
emergence	emergence	1463663
emergency	emergency	2913082
emergent	emergent	459155
emerges	emerges	716353
emerging	emerging	2271154
emission	emission	1238313
emissions	emissions	1460881
emotion	emotion	2325375
emotional	emotional	4473254
emotionally	emotionally	781590
emotions	emotions	3172510
empathy	empathy	717888
emperor	emperor	1981108
emphasis	emphasis	3191393
emphasize	emphasize	1031411
emphasized	emphasized	1138091
emphasizes	emphasizes	707456
emphasizing	emphasizing	468607
empire	empire	3402062
empirical	empirical	2349518
employ	employ	1117387
employed	employed	3366205
employee	employee	3299421
employees	employees	4798056
employer	employer	1946472
employers	employers	1250833
employing	employing	641958
employment	employment	4571446
empowerment	empowerment	542223
empty	empty	4337215
enable	enable	2249009
enabled	enabled	1342502
enables	enables	1365825
enabling	enabling	937853
enacted	enacted	752692
enclosed	enclosed	599806
encoding	encoding	492998
encounter	encounter	2011708
encountered	encountered	1475081
encounters	encounters	824122
encourage	encourage	2333436
encouraged	encouraged	2073470
encouragement	encouragement	815751
encourages	encourages	604881
encouraging	encouraging	1163930
encyclopedia	encyclopedia	495181
end	end	27300786
ended	ended	3669586
ending	ending	1822636
endless	endless	1078518
endogenous	endogenous	414595
endothelial	endothelial	448272
ends	ends	3065408
endurance	endurance	432324
endure	endure	705317
endured	endured	494890
enduring	enduring	646523
enemies	enemies	1818034
enemy	enemy	4031341
energetic	energetic	475881
energies	energies	830375
energy	energy	16086719
enforce	enforce	689960
enforced	enforced	540806
enforcement	enforcement	2255617
engage	engage	2712271
engaged	engaged	3081488
engagement	engagement	2566235
engaging	engaging	1279785
engine	engine	2761286
engineer	engineer	1098047
engineering	engineering	4068264
engineers	engineers	1197332
engines	engines	986898
England	england	6782651
English	english	14654448
enhance	enhance	1798107
enhanced	enhanced	1817701
enhancement	enhancement	775480
enhancing	enhancing	778445
enjoy	enjoy	3454632
enjoyed	enjoyed	2411303
enjoying	enjoying	1211789
enjoyment	enjoyment	635821
enlarged	enlarged	505530
enlightenment	enlightenment	895834
enormous	enormous	1832931
enough	enough	20774999
enrolled	enrolled	526981
ensemble	ensemble	420983
ensure	ensure	5115241
ensured	ensured	420963
ensures	ensures	559761
ensuring	ensuring	1114526
entails	entails	516635
enter	enter	4674698
entered	entered	4902507
entering	entering	1860533
enterprise	enterprise	2211104
enterprises	enterprises	1287519
enters	enters	943766
entertaining	entertaining	417009
entertainment	entertainment	1272003
enthusiasm	enthusiasm	1159762
enthusiastic	enthusiastic	561737
entire	entire	7425831
entirely	entirely	4075629
entities	entities	1696880
entitled	entitled	2023834
entity	entity	2280178
entrance	entrance	2484631
entrepreneurial	entrepreneurial	481031
entrepreneurs	entrepreneurs	692429
entrepreneurship	entrepreneurship	537784
entries	entries	905649
entropy	entropy	512956
entry	entry	3254396
envelope	envelope	1008563
environment	environment	9472508
environmental	environmental	7231341
environments	environments	1830640
envy	envy	539719
enzyme	enzyme	1273847
enzymes	enzymes	965004
epic	epic	597018
epidemic	epidemic	486784
epidemiology	epidemiology	467365
episode	episode	1164873
episodes	episodes	786762
epistemic	epistemic	418364
epithelial	epithelial	473535
equal	equal	6023467
equality	equality	1959682
equally	equally	3133984
equals	equals	737059
equation	equation	5109674
equations	equations	2487751
equilibrium	equilibrium	2009603
equipment	equipment	4823495
equipped	equipped	992287
equitable	equitable	478560
equity	equity	2127496
equivalent	equivalent	2921998
er	er	1464270
era	era	3002087
erect	erect	426521
erected	erected	476103
erosion	erosion	688232
erotic	erotic	498590
error	error	4141936
errors	errors	2240852
escape	escape	3483839
escaped	escaped	1260588
escaping	escaping	417615
escort	escort	506714
especially	especially	13825653
essay	essay	1864071
essays	essays	1533939
essence	essence	1779272
essential	essential	5337966
essentially	essentially	2319649
establish	establish	3638035
established	established	7779863
establishes	establishes	550420
establishing	establishing	1763306
establishment	establishment	2344381
estate	estate	2940496
estates	estates	550694
esteem	esteem	899568
estimate	estimate	2474110
estimated	estimated	3088064
estimates	estimates	2076738
estimating	estimating	535081
estimation	estimation	1243444
eternal	eternal	1643112
eternity	eternity	672435
ethanol	ethanol	532944
ethical	ethical	2669765
ethics	ethics	2705370
ethnic	ethnic	2792772
ethnicity	ethnicity	815302
euro	euro	562421
Europe	europe	7134354
European	european	9596213
Europeans	europeans	645285
evaluate	evaluate	2091821
evaluated	evaluated	1428231
evaluating	evaluating	1171806
evaluation	evaluation	5253133
evaluations	evaluations	660231
evangelical	evangelical	495054
eve	eve	1411642
even	even	64754140
evening	evening	5884057
evenings	evenings	447818
evenly	evenly	498284
event	event	7043945
events	events	9033084
eventual	eventual	448745
eventually	eventually	5049591
ever	ever	19354761
every	every	30084765
everybody	everybody	2142365
everyday	everyday	2035931
everyone	everyone	9955343
everything	everything	14508385
everywhere	everywhere	2223795
evidence	evidence	14040976
evident	evident	2423799
evidently	evidently	1101921
evil	evil	4176983
evolution	evolution	3460892
evolutionary	evolutionary	1242752
evolve	evolve	547573
evolved	evolved	1121082
evolving	evolving	667397
ex	ex	2416291
exact	exact	2159868
exactly	exactly	6551988
exaggerated	exaggerated	522589
exam	exam	1028680
examination	examination	3329519
examinations	examinations	475888
examine	examine	2611139
examined	examined	2484231
examines	examines	637053
examining	examining	1379131
example	example	29752585
examples	examples	6254464
exceed	exceed	1064081
exceeded	exceeded	477216
exceeding	exceeding	490647
exceeds	exceeds	623732
excel	excel	641044
excellence	excellence	800025
excellent	excellent	3039676
except	except	7672138
exception	exception	2380314
exceptional	exceptional	821377
exceptions	exceptions	1078035
excess	excess	1969413
excessive	excessive	1475727
exchange	exchange	5929154
exchanged	exchanged	826300
exchanges	exchanges	738810
excitation	excitation	513473
excited	excited	1993088
excitement	excitement	1715708
exciting	exciting	1151562
exclaimed	exclaimed	1292392
exclude	exclude	716712
excluded	excluded	1226675
excluding	excluding	582233
exclusion	exclusion	1190661
exclusive	exclusive	1365973
exclusively	exclusively	1214351
excuse	excuse	1680990
execute	execute	703727
executed	executed	1208208
execution	execution	1735048
executive	executive	3187577
executives	executives	666607
exempt	exempt	615127
exemption	exemption	561233
exercise	exercise	5944861
exercised	exercised	689738
exercises	exercises	1618832
exercising	exercising	447641
exert	exert	462856
exhaust	exhaust	426011
exhausted	exhausted	1211899
exhaustion	exhaustion	498418
exhibit	exhibit	1742723
exhibited	exhibited	710930
exhibition	exhibition	873702
exhibits	exhibits	677178
exile	exile	798200
exist	exist	4552368
existed	existed	1727806
existence	existence	5346172
existential	existential	443235
existing	existing	5139996
exists	exists	3015118
exit	exit	1546996
exodus	exodus	602772
exotic	exotic	621467
expand	expand	1410189
expanded	expanded	1670422
expanding	expanding	1151324
expansion	expansion	2668678
expect	expect	4552594
expectation	expectation	1109264
expectations	expectations	2613140
expected	expected	8399516
expecting	expecting	1257457
expedition	expedition	879950
expenditure	expenditure	1203290
expenditures	expenditures	784833
expense	expense	1768861
expenses	expenses	1949518
expensive	expensive	2169184
experience	experience	16727709
experienced	experienced	4081658
experiences	experiences	5398823
experiencing	experiencing	1088574
experiment	experiment	2844460
experimental	experimental	3658489
experiments	experiments	2787980
expert	expert	2349020
expertise	expertise	1518165
experts	experts	1892519
explain	explain	6603932
explained	explained	5280032
explaining	explaining	1418751
explains	explains	1968905
explanation	explanation	3608030
explanations	explanations	1349764
explanatory	explanatory	567910
explicit	explicit	1755123
explicitly	explicitly	1669905
exploded	exploded	598773
exploit	exploit	587983
exploitation	exploitation	900055
exploited	exploited	503895
exploration	exploration	1396063
explore	explore	2440565
explored	explored	1200716
explores	explores	512422
exploring	exploring	1326723
explosion	explosion	912604
explosive	explosive	525043
exponential	exponential	509412
export	export	1485936
exports	exports	1078509
expose	expose	625830
exposed	exposed	2687645
exposing	exposing	465677
exposure	exposure	3551057
express	express	3411158
expressed	expressed	4530121
expresses	expresses	681782
expressing	expressing	1002571
expression	expression	8778603
expressions	expressions	1808545
expressive	expressive	521052
expressly	expressly	424106
exquisite	exquisite	427473
extend	extend	1853201
extended	extended	3918871
extending	extending	1102031
extends	extends	964725
extension	extension	2480362
extensions	extensions	467070
extensive	extensive	2570294
extensively	extensively	751041
extent	extent	5723334
exterior	exterior	585170
external	external	5151759
extinction	extinction	487989
extra	extra	3401092
extract	extract	1232416
extracted	extracted	793558
extraction	extraction	1089769
extracts	extracts	445590
extraordinary	extraordinary	1618197
extreme	extreme	2823764
extremely	extremely	3493007
eye	eye	8053220
eyebrow	eyebrow	559117
eyebrows	eyebrows	898167
eyed	eyed	1285821
eyes	eyes	30736486
fabric	fabric	1369017
face	face	28017880
faced	faced	3062537
faces	faces	2999972
facial	facial	1022946
facilitate	facilitate	1605501
facilitated	facilitated	567000
facilitates	facilitates	417666
facilitating	facilitating	497675
facilities	facilities	2762699
facility	facility	2098558
facing	facing	2437663
fact	fact	21321277
factor	factor	6492939
factories	factories	611521
factors	factors	9488974
factory	factory	1488515
facts	facts	3631260
factual	factual	471807
faculty	faculty	2032517
fade	fade	444963
faded	faded	1028824
fading	fading	464848
fail	fail	2453914
failed	failed	4200775
failing	failing	1104977
fails	fails	1241472
failure	failure	6366002
failures	failures	983755
faint	faint	1244567
fair	fair	4896568
fairly	fairly	2317990
fairness	fairness	583838
fairy	fairy	768395
faith	faith	6970235
faithful	faithful	1275414
fake	fake	718885
fall	fall	7876572
fallen	fallen	2503202
falling	falling	2884018
falls	falls	2259178
false	false	3748134
fame	fame	883428
familial	familial	431216
familiar	familiar	4156048
familiarity	familiarity	489306
families	families	5846580
family	family	26821619
famine	famine	471541
famous	famous	3310659
fan	fan	1375255
fancy	fancy	1288487
fans	fans	1138968
fantasies	fantasies	423811
fantastic	fantastic	681613
fantasy	fantasy	1072510
far	far	20623731
fare	fare	504149
farewell	farewell	512666
farm	farm	3127224
farmer	farmer	1116987
farmers	farmers	1946077
farming	farming	953171
farms	farms	844813
farther	farther	1297169
fascinated	fascinated	444411
fascinating	fascinating	699374
fashion	fashion	2741265
fashioned	fashioned	746054
fast	fast	6014288
faster	faster	2283355
fat	fat	3568909
fatal	fatal	946732
fate	fate	2095002
father	father	21112137
fathers	fathers	1450456
fatigue	fatigue	1154082
fatty	fatty	872892
fault	fault	2464318
faults	faults	527311
favor	favor	2220087
favorable	favorable	807585
favored	favored	628252
favorite	favorite	2052539
favour	favour	1404652
favourable	favourable	464781
favourite	favourite	813613
fax	fax	779128
fear	fear	8402677
feared	feared	1341552
fearful	fearful	625093
fears	fears	1475115
feasibility	feasibility	414559
feasible	feasible	759690
feast	feast	824971
feather	feather	423775
feathers	feathers	591662
feature	feature	4003660
featured	featured	755202
features	features	7236657
featuring	featuring	420515
February	february	4279540
fed	fed	1929885
federal	federal	7887422
federation	federation	900059
fee	fee	1580331
feed	feed	2361206
feedback	feedback	2592761
feeding	feeding	1610111
feel	feel	18133966
feeling	feeling	9606723
feelings	feelings	4787928
feels	feels	2465544
fees	fees	1618444
feet	feet	11251920
fell	fell	6507039
fellow	fellow	3372829
fellows	fellows	569458
fellowship	fellowship	574542
felt	felt	20843162
female	female	5960690
females	females	1334754
feminine	feminine	885755
feminism	feminism	589626
feminist	feminist	1422983
fence	fence	1105588
ferry	ferry	514712
fertile	fertile	464898
fertility	fertility	723531
festival	festival	1161532
fetal	fetal	834782
fetch	fetch	530861
fever	fever	1593432
few	few	28157133
fewer	fewer	1753508
fiber	fiber	1462771
fibers	fibers	1016256
fibre	fibre	449202
fiction	fiction	2211361
fictional	fictional	530173
field	field	13921936
fields	fields	4222929
fierce	fierce	910160
fiery	fiery	428244
fifteen	fifteen	2403250
fifteenth	fifteenth	457748
fifth	fifth	2240001
fifty	fifty	2923482
fight	fight	5267741
fighter	fighter	606185
fighters	fighters	542088
fighting	fighting	3348664
fights	fights	437319
figs	figs	457689
figure	figure	26930202
figured	figured	1489888
figures	figures	4149723
file	file	5563242
filed	filed	1509805
files	files	2565937
filing	filing	1003028
fill	fill	2850033
filled	filled	5982925
filling	filling	1564358
fills	fills	430806
film	film	6678453
films	films	2544977
filter	filter	1640344
filtered	filtered	425605
filtering	filtering	486677
filters	filters	634760
final	final	8698374
finally	finally	12913079
finance	finance	2437732
finances	finances	436913
financial	financial	10531687
financially	financially	481717
financing	financing	1241360
find	find	27310490
finding	finding	5137638
findings	findings	3819943
finds	finds	2237213
fine	fine	8306504
finely	finely	581424
finest	finest	612932
finger	finger	3311410
fingers	fingers	5618224
fingertips	fingertips	430902
finish	finish	2372182
finished	finished	4497549
finishing	finishing	691591
finite	finite	1702053
Finland	finland	584029
Finn	finn	522481
fire	fire	10604058
fired	fired	1627241
fireplace	fireplace	475261
fires	fires	920750
firing	firing	976874
firm	firm	5102147
firmly	firmly	1663251
firms	firms	3090930
first	first	73162002
firstly	firstly	488254
fiscal	fiscal	1771834
fish	fish	4776209
fisheries	fisheries	549515
fishing	fishing	1724492
fist	fist	971378
fists	fists	595185
fit	fit	4724999
fitness	fitness	918168
fits	fits	881237
fitted	fitted	907061
fitting	fitting	1031945
five	five	16221232
fix	fix	1495268
fixation	fixation	512398
fixed	fixed	5032693
fixing	fixing	546610
flag	flag	1358654
flags	flags	421238
flame	flame	1160112
flames	flames	945658
flap	flap	522973
flash	flash	1643789
flashed	flashed	912317
flashing	flashing	507632
flat	flat	3511769
flavor	flavor	675933
fled	fled	969863
flee	flee	476169
fleet	fleet	1228285
flesh	flesh	2715451
flew	flew	1544430
flexibility	flexibility	1298748
flexible	flexible	1503114
flies	flies	681041
flight	flight	3203459
flights	flights	498538
flip	flip	580698
flipped	flipped	579233
float	float	562667
floated	floated	448936
floating	floating	1156596
flock	flock	481648
flood	flood	1306225
flooded	flooded	498767
flooding	flooding	470730
floor	floor	8732340
floors	floors	677675
flora	flora	545406
flour	flour	1164930
flow	flow	7640586
flowed	flowed	520852
flower	flower	1437791
flowers	flowers	2591503
flowing	flowing	1053793
flows	flows	2005929
fluctuations	fluctuations	564811
fluid	fluid	3122706
fluids	fluids	686469
flung	flung	693410
fluorescence	fluorescence	457337
flush	flush	522575
flushed	flushed	619357
flux	flux	940899
fly	fly	2366417
flying	flying	2275797
foam	foam	484608
focal	focal	804956
focus	focus	9598420
focused	focused	4287867
focuses	focuses	1519801
focusing	focusing	1605395
fog	fog	751501
fold	fold	1188561
folded	folded	1190864
folder	folder	1167418
folding	folding	473827
folds	folds	478337
folk	folk	1322680
folks	folks	1048152
follow	follow	8851231
followed	followed	10162925
followers	followers	1159436
following	following	23323037
follows	follows	5828180
fond	fond	753575
font	font	422507
food	food	15340275
foods	foods	2001348
fool	fool	1554660
foolish	foolish	932901
foot	foot	5391558
football	football	1699209
footsteps	footsteps	791891
for	for	579190385
forbidden	forbidden	760969
force	force	12278321
forced	forced	4726597
forces	forces	6850695
forcing	forcing	996768
fore	fore	437323
forecast	forecast	601118
forehead	forehead	1672400
foreign	foreign	9152128
foreigners	foreigners	577815
foremost	foremost	560375
forensic	forensic	656201
forest	forest	4313686
forests	forests	1139306
forever	forever	2559362
forget	forget	3535669
forgetting	forgetting	546902
forgive	forgive	1447809
forgiveness	forgiveness	922826
forgot	forgot	1118702
forgotten	forgotten	2371354
fork	fork	712023
form	form	23451012
formal	formal	4094068
formally	formally	938916
format	format	1865068
formation	formation	4868695
formations	formations	421054
formats	formats	526391
formed	formed	5050246
former	former	6609849
formerly	formerly	988021
formidable	formidable	472781
forming	forming	1794855
forms	forms	9137067
formula	formula	2488881
formulas	formulas	605762
formulate	formulate	416571
formulated	formulated	648092
formulation	formulation	1145083
fort	fort	1686002
forth	forth	4231310
forthcoming	forthcoming	560408
fortress	fortress	578484
fortunate	fortunate	676094
fortunately	fortunately	965651
fortune	fortune	1618238
forty	forty	2875707
forum	forum	1177520
forward	forward	9284413
fossil	fossil	630204
foster	foster	1537129
fought	fought	2150528
foul	foul	535017
found	found	33020347
foundation	foundation	3985714
foundations	foundations	1329916
founded	founded	1900684
founder	founder	812625
founding	founding	779804
fountain	fountain	547545
four	four	19580613
fourteen	fourteen	1049811
fourteenth	fourteenth	489802
fourth	fourth	3635465
fox	fox	1339269
fraction	fraction	1484761
fractions	fractions	480460
fracture	fracture	1154761
fractures	fractures	709301
fragile	fragile	702431
fragment	fragment	709994
fragmentation	fragmentation	448924
fragments	fragments	1105669
frame	frame	3664746
framed	framed	896975
frames	frames	1045348
framework	framework	4885856
frameworks	frameworks	660444
framing	framing	633291
France	france	5688778
frank	frank	3038496
frankly	frankly	477047
fraud	fraud	1055385
free	free	16576817
freed	freed	608867
freedom	freedom	6152266
freely	freely	1305702
freeze	freeze	611610
freezing	freezing	674787
freight	freight	445633
French	french	8582512
frequencies	frequencies	993912
frequency	frequency	4897794
frequent	frequent	2025985
frequently	frequently	4332410
fresh	fresh	4611085
freshly	freshly	580575
friction	friction	829960
Friday	friday	1403148
fridge	fridge	426157
fried	fried	557620
friend	friend	10545445
friendly	friendly	2257655
friends	friends	10968235
friendship	friendship	1793469
frightened	frightened	1140592
frightening	frightening	423955
from	from	284321481
front	front	14870704
frontal	frontal	552788
frontier	frontier	935975
frost	frost	585427
frown	frown	544129
frowned	frowned	1399286
froze	froze	536388
frozen	frozen	1431384
fruit	fruit	2925250
fruits	fruits	1147147
frustrated	frustrated	785667
frustration	frustration	1115104
fry	fry	463207
fuck	fuck	1894833
fucking	fucking	1616368
fuel	fuel	2834817
fuels	fuels	560803
fulfill	fulfill	710258
fulfilled	fulfilled	785906
fulfilling	fulfilling	503876
fulfillment	fulfillment	477804
full	full	16614106
fuller	fuller	589396
fully	fully	5967651
fun	fun	3362078
function	function	14087197
functional	functional	3536852
functionality	functionality	587266
functioning	functioning	1615858
functions	functions	6384816
fund	fund	3330853
fundamental	fundamental	3816202
fundamentally	fundamentally	736710
funded	funded	910097
funding	funding	2475792
funds	funds	3630982
funeral	funeral	1199308
fungi	fungi	440406
funny	funny	1761251
fur	fur	826428
furious	furious	722510
furnace	furnace	424970
furnished	furnished	621748
furniture	furniture	1348325
further	further	17383353
furthermore	furthermore	3223613
fury	fury	758934
fusion	fusion	927643
future	future	14069206
futures	futures	577828
fuzzy	fuzzy	925805
gain	gain	4427712
gained	gained	2071443
gaining	gaining	863246
gains	gains	1357601
gallery	gallery	1171170
gambling	gambling	593404
game	game	7896182
games	games	3436469
gamma	gamma	492693
gang	gang	1115515
gap	gap	2571288
gaps	gaps	891971
garage	garage	845764
garbage	garbage	500888
garden	garden	3950525
gardens	gardens	1212407
garlic	garlic	960801
garment	garment	453557
garments	garments	444145
garrison	garrison	483800
gas	gas	5908378
gases	gases	774236
gasoline	gasoline	435050
gasped	gasped	915136
gastric	gastric	558005
gastrointestinal	gastrointestinal	524094
gate	gate	2811918
gates	gates	1420581
gateway	gateway	453448
gather	gather	1488174
gathered	gathered	2476517
gathering	gathering	1664143
gauge	gauge	737307
Gaussian	gaussian	423606
gave	gave	15060336
gay	gay	1967953
gaze	gaze	3930484
gazed	gazed	868092
gazing	gazing	567052
gear	gear	1169799
gel	gel	645435
gen	gen	1023366
gender	gender	5161987
gendered	gendered	460085
gene	gene	3312075
general	general	23918738
generalized	generalized	948061
generally	generally	8748248
generals	generals	439448
generate	generate	2219528
generated	generated	3042465
generates	generates	687466
generating	generating	1086921
generation	generation	4924883
generations	generations	1747526
generator	generator	648794
generic	generic	1043315
generosity	generosity	455292
generous	generous	1165068
genes	genes	2180789
genesis	genesis	1116456
genetic	genetic	2976522
genetics	genetics	719017
genius	genius	1006527
genocide	genocide	563775
genome	genome	818815
genre	genre	1076912
genres	genres	469307
gentle	gentle	1871600
gentleman	gentleman	1659392
gentlemen	gentlemen	1103997
gently	gently	2789075
genuine	genuine	1541717
genuinely	genuinely	613634
genus	genus	503943
geographic	geographic	962882
geographical	geographical	1075291
geography	geography	1111790
geological	geological	559995
geometric	geometric	645249
geometry	geometry	1092853
German	german	7192997
Germans	germans	1303102
Germany	germany	4945001
gesture	gesture	1349701
gestured	gestured	549914
gestures	gestures	685175
get	get	49889955
gets	gets	3763340
getting	getting	11027517
ghost	ghost	1438987
ghosts	ghosts	584965
giant	giant	1794756
giants	giants	439435
gift	gift	2984552
gifted	gifted	495942
gifts	gifts	1585588
ginger	ginger	631791
girl	girl	10316771
girlfriend	girlfriend	799141
girls	girls	5977628
give	give	23310345
given	given	25858699
gives	gives	6173671
giving	giving	7192448
glad	glad	3166166
glance	glance	2214391
glanced	glanced	3333573
glances	glances	462589
glancing	glancing	660157
gland	gland	615210
glands	glands	484830
glare	glare	531627
glared	glared	638849
glass	glass	6459550
glasses	glasses	1542271
glimpse	glimpse	807953
global	global	9565439
globalization	globalization	1073368
globally	globally	476696
globe	globe	979025
glorious	glorious	863309
glory	glory	2122403
gloves	gloves	762404
glow	glow	936861
glowing	glowing	618346
glucose	glucose	1372440
go	go	42545781
goal	goal	5291238
goals	goals	4570226
goat	goat	569549
goats	goats	415489
God	god	35173719
goddess	goddess	804669
gods	gods	2277196
goes	goes	5731039
going	going	34342562
gold	gold	5415835
golden	golden	2885742
golf	golf	789323
gone	gone	10227455
gonna	gonna	1290163
good	good	48983080
goodbye	goodbye	784330
goodness	goodness	1155789
goods	goods	4960571
gorgeous	gorgeous	671055
gospel	gospel	1882057
Gospels	gospels	1134802
gossip	gossip	626877
got	got	25729378
gothic	gothic	525721
gotta	gotta	515705
gotten	gotten	1882755
govern	govern	609485
governance	governance	2654867
governed	governed	870805
governing	governing	1246823
government	government	21889710
governmental	governmental	1021880
governments	governments	2861520
governor	governor	2192130
governors	governors	437129
gown	gown	761935
grab	grab	1231899
grabbed	grabbed	2795206
grabbing	grabbing	557966
grace	grace	3922706
gracious	gracious	434398
grade	grade	2648340
grades	grades	813444
gradient	gradient	948718
gradual	gradual	740194
gradually	gradually	2295586
graduate	graduate	1468366
graduated	graduated	563031
graduates	graduates	485422
graduation	graduation	440850
graft	graft	515706
grain	grain	1828727
grains	grains	711515
gram	gram	588625
grammar	grammar	1033086
grammatical	grammatical	448991
grams	grams	440919
grand	grand	3384067
grandfather	grandfather	1467772
grandma	grandma	629238
grandmother	grandmother	1500597
grandparents	grandparents	519860
grant	grant	3434931
granted	granted	2532013
granting	granting	507787
grants	grants	1162543
graph	graph	1959721
graphic	graphic	821484
graphics	graphics	562969
graphs	graphs	658213
grasp	grasp	1285572
grasped	grasped	552603
grass	grass	2375971
grateful	grateful	1755649
gratitude	gratitude	953785
grave	grave	1748544
gravel	gravel	571495
graves	graves	580886
gravity	gravity	1254638
gray	gray	3116543
grazing	grazing	417582
great	great	29941749
greater	greater	9705438
greatest	greatest	3382041
greatly	greatly	2250898
greatness	greatness	414073
Greece	greece	1298658
greed	greed	416342
Greek	greek	3734294
Greeks	greeks	674025
green	green	8787755
greenhouse	greenhouse	560343
greet	greet	499366
greeted	greeted	853863
greeting	greeting	553948
grew	grew	3972993
grey	grey	2107539
grid	grid	1421206
grief	grief	1538840
grim	grim	651044
grin	grin	1376386
grinding	grinding	432669
grinned	grinned	1543919
grinning	grinning	500112
grip	grip	1442680
gripped	gripped	694742
groaned	groaned	693418
grocery	grocery	497087
gross	gross	1944349
ground	ground	11732200
grounded	grounded	859374
grounds	grounds	2284897
groundwater	groundwater	472903
group	group	24537680
grouped	grouped	455655
groups	groups	12818676
grove	grove	615564
grow	grow	3848053
growing	growing	6079848
growled	growled	595850
grown	grown	3141055
grows	grows	979371
growth	growth	11193178
guarantee	guarantee	1441510
guaranteed	guaranteed	814528
guarantees	guarantees	563330
guard	guard	3305940
guarded	guarded	476564
guardian	guardian	1034163
guards	guards	1613772
guess	guess	4100141
guessed	guessed	814398
guest	guest	1482929
guests	guests	1643121
guidance	guidance	2199900
guide	guide	4535703
guided	guided	1485294
guidelines	guidelines	2513584
guides	guides	847575
guiding	guiding	746547
guilt	guilt	1694720
guilty	guilty	1992997
guinea	guinea	623671
guitar	guitar	631272
gulf	gulf	1179212
gun	gun	3610743
guns	guns	1798539
gut	gut	1002439
guy	guy	4833895
guys	guys	2758779
gym	gym	546856
ha	ha	1493490
haar	haar	429891
habit	habit	1547108
habitat	habitat	924980
habits	habits	1406118
had	had	252178738
hair	hair	10630246
haired	haired	646256
half	half	15452229
halfway	halfway	878163
hall	hall	5900690
halls	halls	450280
hallway	hallway	1053396
halt	halt	750677
ham	ham	682574
hamlet	hamlet	467313
hammer	hammer	709046
han	han	1050746
hand	hand	34157161
handbook	handbook	1576486
handed	handed	2806841
handful	handful	930066
handing	handing	481800
handkerchief	handkerchief	418058
handle	handle	3038052
handled	handled	934878
handling	handling	1489928
hands	hands	17554143
handsome	handsome	1394693
handy	handy	461296
hang	hang	1657235
hanging	hanging	2129792
hans	hans	829848
happen	happen	5529980
happened	happened	9084738
happening	happening	2322507
happens	happens	3219035
happier	happier	485714
happily	happily	883183
happiness	happiness	2515346
happy	happy	7366806
harassment	harassment	488858
harbor	harbor	926200
harbour	harbour	576466
hard	hard	15733655
hardened	hardened	460729
harder	harder	1871204
hardly	hardly	3696894
hardware	hardware	1125786
hardy	hardy	509311
harm	harm	2611767
harmful	harmful	746448
harmonic	harmonic	466362
harmony	harmony	1123291
harsh	harsh	1097834
harvest	harvest	968148
has	has	117098764
hast	hast	591936
haste	haste	423322
hastily	hastily	520740
hat	hat	2262784
hatch	hatch	430405
hate	hate	2411017
hated	hated	1590883
hath	hath	1387329
hatred	hatred	893780
hats	hats	448921
haunted	haunted	534895
have	have	241073940
haven	haven	958041
having	having	19514734
hawk	hawk	489298
hay	hay	707874
hazard	hazard	812824
hazardous	hazardous	708130
hazards	hazards	622066
he	he	446870887
head	head	31012178
headache	headache	816208
headed	headed	3255669
heading	heading	1984092
headquarters	headquarters	1202330
heads	heads	3056075
heal	heal	837080
healed	healed	554039
healing	healing	2162646
health	health	20430965
healthcare	healthcare	1338865
healthy	healthy	3172716
heap	heap	518902
hear	hear	10582124
heard	heard	14484914
hearing	hearing	4274444
hearings	hearings	419775
hears	hears	504596
heart	heart	18086899
hearts	hearts	1870887
heat	heat	7477013
heated	heated	920449
heath	heath	454631
heather	heather	547636
heating	heating	1176707
heaven	heaven	3888965
heavenly	heavenly	836926
heavens	heavens	848957
heavier	heavier	453511
heavily	heavily	2186977
heavy	heavy	5905923
Hebrew	hebrew	1290750
hedge	hedge	588683
heel	heel	582865
heels	heels	1011340
height	height	2910542
heightened	heightened	477865
heights	heights	749071
heir	heir	582459
held	held	14678063
helicopter	helicopter	523519
hell	hell	5078294
hello	hello	1432993
helmet	helmet	511226
help	help	25704811
helped	helped	4856441
helpful	helpful	2334030
helping	helping	2894952
helpless	helpless	691571
helps	helps	2842643
hemisphere	hemisphere	520250
hemorrhage	hemorrhage	434095
hen	hen	451015
hence	hence	4654826
hepatic	hepatic	614442
hepatitis	hepatitis	595762
her	her	290497278
herald	herald	507396
herbs	herbs	589286
herd	herd	536789
here	here	50037689
hereafter	hereafter	509638
herein	herein	411508
heritage	heritage	1752839
hero	hero	1665105
heroes	heroes	775978
heroic	heroic	598850
hers	hers	2345755
herself	herself	11632691
hesitate	hesitate	468841
hesitated	hesitated	1073371
hesitation	hesitation	594941
heterogeneous	heterogeneous	601013
hey	hey	2274711
hi	hi	1092109
hid	hid	765488
hidden	hidden	3148765
hide	hide	2418355
hiding	hiding	1518699
hierarchical	hierarchical	746403
hierarchy	hierarchy	1300460
high	high	33001301
higher	higher	12948306
highest	highest	3579646
highlight	highlight	1023836
highlighted	highlighted	909303
highlights	highlights	940721
highly	highly	6330257
highway	highway	1427254
hill	hill	4486790
hills	hills	1773459
him	him	137463260
himself	himself	22386355
Hindu	hindu	674076
hint	hint	1177742
hints	hints	497302
hip	hip	1408418
hips	hips	1309504
hire	hire	964710
hired	hired	1280687
hiring	hiring	619659
his	his	332118038
Hispanic	hispanic	580274
hissed	hissed	436310
historian	historian	994317
historians	historians	1104601
historic	historic	1339162
historical	historical	7122269
historically	historically	1120015
histories	histories	970548
history	history	20421205
hit	hit	5443948
hitherto	hitherto	485231
hits	hits	719187
hitting	hitting	790059
ho	ho	776316
hold	hold	9615113
holder	holder	730810
holders	holders	513172
holding	holding	6099955
holdings	holdings	452737
holds	holds	2602028
hole	hole	2760164
holes	holes	1327165
holiday	holiday	1232558
holidays	holidays	655316
holiness	holiness	418945
holistic	holistic	485103
Holland	holland	720546
hollow	hollow	955423
holly	holly	615950
holocaust	holocaust	569322
holy	holy	4854521
home	home	27171015
homeland	homeland	706632
homeless	homeless	571917
homes	homes	2173678
homework	homework	583165
homogeneous	homogeneous	698935
honest	honest	2067522
honestly	honestly	849840
honesty	honesty	576892
honey	honey	1602126
honor	honor	2349829
honored	honored	470561
honour	honour	1389788
hood	hood	840435
hook	hook	937174
hooked	hooked	440373
hop	hop	597919
hope	hope	9857217
hoped	hoped	2950262
hopeful	hopeful	430347
hopefully	hopefully	816085
hopeless	hopeless	450132
hopes	hopes	1470282
hoping	hoping	2145952
horizon	horizon	1319629
horizontal	horizontal	1702336
hormone	hormone	1007750
hormones	hormones	713384
horn	horn	930586
horns	horns	456699
horrible	horrible	1044899
horror	horror	1504070
horse	horse	4665094
horses	horses	2966226
hospital	hospital	6071768
hospitality	hospitality	566629
hospitals	hospitals	1178066
host	host	3236366
hostile	hostile	969896
hostility	hostility	596848
hosts	hosts	772750
hot	hot	6636139
hotel	hotel	4035471
hotels	hotels	726664
hour	hour	7688870
hours	hours	10929227
house	house	26415927
housed	housed	468974
household	household	2642963
households	households	1265019
houses	houses	3427848
housing	housing	3085965
how	how	81459750
however	however	38432104
hu	hu	411974
hub	hub	412846
hug	hug	917807
huge	huge	4477552
hugged	hugged	770066
huh	huh	795684
hull	hull	627418
hum	hum	476759
human	human	27225968
humanitarian	humanitarian	714500
humanities	humanities	466143
humanity	humanity	2018931
humans	humans	3576110
humble	humble	810741
humidity	humidity	422000
humiliation	humiliation	424881
humility	humility	492783
humor	humor	1001555
humour	humour	533882
hundred	hundred	6713167
hundreds	hundreds	2130194
hung	hung	2647680
Hungarian	hungarian	553756
Hungary	hungary	640646
hunger	hunger	1120418
hungry	hungry	1634317
hunt	hunt	1415494
hunter	hunter	1507503
hunters	hunters	538576
hunting	hunting	1559332
hurricane	hurricane	469882
hurried	hurried	1189130
hurry	hurry	1246080
hurt	hurt	4515687
hurting	hurting	498118
hurts	hurts	454202
husband	husband	6863371
husbands	husbands	621084
hut	hut	595764
hybrid	hybrid	1243629
hydraulic	hydraulic	479483
hydrogen	hydrogen	1609291
hygiene	hygiene	451609
hypertension	hypertension	891211
hypotheses	hypotheses	738328
hypothesis	hypothesis	2289797
hypothetical	hypothetical	484088
I	i	562422267
ibid	ibid	4727255
ice	ice	4054646
icon	icon	730813
icy	icy	458870
id	id	1140113
idea	idea	14671669
ideal	ideal	3219666
ideally	ideally	589726
ideals	ideals	789833
ideas	ideas	7544717
identical	identical	1847445
identification	identification	3341422
identified	identified	5632525
identifies	identifies	941132
identify	identify	5478400
identifying	identifying	1919990
identities	identities	1405011
identity	identity	7128781
ideological	ideological	1224771
ideologies	ideologies	429701
ideology	ideology	1487995
idiot	idiot	595043
idle	idle	572923
if	if	150088488
ignorance	ignorance	972025
ignorant	ignorant	662133
ignore	ignore	1555756
ignored	ignored	1890460
ignoring	ignoring	934874
ill	ill	3199495
illegal	illegal	1458043
illness	illness	2519708
illnesses	illnesses	418674
illuminated	illuminated	449206
illumination	illumination	419778
illusion	illusion	850203
illustrate	illustrate	1419120
illustrated	illustrated	1916912
illustrates	illustrates	1257808
illustration	illustration	1068167
illustrations	illustrations	660921
image	image	9938761
imagery	imagery	895897
images	images	5751382
imaginary	imaginary	845897
imagination	imagination	2381049
imaginative	imaginative	434793
imagine	imagine	4235325
imagined	imagined	2003993
imaging	imaging	2177096
imagining	imagining	592943
imitation	imitation	529727
immediate	immediate	3293803
immediately	immediately	7476461
immense	immense	850139
immigrant	immigrant	863393
immigrants	immigrants	1447798
immigration	immigration	1596433
imminent	imminent	443300
immortal	immortal	434920
immune	immune	1691121
immunity	immunity	727207
impact	impact	8882398
impacts	impacts	1673716
impaired	impaired	814557
impairment	impairment	909270
impatient	impatient	501007
imperative	imperative	769272
imperfect	imperfect	455032
imperial	imperial	1985445
imperialism	imperialism	486470
implement	implement	1699111
implementation	implementation	3677154
implemented	implemented	1834123
implementing	implementing	1177786
implicated	implicated	418190
implication	implication	671949
implications	implications	3017849
implicit	implicit	1076206
implicitly	implicitly	528545
implied	implied	1150678
implies	implies	1820839
imply	imply	960540
import	import	1308946
importance	importance	6659456
important	important	26689500
importantly	importantly	1284356
imported	imported	798262
imports	imports	875144
impose	impose	917083
imposed	imposed	1726317
imposing	imposing	614670
impossible	impossible	4578755
impressed	impressed	1107792
impression	impression	1984359
impressions	impressions	558544
impressive	impressive	1104046
imprint	imprint	425259
imprisoned	imprisoned	452543
imprisonment	imprisonment	581784
improve	improve	4686728
improved	improved	3100412
improvement	improvement	3205340
improvements	improvements	1350678
improves	improves	584261
improving	improving	1889409
impulse	impulse	996655
impulses	impulses	458466
in	in	1314723027
inability	inability	974570
inadequate	inadequate	1045048
inappropriate	inappropriate	773177
incapable	incapable	547286
incentive	incentive	783589
incentives	incentives	983250
inch	inch	2061565
inches	inches	1815127
incidence	incidence	1448009
incident	incident	2263876
incidents	incidents	939611
inclination	inclination	440900
inclined	inclined	1014457
include	include	12992229
included	included	7454230
includes	includes	5706749
including	including	18889991
inclusion	inclusion	1386475
inclusive	inclusive	796894
income	income	8098723
incomes	incomes	479097
incoming	incoming	496266
incomplete	incomplete	843471
inconsistent	inconsistent	639115
incorporate	incorporate	854374
incorporated	incorporated	1356619
incorporating	incorporating	546735
incorporation	incorporation	650820
incorrect	incorrect	779521
increase	increase	10960686
increased	increased	9586949
increases	increases	4187157
increasing	increasing	5695506
increasingly	increasingly	3595730
incredible	incredible	939647
incredibly	incredibly	656316
incremental	incremental	431785
incurred	incurred	639053
indeed	indeed	10251397
independence	independence	2725030
independent	independent	6221867
independently	independently	1104279
index	index	4813610
India	india	6200299
Indian	indian	5381968
Indians	indians	1926181
indicate	indicate	3514994
indicated	indicated	3508660
indicates	indicates	2895218
indicating	indicating	1540762
indication	indication	1186250
indications	indications	691357
indicative	indicative	490037
indicator	indicator	1014204
indicators	indicators	1485368
indices	indices	550937
indifference	indifference	539327
indifferent	indifferent	489555
indigenous	indigenous	1997120
indirect	indirect	1418077
indirectly	indirectly	784881
indispensable	indispensable	433040
individual	individual	15204257
individually	individually	750851
individuals	individuals	8727918
Indonesia	indonesia	814276
induce	induce	853474
induced	induced	2942367
induction	induction	994010
industrial	industrial	4577409
industries	industries	1973716
industry	industry	7405455
ineffective	ineffective	482543
inequalities	inequalities	574655
inequality	inequality	1434195
inevitable	inevitable	1238858
inevitably	inevitably	1022635
infancy	infancy	415366
infant	infant	1676187
infantry	infantry	909269
infants	infants	1337790
infect	infect	445121
infected	infected	1069230
infection	infection	3270569
infections	infections	1400631
infectious	infectious	877159
inference	inference	720973
inferior	inferior	1135655
infinite	infinite	1466406
infinitely	infinitely	436650
inflammation	inflammation	948916
inflammatory	inflammatory	1123415
inflation	inflation	1253632
influence	influence	8805970
influenced	influenced	2154709
influences	influences	1683590
influencing	influencing	561120
influential	influential	1213468
inform	inform	1337801
informal	informal	1544293
information	information	32039314
informed	informed	2927817
infrared	infrared	479119
infrastructure	infrastructure	2201562
infusion	infusion	511030
ingredients	ingredients	1339323
inhabitants	inhabitants	1244478
inherent	inherent	1332324
inherently	inherently	539428
inheritance	inheritance	984183
inherited	inherited	933885
inhibit	inhibit	486200
inhibition	inhibition	926907
inhibitor	inhibitor	540916
inhibitors	inhibitors	726987
initial	initial	6253397
initially	initially	2628103
initiate	initiate	634267
initiated	initiated	1204384
initiation	initiation	745106
initiative	initiative	1690095
initiatives	initiatives	1339906
injected	injected	463097
injection	injection	1258748
injured	injured	1283355
injuries	injuries	1563468
injury	injury	3572687
injustice	injustice	674845
ink	ink	694987
inland	inland	506807
inmates	inmates	486465
inn	inn	880911
innate	innate	524089
inner	inner	3615423
innocence	innocence	667849
innocent	innocent	1717053
innovation	innovation	2873984
innovations	innovations	764397
innovative	innovative	1177872
input	input	3810824
inputs	inputs	1028557
inquired	inquired	498562
inquiries	inquiries	429696
inquiry	inquiry	1821993
insane	insane	546804
inscription	inscription	435609
insect	insect	586086
insects	insects	783732
insert	insert	924121
inserted	inserted	937743
insertion	insertion	609276
inside	inside	12677009
insight	insight	1700075
insights	insights	1437503
insignificant	insignificant	413523
insist	insist	751411
insisted	insisted	1860789
insistence	insistence	445242
insists	insists	455935
insofar	insofar	522472
inspection	inspection	1410977
inspector	inspector	954429
inspiration	inspiration	1107906
inspire	inspire	503236
inspired	inspired	1873438
instability	instability	819569
install	install	646446
installation	installation	944096
installed	installed	1208041
instance	instance	6201926
instances	instances	1887392
instant	instant	2003298
instantly	instantly	1420565
instead	instead	12765375
instinct	instinct	785710
instinctively	instinctively	434742
instincts	instincts	489909
institutes	institutes	423701
institution	institution	2749423
institutional	institutional	2771135
institutions	institutions	5559615
instructed	instructed	931265
instruction	instruction	2277616
instructional	instructional	652739
instructions	instructions	2439170
instructor	instructor	726611
instrument	instrument	2335847
instrumental	instrumental	828418
instruments	instruments	2364442
insufficient	insufficient	872846
insulin	insulin	1093044
insult	insult	507167
insurance	insurance	4089913
insured	insured	443200
intact	intact	920169
intake	intake	1149228
integer	integer	648186
integral	integral	1483306
integrate	integrate	781297
integrated	integrated	2642102
integrating	integrating	685622
integration	integration	3271810
integrity	integrity	1625817
intellect	intellect	624360
intellectual	intellectual	3254191
intellectuals	intellectuals	534762
intelligence	intelligence	4008680
intelligent	intelligent	1399482
intend	intend	870909
intended	intended	4408316
intense	intense	2168655
intensely	intensely	428622
intensity	intensity	2665060
intensive	intensive	1260483
intent	intent	1840309
intention	intention	2325884
intentional	intentional	634444
intentionally	intentionally	875348
intentions	intentions	1248279
inter	inter	1568161
interact	interact	1185354
interacting	interacting	549807
interaction	interaction	4447283
interactions	interactions	3101801
interactive	interactive	970667
intercourse	intercourse	497795
interdisciplinary	interdisciplinary	465232
interest	interest	14459712
interested	interested	4386243
interesting	interesting	4798989
interestingly	interestingly	800634
interests	interests	5437946
interface	interface	2266730
interfaces	interfaces	600188
interfere	interfere	781043
interference	interference	1227045
interim	interim	579686
interior	interior	2047771
intermediate	intermediate	1404399
internal	internal	6288618
internally	internally	505145
international	international	19186856
internationally	internationally	477102
internet	internet	4456192
interpersonal	interpersonal	872982
interpret	interpret	1211826
interpretation	interpretation	4289017
interpretations	interpretations	1082673
interpreted	interpreted	1589264
interpreting	interpreting	722832
interpretive	interpretive	411388
interrupt	interrupt	436436
interrupted	interrupted	1367030
intersection	intersection	757692
interstate	interstate	437850
interval	interval	1854242
intervals	intervals	1167667
intervene	intervene	502194
intervention	intervention	3387470
interventions	interventions	1910194
interview	interview	4062296
interviewed	interviewed	753951
interviews	interviews	1857512
intestinal	intestinal	579865
intimacy	intimacy	728314
intimate	intimate	1363825
into	into	112331483
intra	intra	592555
intracellular	intracellular	439469
intravenous	intravenous	484866
intrinsic	intrinsic	1033423
introduce	introduce	1827724
introduced	introduced	4602645
introduces	introduces	640377
introducing	introducing	1019390
introduction	introduction	6399450
introductory	introductory	501108
intuition	intuition	635686
intuitive	intuitive	535106
invariably	invariably	563967
invariant	invariant	419994
invasion	invasion	1366177
invasive	invasive	667616
invented	invented	856973
invention	invention	1037035
inventory	inventory	1610014
inverse	inverse	711998
invest	invest	1036820
invested	invested	829862
investigate	investigate	1431003
investigated	investigated	1359770
investigating	investigating	756176
investigation	investigation	3388855
investigations	investigations	1349192
investigator	investigator	434514
investigators	investigators	780200
investing	investing	639785
investment	investment	6105340
investments	investments	1536358
investor	investor	756804
investors	investors	1601305
invisible	invisible	1387267
invitation	invitation	1058197
invite	invite	922526
invited	invited	2076755
inviting	inviting	587213
invoked	invoked	440696
involve	involve	2500179
involved	involved	9371147
involvement	involvement	2591379
involves	involves	3423285
involving	involving	2764879
inward	inward	570237
ion	ion	1375776
ionic	ionic	451994
ions	ions	1094537
Iranian	iranian	519330
Iraq	iraq	1536121
Iraqi	iraqi	435402
Ireland	ireland	2372660
iris	iris	501331
Irish	irish	2363008
iron	iron	3963358
ironic	ironic	446838
ironically	ironically	558883
irony	irony	624639
irrational	irrational	482483
irregular	irregular	768117
irrelevant	irrelevant	665362
irrigation	irrigation	684413
irritation	irritation	479761
is	is	637082466
Islam	islam	1738805
Islamic	islamic	2050629
island	island	5265789
islands	islands	2126649
isolated	isolated	2113334
isolation	isolation	1384665
Israel	israel	4831754
Israeli	israeli	936893
Israelites	israelites	417227
issue	issue	8979073
issued	issued	2662837
issues	issues	10974964
issuing	issuing	466010
ist	ist	415354
it	it	524072840
Italian	italian	2906242
Italy	italy	2865399
item	item	2728281
items	items	4366645
its	its	88206348
itself	itself	13949973
ivory	ivory	411369
ivy	ivy	478795
jacket	jacket	1535890
jade	jade	415482
jail	jail	1073908
jam	jam	448288
January	january	5411247
Japan	japan	4023106
Japanese	japanese	3935156
jar	jar	567890
jaw	jaw	1304213
jazz	jazz	745420
jealous	jealous	717584
jealousy	jealousy	568032
jeans	jeans	1159868
Jehovah	jehovah	480626
jerked	jerked	652025
jersey	jersey	1007623
Jesus	jesus	10153615
jet	jet	898436
Jew	jew	656251
jewelry	jewelry	453706
Jewish	jewish	4060193
Jews	jews	3142879
job	job	11327340
jobs	jobs	3065879
join	join	3511689
joined	joined	3407010
joining	joining	1054161
joint	joint	4268338
jointly	jointly	460308
joints	joints	837925
joke	joke	1131857
jokes	jokes	520755
journal	journal	14046471
journalism	journalism	611792
journalist	journalist	672381
journalists	journalists	1058973
journals	journals	894862
journey	journey	3651432
joy	joy	3189847
Judaism	judaism	578793
judge	judge	4301142
judged	judged	891598
judgement	judgement	737149
judges	judges	1676254
judging	judging	681874
judgment	judgment	3784580
judgments	judgments	1022727
judicial	judicial	1799975
juice	juice	1456961
July	july	6150465
jump	jump	1678534
jumped	jumped	1952489
jumping	jumping	733316
junction	junction	810136
June	june	6611743
jungle	jungle	640943
junior	junior	1052440
jurisdiction	jurisdiction	1796649
jurisdictions	jurisdictions	439203
jury	jury	1383669
just	just	70577441
justice	justice	7461063
justification	justification	1138725
justified	justified	1281787
justify	justify	1164970
juvenile	juvenile	894024
kay	kay	483875
keen	keen	1030986
keep	keep	17636455
keeper	keeper	420750
keeping	keeping	4346400
keeps	keeps	1554953
ken	ken	763034
Kenya	kenya	573405
kept	kept	9489139
kernel	kernel	491185
key	key	11826748
keyboard	keyboard	506846
keys	keys	1556718
keywords	keywords	592030
kick	kick	1041853
kicked	kicked	1110635
kicking	kicking	530576
kid	kid	2289852
kidding	kidding	443754
kidney	kidney	1085588
kids	kids	4400457
kill	kill	4674102
killed	killed	5307515
killer	killer	1045804
killing	killing	2140995
kin	kin	548453
kinase	kinase	519143
kind	kind	15795616
kindly	kindly	712380
kindness	kindness	946118
kinds	kinds	3500980
kinetic	kinetic	632291
king	king	13130911
kingdom	kingdom	4140435
kings	kings	1826755
kinship	kinship	433838
kiss	kiss	3240017
kissed	kissed	2426000
kisses	kisses	676688
kissing	kissing	908559
kit	kit	895934
kitchen	kitchen	4950938
kitty	kitty	456937
knee	knee	1777515
knees	knees	2496767
knelt	knelt	554187
knew	knew	22991384
knife	knife	2077373
knight	knight	1177794
knights	knights	587282
knock	knock	1167197
knocked	knocked	1260802
knocking	knocking	587441
knot	knot	596174
know	know	59229613
knowing	knowing	5122144
knowledge	knowledge	16158628
known	known	18186302
knows	knows	5243395
Korea	korea	1661543
Korean	korean	1172885
lab	lab	1271313
label	label	1696049
labeled	labeled	1002300
labeling	labeling	449842
labels	labels	880703
labor	labor	5680389
laboratories	laboratories	521556
laboratory	laboratory	2616661
labour	labour	4108880
lace	lace	507784
lack	lack	6983383
lacked	lacked	740502
lacking	lacking	1077567
lacks	lacks	589237
lad	lad	658694
ladder	ladder	834360
laden	laden	580117
ladies	ladies	1893385
lady	lady	6481354
laid	laid	3625677
lake	lake	3788830
lakes	lakes	815842
lamb	lamb	906141
lamp	lamp	1018916
lamps	lamps	507668
lance	lance	465890
land	land	14029161
landed	landed	1443350
landing	landing	1473611
landlord	landlord	533246
lands	lands	2044203
landscape	landscape	2484304
landscapes	landscapes	535062
lane	lane	1578908
language	language	15484484
languages	languages	2759099
lap	lap	1246242
laptop	laptop	559037
large	large	23194879
largely	largely	3551868
larger	larger	6424039
largest	largest	3045588
laser	laser	1493765
last	last	27187410
lasted	lasted	845913
lasting	lasting	958856
late	late	11660224
lately	lately	793939
latent	latent	591813
later	later	22637491
lateral	lateral	1738593
latest	latest	1583973
Latin	latin	2976420
Latino	latino	434363
latitude	latitude	417486
latter	latter	5209037
lattice	lattice	667784
laugh	laugh	2994475
laughed	laughed	4627482
laughing	laughing	2091193
laughs	laughs	522081
laughter	laughter	1781500
launch	launch	1121940
launched	launched	1358264
laundry	laundry	507110
law	law	26297806
lawn	lawn	683558
laws	laws	6076694
lawyer	lawyer	1702153
lawyers	lawyers	1147760
lay	lay	6232434
layer	layer	4171063
layers	layers	2010389
laying	laying	865926
layout	layout	888061
lazy	lazy	556861
lead	lead	9528676
leader	leader	4358655
leaders	leaders	5339407
leadership	leadership	5036947
leading	leading	6111644
leads	leads	3947752
leaf	leaf	1415315
league	league	2027823
lean	lean	1340034
leaned	leaned	3071976
leaning	leaning	1353455
leap	leap	694506
leaped	leaped	436527
learn	learn	7679666
learned	learned	6037481
learner	learner	639721
learners	learners	1216017
learning	learning	16218126
learnt	learnt	549695
lease	lease	953583
least	least	19200087
leather	leather	1671940
leave	leave	12678431
leaves	leaves	4375485
leaving	leaving	6163636
Lebanon	lebanon	495204
lecture	lecture	1145526
lectures	lectures	863371
led	led	9396759
left	left	30663093
leg	leg	2901693
legacy	legacy	1200691
legal	legal	9246082
legally	legally	852108
legend	legend	884011
legendary	legendary	414497
legislation	legislation	2550959
legislative	legislative	1504439
legislature	legislature	773735
legitimacy	legitimacy	993608
legitimate	legitimate	1381061
legs	legs	4851892
leisure	leisure	861656
lemon	lemon	942499
lend	lend	591943
lending	lending	628910
length	length	6967468
lengths	lengths	674659
lengthy	lengthy	554097
lens	lens	1274161
lenses	lenses	433260
lent	lent	442844
lesbian	lesbian	616092
lesion	lesion	739133
lesions	lesions	1434619
less	less	23105153
lesser	lesser	1106078
lesson	lesson	2038827
lessons	lessons	2087358
lest	lest	637045
let	let	30916030
lethal	lethal	448719
lets	lets	722567
letter	letter	8093541
letters	letters	5055027
letting	letting	2085867
level	level	21144728
levels	levels	9923480
leverage	leverage	606690
levy	levy	473134
lexical	lexical	477091
liabilities	liabilities	805971
liability	liability	2154644
liable	liable	899610
liberal	liberal	2490516
liberalism	liberalism	547820
liberation	liberation	999546
liberty	liberty	1942205
libraries	libraries	963253
library	library	5452903
licence	licence	424715
license	license	1476538
licensed	licensed	614573
licensing	licensing	575763
licked	licked	464826
lid	lid	689152
lie	lie	3815653
lied	lied	618765
lies	lies	3242968
lieutenant	lieutenant	1481729
life	life	52800388
lifelong	lifelong	463129
lifestyle	lifestyle	1141436
lifetime	lifetime	1513451
lift	lift	1834058
lifted	lifted	3160325
lifting	lifting	993317
light	light	19634976
lighter	lighter	687693
lighting	lighting	1143221
lightly	lightly	1345514
lightning	lightning	974417
lights	lights	2741343
like	like	91498161
liked	liked	3490555
likelihood	likelihood	1328741
likely	likely	11999321
likes	likes	1227234
likewise	likewise	1672116
liking	liking	414351
lily	lily	1091897
limb	limb	801874
limbs	limbs	869481
lime	lime	583189
limit	limit	3784246
limitation	limitation	988431
limitations	limitations	2162714
limited	limited	8268460
limiting	limiting	1056611
limits	limits	3399034
line	line	17679757
lineage	lineage	427057
linear	linear	3544175
lined	lined	1166994
linen	linen	565102
lines	lines	7547400
lingering	lingering	436975
linguistic	linguistic	1748408
linguistics	linguistics	559477
lining	lining	534461
link	link	3465830
linkage	linkage	417229
linked	linked	3162475
linking	linking	900089
links	links	2427686
lion	lion	1032407
lip	lip	1612482
lipid	lipid	692582
lips	lips	6011553
liquid	liquid	3154346
liquidity	liquidity	469029
liquor	liquor	530986
list	list	8644296
listed	listed	2563508
listen	listen	4038045
listened	listened	1877444
listener	listener	426834
listeners	listeners	426057
listening	listening	3090058
listing	listing	1014649
lists	lists	1630631
lit	lit	1904002
literacy	literacy	1382758
literal	literal	717468
literally	literally	1685488
literary	literary	3135916
literature	literature	6896271
litigation	litigation	701439
little	little	38480869
live	live	11824730
lived	lived	6398657
lively	lively	585805
liver	liver	2253505
lives	lives	8817915
livestock	livestock	651923
living	living	12763564
lo	lo	870808
load	load	3222923
loaded	loaded	1314123
loading	loading	1188576
loads	loads	824263
loan	loan	2043730
loans	loans	1518548
lobby	lobby	724238
lobe	lobe	468290
local	local	16841357
localization	localization	473893
localized	localized	598445
locally	locally	943245
locals	locals	503752
locate	locate	905588
located	located	4183670
location	location	5228389
locations	locations	1867287
lock	lock	1664366
locked	locked	2179627
locks	locks	471899
locus	locus	494414
lodge	lodge	779335
log	log	1835881
logic	logic	3049878
logical	logical	1943392
logically	logically	421036
logistics	logistics	526146
logs	logs	525563
lone	lone	508813
loneliness	loneliness	474339
lonely	lonely	1059532
long	long	42975856
longed	longed	435570
longer	longer	11486061
longest	longest	561494
longing	longing	680075
longitudinal	longitudinal	912342
look	look	28724054
looked	looked	26146418
looking	looking	16484739
looks	looks	6014851
loop	loop	1834648
loops	loops	501181
loose	loose	2099515
loosely	loosely	459698
lord	lord	12008622
lords	lords	821420
lose	lose	3878468
loses	loses	542269
losing	losing	2171689
loss	loss	9186191
losses	losses	2020303
lost	lost	11101376
lot	lot	11281865
lots	lots	1956071
loud	loud	2607216
louder	louder	649943
loudly	loudly	885928
lounge	lounge	482691
love	love	23903118
loved	loved	5642289
lovely	lovely	1905131
lover	lover	1374825
lovers	lovers	778001
loves	loves	1406833
loving	loving	1843588
low	low	16796406
lower	lower	10808341
lowered	lowered	1482179
lowering	lowering	652349
lowest	lowest	1417201
loyal	loyal	825527
loyalty	loyalty	1202095
luck	luck	1838493
luckily	luckily	415469
lucky	lucky	1920595
lump	lump	544995
lunch	lunch	2571553
lung	lung	1644162
lungs	lungs	1118564
lust	lust	643582
luxury	luxury	877747
lying	lying	3315407
lymph	lymph	525549
lymphoma	lymphoma	413782
ma	ma	1426762
ma'am	ma'am	588387
machine	machine	4606701
machinery	machinery	990378
machines	machines	1678309
macro	macro	671976
mad	mad	1983372
madam	madam	541327
madame	madame	1022477
made	made	53366739
madness	madness	662039
magazine	magazine	2216519
magazines	magazines	835620
magic	magic	2613357
magical	magical	839428
magnesium	magnesium	456830
magnetic	magnetic	2360124
magnificent	magnificent	817698
magnitude	magnitude	1445997
maid	maid	864087
mail	mail	3338533
main	main	12030266
mainland	mainland	518112
mainly	mainly	3347604
mainstream	mainstream	1067012
maintain	maintain	4226013
maintained	maintained	2392173
maintaining	maintaining	1847610
maintains	maintains	740378
maintenance	maintenance	2794141
majesty	majesty	1008805
major	major	13040957
majority	majority	4710843
make	make	49269011
maker	maker	812934
makers	makers	1156627
makes	makes	11544412
makeup	makeup	605210
making	making	20416483
malaria	malaria	420101
Malaysia	malaysia	604397
male	male	5650840
males	males	1479074
malignant	malignant	646855
mall	mall	506233
mama	mama	1175520
mammals	mammals	515418
man	man	47905220
manage	manage	3021439
managed	managed	4456377
management	management	16501890
manager	manager	3609671
managerial	managerial	542635
managers	managers	2577238
managing	managing	2087399
mandate	mandate	682886
mandatory	mandatory	804734
manifest	manifest	1013710
manifestation	manifestation	643598
manifestations	manifestations	714629
manifested	manifested	555100
manipulate	manipulate	447875
manipulation	manipulation	772160
mankind	mankind	908026
manner	manner	6126972
manners	manners	751953
mansion	mansion	550254
mantle	mantle	434995
manual	manual	1711417
manufacture	manufacture	771274
manufactured	manufactured	730769
manufacturer	manufacturer	922469
manufacturers	manufacturers	898561
manufacturing	manufacturing	2338652
manuscript	manuscript	1223255
manuscripts	manuscripts	625857
many	many	54934235
map	map	4095460
mapping	mapping	1392904
maps	maps	1652358
mar	mar	583756
marble	marble	829833
march	march	6957693
marched	marched	724074
marching	marching	442600
margin	margin	1236869
marginal	marginal	1210656
margins	margins	706916
marine	marine	1968189
marital	marital	634883
maritime	maritime	743277
mark	mark	7715793
marked	marked	3260886
marker	marker	859535
markers	markers	926897
market	market	13286468
marketing	marketing	3403249
marketplace	marketplace	517183
markets	markets	3685563
marking	marking	684898
marks	marks	2170079
marriage	marriage	5595412
marriages	marriages	570182
married	married	5261846
marrow	marrow	625409
marry	marry	2114502
marrying	marrying	460333
marsh	marsh	524709
marshal	marshal	485482
martial	martial	588884
Marxist	marxist	433889
masculine	masculine	719145
masculinity	masculinity	522310
mask	mask	1318403
masks	masks	413327
mass	mass	7324802
massage	massage	455173
masses	masses	1172966
massive	massive	2221709
master	master	6281492
masters	masters	1142327
mastery	mastery	490062
mat	mat	499270
match	match	2949306
matched	matched	949184
matches	matches	765816
matching	matching	1328862
mate	mate	1211108
mater	mater	428639
material	material	10847763
materially	materially	566857
materials	materials	6960156
maternal	maternal	1110485
math	math	1446647
mathematical	mathematical	1877340
mathematics	mathematics	1837372
matrices	matrices	612377
matrix	matrix	3542574
matter	matter	14848089
mattered	mattered	567061
matters	matters	4326706
mattress	mattress	424336
mature	mature	1180402
maturity	maturity	891841
max	max	2678891
maximal	maximal	457199
maximize	maximize	595763
maximum	maximum	4225451
may	may	87868391
maybe	maybe	11252876
mayor	mayor	1088546
me	me	129881663
meal	meal	2309186
meals	meals	1136565
mean	mean	15844307
meaning	meaning	8569517
meaningful	meaningful	1550179
meanings	meanings	1375691
means	means	18971753
meant	meant	7368491
meantime	meantime	746284
meanwhile	meanwhile	1790087
measure	measure	6003458
measured	measured	3795572
measurement	measurement	3049279
measurements	measurements	2072372
measures	measures	5964764
measuring	measuring	1705731
meat	meat	2718284
mechanical	mechanical	2966145
mechanics	mechanics	1050959
mechanism	mechanism	3527792
mechanisms	mechanisms	3314151
media	media	8767036
medial	medial	672253
median	median	959972
mediated	mediated	1275585
mediation	mediation	694367
medical	medical	9248569
medication	medication	1352881
medications	medications	1040846
medicine	medicine	4507425
medicines	medicines	467601
medieval	medieval	1705893
meditation	meditation	1019774
Mediterranean	mediterranean	1049734
medium	medium	4211068
meet	meet	9085128
meeting	meeting	7886036
meetings	meetings	2358091
meets	meets	1055683
melancholy	melancholy	473215
melody	melody	551252
melt	melt	686863
melted	melted	672314
melting	melting	701397
member	member	7626456
members	members	13184827
membership	membership	1742567
membrane	membrane	2330641
membranes	membranes	757357
memoirs	memoirs	492518
memorable	memorable	419428
memorandum	memorandum	575847
memorial	memorial	1002523
memories	memories	2512405
memory	memory	7719718
men	men	29050023
mental	mental	6314428
mentally	mentally	882240
mention	mention	3059201
mentioned	mentioned	5421642
mentions	mentions	552551
mentor	mentor	573944
menu	menu	1660449
merchandise	merchandise	453553
merchant	merchant	978619
merchants	merchants	855485
mercury	mercury	715133
mercy	mercy	1596211
mere	mere	2530921
merely	merely	4282144
merger	merger	504393
merit	merit	825403
merits	merits	607963
merry	merry	550015
mesh	mesh	621767
mess	mess	1490526
message	message	5669094
messages	messages	2264594
messenger	messenger	717889
messiah	messiah	471093
met	met	9000818
meta	meta	1039976
metabolic	metabolic	1094564
metabolism	metabolism	1143989
metal	metal	4463278
metallic	metallic	590173
metals	metals	1066247
metaphor	metaphor	1071170
metaphors	metaphors	486711
metaphysical	metaphysical	547044
metaphysics	metaphysics	490301
meter	meter	653655
meters	meters	807664
method	method	12152620
methodological	methodological	690498
methodologies	methodologies	458844
methodology	methodology	1527760
methods	methods	9418621
methyl	methyl	477748
metres	metres	506650
metric	metric	787983
metrics	metrics	585155
metropolitan	metropolitan	842032
Mexican	mexican	1434188
Mexico	mexico	2777475
mice	mice	1315447
micro	micro	1039156
microbial	microbial	560119
microscope	microscope	424652
microscopic	microscopic	420315
microscopy	microscopy	496734
microwave	microwave	504013
mid	mid	3498815
middle	middle	10257915
midnight	midnight	1099641
midst	midst	1221954
might	might	36755136
mighty	mighty	1152996
migrant	migrant	604234
migrants	migrants	897971
migration	migration	2279310
mild	mild	1392334
mile	mile	1865850
miles	miles	5450890
military	military	9252593
militia	militia	421309
milk	milk	3185035
mill	mill	1236983
millennium	millennium	556750
million	million	7234082
millions	millions	1764514
mills	mills	804555
min	min	2029024
mind	mind	21291330
minded	minded	887359
minds	minds	2142900
mine	mine	5162748
mineral	mineral	1051746
minerals	minerals	749931
mines	mines	747245
mini	mini	628541
minimal	minimal	1432823
minimize	minimize	986156
minimum	minimum	3651382
mining	mining	1727020
minister	minister	3761496
ministers	ministers	1147357
ministry	ministry	2819045
minor	minor	2580004
minorities	minorities	744216
minority	minority	1995662
minus	minus	504443
minute	minute	4816515
minutes	minutes	10948171
miracle	miracle	935888
miracles	miracles	569527
mirror	mirror	2598861
mirrors	mirrors	511676
miserable	miserable	833737
misery	misery	765300
misleading	misleading	511045
miss	miss	6751125
missed	missed	2356008
missile	missile	509442
missing	missing	3212305
mission	mission	4228923
missionaries	missionaries	536914
missionary	missionary	685912
missions	missions	827160
mist	mist	664043
mistake	mistake	2231023
mistaken	mistaken	810394
mistakes	mistakes	1172186
mistress	mistress	971948
mitigation	mitigation	505282
mitochondrial	mitochondrial	424598
mix	mix	2313161
mixed	mixed	3431165
mixing	mixing	1076035
mixture	mixture	2443218
mo	mo	685780
moaned	moaned	455831
mob	mob	529520
mobile	mobile	3044046
mobility	mobility	1490932
mobilization	mobilization	511808
mock	mock	496143
mode	mode	4009792
model	model	19702444
modeled	modeled	516604
modeling	modeling	1884512
modelling	modelling	745955
models	models	7567646
moderate	moderate	1709138
modern	modern	9726452
modernity	modernity	916589
modernization	modernization	460433
modes	modes	1692362
modest	modest	1082956
modification	modification	1159080
modifications	modifications	770858
modified	modified	2217229
modify	modify	929122
modulation	modulation	521084
module	module	1153981
modules	modules	639454
moist	moist	460801
moisture	moisture	883435
mold	mold	426915
molecular	molecular	2760357
molecule	molecule	1124506
molecules	molecules	2047263
mom	mom	4426499
moment	moment	16714691
moments	moments	3291523
momentum	momentum	1078984
monarch	monarch	421451
monarchy	monarchy	490810
monastery	monastery	501693
Monday	monday	1201533
monetary	monetary	1539576
money	money	15138213
monitor	monitor	1953741
monitored	monitored	643248
monitoring	monitoring	3266979
monk	monk	640916
monkey	monkey	566432
monks	monks	574795
monopoly	monopoly	600230
monsieur	monsieur	598550
monster	monster	973840
monsters	monsters	420470
month	month	5516009
monthly	monthly	1433800
months	months	10198214
monument	monument	572452
monuments	monuments	434012
mood	mood	2255338
moon	moon	2871187
moonlight	moonlight	513736
moral	moral	6216179
morality	morality	1228111
morally	morally	635641
more	more	131676291
moreover	moreover	4436784
morning	morning	11713712
morphological	morphological	432160
morphology	morphology	704806
morrow	morrow	628256
mortal	mortal	693744
mortality	mortality	1732998
mortgage	mortgage	1024241
moss	moss	487031
most	most	62427987
mostly	mostly	3726087
mother	mother	19901146
mothers	mothers	1812635
motion	motion	4883441
motioned	motioned	446586
motions	motions	675490
motivated	motivated	1178550
motivation	motivation	1825484
motivations	motivations	464888
motive	motive	781906
motives	motives	859057
motor	motor	2976709
mount	mount	1613480
mountain	mountain	3551488
mountains	mountains	2504581
mounted	mounted	1216446
mounting	mounting	445525
mourning	mourning	547506
mouse	mouse	1460048
mouth	mouth	9279831
mouths	mouths	517061
move	move	11602133
moved	moved	9338782
movement	movement	9661963
movements	movements	3507595
moves	moves	2317713
movie	movie	2260066
movies	movies	1198953
moving	moving	7193934
much	much	48964608
mud	mud	1152000
mug	mug	470567
Muhammad	muhammad	594172
multi	multi	2310052
multicultural	multicultural	427761
multiple	multiple	6981891
multiplication	multiplication	432176
multiplied	multiplied	429211
multiply	multiply	501223
multitude	multitude	684612
mum	mum	1509617
mumbled	mumbled	450608
municipal	municipal	993826
murder	murder	2844272
murdered	murdered	887652
murderer	murderer	491449
murders	murders	445530
murmured	murmured	1198256
muscle	muscle	3458880
muscles	muscles	2244103
muscular	muscular	687393
museum	museum	3156571
museums	museums	585362
music	music	9595444
musical	musical	2120932
musicians	musicians	746021
Muslim	muslim	2195516
Muslims	muslims	1288419
must	must	43341708
mutation	mutation	722258
mutations	mutations	866220
muttered	muttered	1253442
mutual	mutual	2123813
mutually	mutually	713278
my	my	162536722
myocardial	myocardial	555016
myself	myself	10953667
mysteries	mysteries	485005
mysterious	mysterious	1087325
mystery	mystery	1653104
mystical	mystical	481334
myth	myth	1304267
myths	myths	631552
nail	nail	638508
nails	nails	704755
naked	naked	1837753
name	name	21021049
named	named	4436775
namely	namely	2190740
names	names	5144951
naming	naming	566712
nanoparticles	nanoparticles	619132
narrative	narrative	3892675
narratives	narratives	1335296
narrator	narrator	669622
narrow	narrow	3149509
narrowed	narrowed	747252
nasal	nasal	591119
nasty	nasty	582561
nation	nation	5888490
national	national	21103809
nationalism	nationalism	988577
nationalist	nationalist	725266
nationality	nationality	502794
nations	nations	5023712
native	native	3877373
natives	natives	637777
natural	natural	12147677
naturally	naturally	2607451
nature	nature	16343045
nausea	nausea	594216
naval	naval	1274939
navigate	navigate	471537
navigation	navigation	868074
navy	navy	1766854
nay	nay	484312
Nazi	nazi	892532
near	near	10939686
nearby	nearby	2164288
nearer	nearer	661045
nearest	nearest	1198172
nearly	nearly	6695191
neat	neat	688267
neatly	neatly	615078
necessarily	necessarily	3278993
necessary	necessary	11810066
necessity	necessity	1871525
neck	neck	5141208
necrosis	necrosis	412074
need	need	37398036
needed	needed	14213295
needing	needing	597530
needle	needle	1166326
needles	needles	426249
needs	needs	11941134
negative	negative	7110439
negatively	negatively	619419
neglect	neglect	909796
neglected	neglected	860154
negligence	negligence	462245
negotiate	negotiate	712339
negotiated	negotiated	578215
negotiating	negotiating	599791
negotiation	negotiation	854844
negotiations	negotiations	1380573
negro	negro	866095
neighbor	neighbor	1016686
neighborhood	neighborhood	1686185
neighborhoods	neighborhoods	543562
neighboring	neighboring	579822
neighbors	neighbors	1216491
neighbour	neighbour	458209
neighbourhood	neighbourhood	585446
neighbours	neighbours	606829
neither	neither	6508327
nephew	nephew	556920
nerve	nerve	2455992
nerves	nerves	1181815
nervous	nervous	2632915
nervously	nervously	494269
nest	nest	778890
net	net	3745293
Netherlands	netherlands	1315370
network	network	7959604
networking	networking	733641
networks	networks	3935740
neural	neural	1463170
neurological	neurological	533629
neuron	neuron	426299
neurons	neurons	1171738
neuroscience	neuroscience	518538
neutral	neutral	1639055
never	never	37259417
nevertheless	nevertheless	3629561
new	new	84282009
newborn	newborn	499560
newer	newer	484958
newly	newly	1982043
news	news	9402379
newspaper	newspaper	2194802
newspapers	newspapers	1454449
next	next	24377908
nice	nice	4862331
nicely	nicely	470575
nickel	nickel	419103
niece	niece	419742
Nigeria	nigeria	694923
night	night	20603811
nightmare	nightmare	649549
nights	nights	1527651
nine	nine	3912186
nineteen	nineteen	559808
nineteenth	nineteenth	2552116
ninety	ninety	687737
ninth	ninth	676268
nipples	nipples	436016
nitrogen	nitrogen	1115373
no	no	117040372
nobility	nobility	412961
noble	noble	1633442
nobody	nobody	2648373
nod	nod	1036742
nodded	nodded	6162921
nodding	nodding	543218
node	node	1913524
nodes	nodes	1659853
nods	nods	461909
noise	noise	3799302
noises	noises	459821
noisy	noisy	484735
nominal	nominal	768158
non	non	14395047
none	none	6395005
nonetheless	nonetheless	1559012
nonlinear	nonlinear	890154
nonprofit	nonprofit	549926
nonsense	nonsense	780392
noon	noon	865905
nor	nor	9566003
norm	norm	1108453
normal	normal	8653833
normally	normally	2831883
normative	normative	1135611
norms	norms	1881455
north	north	11287102
northeast	northeast	592521
northern	northern	3921318
northwest	northwest	737860
Norway	norway	771139
Norwegian	norwegian	541226
nose	nose	3221517
not	not	477309054
notable	notable	931184
notably	notably	1127813
notation	notation	627090
note	note	11502353
notebook	notebook	584962
noted	noted	5903342
notes	notes	6246821
nothing	nothing	21540535
notice	notice	6053727
noticeable	noticeable	412981
noticed	noticed	4086954
notices	notices	487968
noticing	noticing	519472
notification	notification	560618
notify	notify	430778
noting	noting	1031126
notion	notion	3545849
notions	notions	1113720
notorious	notorious	418951
notwithstanding	notwithstanding	796420
noun	noun	833135
novel	novel	4203722
novels	novels	1102712
November	november	4723912
now	now	67354093
nowadays	nowadays	568876
nowhere	nowhere	1443529
nuclear	nuclear	3623241
nuclei	nuclei	580255
nucleus	nucleus	995922
number	number	30689155
numbered	numbered	547752
numbers	numbers	6728734
numerical	numerical	1397647
numerous	numerous	3433202
nurse	nurse	2529769
nursery	nursery	464323
nurses	nurses	1328201
nursing	nursing	2313951
nutrient	nutrient	594888
nutrients	nutrients	679857
nutrition	nutrition	1324803
nutritional	nutritional	650864
nuts	nuts	791333
o'clock	o'clock	1572325
oak	oak	986407
oaks	oaks	468265
oath	oath	698061
obedience	obedience	775382
obesity	obesity	885697
obey	obey	868807
object	object	7898897
objection	objection	824545
objections	objections	619005
objective	objective	3737143
objectives	objectives	2562589
objects	objects	5240136
obligation	obligation	1705476
obligations	obligations	1853732
obliged	obliged	1007720
obscure	obscure	656455
observation	observation	2850281
observations	observations	2656595
observe	observe	2054245
observed	observed	6696380
observer	observer	1022351
observers	observers	669685
observes	observes	568369
observing	observing	951501
obstacle	obstacle	563088
obstacles	obstacles	845377
obstruction	obstruction	635383
obtain	obtain	3932756
obtained	obtained	6368929
obtaining	obtaining	1082710
obvious	obvious	4116880
obviously	obviously	3570455
occasion	occasion	2302729
occasional	occasional	1218715
occasionally	occasionally	2168065
occasions	occasions	1379366
occupation	occupation	1440006
occupational	occupational	1008114
occupations	occupations	486700
occupied	occupied	1959370
occupy	occupy	801656
occur	occur	5727926
occurred	occurred	3834029
occurrence	occurrence	1272685
occurring	occurring	1398273
occurs	occurs	4442736
ocean	ocean	2700490
October	october	5230534
odd	odd	2082956
odds	odds	1015717
of	of	2152275896
off	off	38281361
offence	offence	741189
offended	offended	452623
offender	offender	575734
offenders	offenders	795395
offense	offense	737893
offensive	offensive	898282
offer	offer	7098507
offered	offered	5958222
offering	offering	2831173
offerings	offerings	657733
offers	offers	3637704
office	office	13262721
officer	officer	4916195
officers	officers	4104772
offices	offices	1628694
official	official	4376705
officially	officially	852782
officials	officials	2899606
offset	offset	745048
offshore	offshore	507428
offspring	offspring	708259
often	often	26897705
ofthe	ofthe	2359380
oh	oh	11612815
oil	oil	7688119
oils	oils	580504
OK	ok	1512205
ok	ok	448160
okay	okay	6050995
old	old	30139820
older	older	5981290
oldest	oldest	966014
olive	olive	1278348
Olympic	olympic	524157
om	om	445984
omitted	omitted	599032
on	on	423730145
once	once	25599389
one	one	175145760
ones	ones	6558066
oneself	oneself	814637
ongoing	ongoing	1945104
onion	onion	745376
onions	onions	515289
online	online	5305037
only	only	87394577
onset	onset	1369670
onto	onto	6837199
ontological	ontological	469613
ontology	ontology	541168
onwards	onwards	416128
op	op	1277032
open	open	20276653
opened	opened	8289469
opening	opening	4702119
openly	openly	889273
openness	openness	548456
opens	opens	1403630
opera	opera	994009
operate	operate	2109328
operated	operated	1236943
operates	operates	818543
operating	operating	3920760
operation	operation	5762675
operational	operational	1669021
operations	operations	5339178
operative	operative	756674
operator	operator	1944244
operators	operators	1255107
opinion	opinion	4915558
opinions	opinions	1670262
opponent	opponent	713342
opponents	opponents	783262
opportunities	opportunities	4377305
opportunity	opportunity	6265767
oppose	oppose	491274
opposed	opposed	2276275
opposing	opposing	761345
opposite	opposite	4016411
opposition	opposition	2534274
oppressed	oppressed	414260
oppression	oppression	693231
opt	opt	460799
optic	optic	472001
optical	optical	1605946
optimal	optimal	1945087
optimism	optimism	455749
optimistic	optimistic	474300
optimization	optimization	1243846
optimum	optimum	550747
option	option	3893810
optional	optional	683653
options	options	3908236
or	or	296291078
oracle	oracle	466428
oral	oral	2772279
orange	orange	1947902
orbit	orbit	687705
orbital	orbital	503110
orchestra	orchestra	464847
order	order	26845240
ordered	ordered	3635557
ordering	ordering	846793
orderly	orderly	437719
orders	orders	3658442
ordinary	ordinary	3225523
ore	ore	433531
organ	organ	1384200
organic	organic	2778479
organisation	organisation	1746356
organisational	organisational	463979
organisations	organisations	1127605
organised	organised	619428
organism	organism	825014
organisms	organisms	1197022
organization	organization	9196637
organizational	organizational	2738678
organizations	organizations	5579867
organize	organize	917898
organized	organized	2873267
organizing	organizing	1005428
organs	organs	1228817
oriental	oriental	431517
orientation	orientation	2090611
oriented	oriented	1995106
origin	origin	3454594
original	original	7715047
originally	originally	2330174
originated	originated	579720
originating	originating	515420
origins	origins	1735951
orthodox	orthodox	832537
other	other	108779156
others	others	22544208
otherwise	otherwise	5917819
Ottoman	ottoman	716108
ought	ought	2812607
ounce	ounce	448128
ounces	ounces	414225
our	our	73906088
ours	ours	932308
ourselves	ourselves	3701837
out	out	122547563
outbreak	outbreak	559722
outcome	outcome	3417419
outcomes	outcomes	3631977
outdoor	outdoor	729952
outer	outer	1980248
outfit	outfit	474115
outlet	outlet	511338
outline	outline	1256577
outlined	outlined	1078295
outlines	outlines	491412
outlook	outlook	776573
output	output	4513783
outputs	outputs	567349
outright	outright	411850
outset	outset	487937
outside	outside	12863225
outsiders	outsiders	416825
outstanding	outstanding	1000335
outward	outward	782989
oven	oven	1149154
over	over	76530116
overall	overall	5319818
overcome	overcome	2039437
overcoming	overcoming	423826
overhead	overhead	1135026
overlap	overlap	772982
overlapping	overlapping	534102
overlooked	overlooked	608649
overly	overly	553880
overnight	overnight	774798
overseas	overseas	975473
oversight	oversight	590199
overt	overt	421253
overview	overview	1994599
overwhelmed	overwhelmed	691231
overwhelming	overwhelming	974823
owe	owe	845133
owed	owed	728493
owing	owing	872908
own	own	41387151
owned	owned	2521002
owner	owner	3154205
owners	owners	1971509
ownership	ownership	2032881
owns	owns	505956
oxidation	oxidation	897875
oxidative	oxidative	440848
oxide	oxide	989698
oxygen	oxygen	2638667
pa	pa	613746
pace	pace	1763606
pacing	pacing	444950
pack	pack	1803021
package	package	1683865
packages	packages	660131
packaging	packaging	583304
packed	packed	1411654
packet	packet	764043
packing	packing	654468
pad	pad	628538
pagan	pagan	449887
page	page	8155066
pages	pages	3368467
paid	paid	6166968
pain	pain	10090843
painful	painful	1650602
pains	pains	611060
paint	paint	1597152
painted	painted	1648704
painter	painter	600240
painting	painting	2093387
paintings	paintings	1005490
pair	pair	3624072
paired	paired	415008
pairs	pairs	1451760
Pakistan	pakistan	1123949
palace	palace	2004380
pale	pale	2339106
Palestine	palestine	697611
Palestinian	palestinian	654452
palm	palm	1705888
palms	palms	747878
pan	pan	2034750
pancreatic	pancreatic	419394
panel	panel	2528036
panels	panels	721870
panic	panic	1518577
pants	pants	1205261
papa	papa	828906
paper	paper	10711749
papers	papers	4233662
paperwork	paperwork	422439
par	par	1094724
para	para	1730453
parade	parade	553832
paradigm	paradigm	1230596
paradise	paradise	797322
paradox	paradox	664186
paragraph	paragraph	3180416
paragraphs	paragraphs	742412
parallel	parallel	5214455
parallels	parallels	453812
parameter	parameter	2064061
parameters	parameters	3750000
pardon	pardon	623333
parent	parent	3019529
parental	parental	945325
parenting	parenting	625680
parents	parents	10113280
parish	parish	759657
park	park	5637908
parked	parked	963941
parking	parking	1600134
parks	parks	912661
parliament	parliament	2161033
parliamentary	parliamentary	854513
part	part	39223352
parted	parted	664196
partial	partial	2279650
partially	partially	1457486
participant	participant	1080939
participants	participants	4103478
participate	participate	1997066
participated	participated	743865
participating	participating	984056
participation	participation	3512350
participatory	participatory	478457
particle	particle	1895071
particles	particles	2377029
particular	particular	15496752
particularly	particularly	9361448
parties	parties	5965105
partition	partition	652685
partly	partly	2102432
partner	partner	3455589
partners	partners	2403861
partnership	partnership	1912809
partnerships	partnerships	717470
parts	parts	8090013
party	party	15194588
pass	pass	5665331
passage	passage	3532540
passages	passages	1031854
passed	passed	7820166
passenger	passenger	1161507
passengers	passengers	1005055
passes	passes	1355718
passing	passing	3151645
passion	passion	2240910
passionate	passionate	755383
passions	passions	578210
passive	passive	1481554
password	password	541719
past	past	15983348
pasta	pasta	431018
paste	paste	593979
pastor	pastor	907641
pastoral	pastoral	549295
pat	pat	953177
patch	patch	983474
patches	patches	550094
patent	patent	1448648
patents	patents	544266
path	path	6196080
pathogens	pathogens	430814
pathological	pathological	431918
pathology	pathology	756202
paths	paths	1367107
pathway	pathway	1229433
pathways	pathways	1135537
patience	patience	1209140
patient	patient	10778252
patiently	patiently	450135
patients	patients	13837126
patrol	patrol	676506
patron	patron	442748
patted	patted	583441
pattern	pattern	5409198
patterns	patterns	4875844
pause	pause	1425367
paused	paused	2184336
pavement	pavement	551482
pay	pay	8716136
payable	payable	601708
paying	paying	2058789
payment	payment	3136451
payments	payments	2093963
pays	pays	793900
peace	peace	6884116
peaceful	peaceful	1154068
peak	peak	2275354
peaks	peaks	756252
pearl	pearl	817795
peasant	peasant	664805
peasants	peasants	675975
peculiar	peculiar	1057166
pedagogy	pedagogy	469001
pediatric	pediatric	785885
peel	peel	445271
peeled	peeled	455312
peer	peer	1468313
peered	peered	681376
peers	peers	1106785
pelvic	pelvic	472016
pen	pen	1434702
penalties	penalties	562769
penalty	penalty	1120195
pencil	pencil	685462
pending	pending	487335
penetrate	penetrate	430383
penetration	penetration	651757
peninsula	peninsula	631408
penis	penis	452815
penny	penny	816114
pension	pension	990217
people	people	64053054
peoples	peoples	1765414
pepper	pepper	1488130
peptide	peptide	535364
per	per	14982565
perceive	perceive	1084572
perceived	perceived	2865587
percent	percent	10370008
percentage	percentage	2783577
perception	perception	2788478
perceptions	perceptions	1397347
perceptual	perceptual	566038
perfect	perfect	5747426
perfection	perfection	845086
perfectly	perfectly	2679684
perform	perform	3801465
performance	performance	12110283
performances	performances	959090
performed	performed	4821136
performers	performers	459085
performing	performing	1904073
performs	performs	579628
perhaps	perhaps	14347017
perimeter	perimeter	422557
period	period	14579604
periodic	periodic	952156
periodically	periodically	439923
periods	periods	2536732
peripheral	peripheral	1276668
periphery	periphery	420498
permanent	permanent	2585704
permanently	permanently	681498
permeability	permeability	454270
permission	permission	3474721
permit	permit	1768024
permits	permits	911017
permitted	permitted	1731820
perpendicular	perpendicular	508873
perpetual	perpetual	483107
persecution	persecution	503044
Persian	persian	763811
persist	persist	479167
persisted	persisted	472567
persistence	persistence	615161
persistent	persistent	1145604
person	person	21580688
personal	personal	11748145
personalities	personalities	429829
personality	personality	3132007
personally	personally	1541652
personnel	personnel	2373599
persons	persons	5184426
perspective	perspective	5788412
perspectives	perspectives	2430607
persuade	persuade	727948
persuaded	persuaded	652866
persuasion	persuasion	443381
persuasive	persuasive	414668
pertaining	pertaining	505316
pertinent	pertinent	467762
Peru	peru	482418
pervasive	pervasive	466045
pet	pet	891329
petition	petition	953638
petroleum	petroleum	717440
petty	petty	538380
pharmaceutical	pharmaceutical	641588
phase	phase	6939391
phases	phases	1380951
phenomena	phenomena	1723038
phenomenon	phenomenon	2337253
Philippines	philippines	640977
philosopher	philosopher	933275
philosophers	philosophers	897351
philosophical	philosophical	2118273
philosophy	philosophy	4740317
phoenix	phoenix	494087
phone	phone	7745751
phones	phones	701670
phosphate	phosphate	657315
photo	photo	2342085
photograph	photograph	1399005
photographer	photographer	454166
photographs	photographs	1422775
photography	photography	772368
photon	photon	423873
photos	photos	1352586
phrase	phrase	2114542
phrases	phrases	926115
physical	physical	11325970
physically	physically	1578835
physician	physician	1691990
physicians	physicians	1098737
physics	physics	1818924
physiological	physiological	1129639
physiology	physiology	718777
piano	piano	970219
pick	pick	3527412
picked	picked	4020305
picking	picking	1195708
picks	picks	426400
picnic	picnic	463161
picture	picture	6072454
pictures	pictures	2809847
pie	pie	842124
piece	piece	5449524
pieces	pieces	3598310
pierce	pierce	445628
pig	pig	807285
pigs	pigs	619854
pile	pile	1281295
piled	piled	449821
piles	piles	433012
pillar	pillar	468004
pillars	pillars	487785
pillow	pillow	772446
pills	pills	461465
pilot	pilot	1760068
pilots	pilots	554614
pin	pin	916811
pinch	pinch	449789
pine	pine	995640
pink	pink	1942319
pinned	pinned	428495
pioneer	pioneer	434331
pipe	pipe	1356815
pipeline	pipeline	516720
pipes	pipes	536781
pistol	pistol	747102
pit	pit	1010624
pitch	pitch	1336563
pitched	pitched	537864
pity	pity	1150990
pizza	pizza	651834
place	place	33683447
placebo	placebo	487645
placed	placed	7168972
placement	placement	1143208
places	places	6487061
placing	placing	1457157
plague	plague	638238
plain	plain	2530348
plainly	plainly	512258
plains	plains	673023
plaintiff	plaintiff	998131
plan	plan	11768490
plane	plane	3652566
planes	planes	914812
planet	planet	1851042
planets	planets	552137
planned	planned	2958908
planning	planning	6690297
plans	plans	4993427
plant	plant	5904383
plantation	plantation	542416
planted	planted	962345
planting	planting	569625
plants	plants	4342220
plasma	plasma	1822412
plastic	plastic	2342767
plate	plate	3358187
plateau	plateau	453440
plates	plates	1409206
platform	platform	2241661
platforms	platforms	750533
plausible	plausible	672248
play	play	12215460
played	played	5108927
player	player	2278281
players	players	2633877
playing	playing	4796981
plays	plays	2666351
plaza	plaza	418126
plea	plea	555078
pleaded	pleaded	465194
pleading	pleading	420230
pleasant	pleasant	1692764
please	please	7584237
pleased	pleased	2167823
pleasing	pleasing	450377
pleasure	pleasure	4047140
pleasures	pleasures	561925
plenty	plenty	2124776
plot	plot	2048564
plots	plots	716722
plotted	plotted	423227
plug	plug	569900
plunged	plunged	439365
plural	plural	566592
plus	plus	3305537
pneumonia	pneumonia	483171
pocket	pocket	2823655
pockets	pockets	891682
poem	poem	2038303
poems	poems	1398047
poet	poet	1743851
poetic	poetic	763524
poetry	poetry	2466042
poets	poets	780892
point	point	26406143
pointed	pointed	4426741
pointing	pointing	1781310
points	points	8900392
poison	poison	760506
poisoning	poisoning	444351
Poland	poland	1123442
polar	polar	783115
polarization	polarization	549968
pole	pole	1095021
poles	poles	744379
police	police	8353383
policeman	policeman	471313
policies	policies	5295144
policing	policing	541600
policy	policy	15251756
polish	polish	1301921
polished	polished	610569
polite	polite	732325
politely	politely	423769
political	political	21084903
politically	politically	999047
politician	politician	455547
politicians	politicians	1282397
politics	politics	6984144
polity	polity	444885
pollution	pollution	1414688
poly	poly	478440
polymer	polymer	1138514
polymers	polymers	599485
polynomial	polynomial	464606
pond	pond	688606
pool	pool	2415463
pools	pools	515262
poor	poor	9664846
poorly	poorly	958774
pop	pop	1431563
pope	pope	1370764
popped	popped	606407
popular	popular	5967291
popularity	popularity	836581
population	population	10199390
populations	populations	2296478
porch	porch	1071520
pore	pore	462233
pork	pork	616366
porous	porous	426499
port	port	2698694
portable	portable	487633
portal	portal	706662
porter	porter	807005
portfolio	portfolio	1212953
portion	portion	2868588
portions	portions	820547
portrait	portrait	1122604
portraits	portraits	445097
portrayed	portrayed	550722
ports	ports	769486
Portugal	portugal	693885
Portuguese	portuguese	832553
pose	pose	944480
posed	posed	868356
poses	poses	475331
position	position	13939771
positioned	positioned	799608
positioning	positioning	747960
positions	positions	3454875
positive	positive	9291569
positively	positively	1019372
possess	possess	1519669
possessed	possessed	1356303
possesses	possesses	517164
possession	possession	2016286
possessions	possessions	590111
possibilities	possibilities	1986491
possibility	possibility	4500651
possible	possible	20200146
possibly	possibly	3815932
post	post	8253600
posted	posted	806408
poster	poster	432262
posterior	posterior	1363035
postoperative	postoperative	538782
posts	posts	842657
posture	posture	678228
postwar	postwar	569134
pot	pot	1501694
potassium	potassium	648946
potato	potato	708155
potatoes	potatoes	928460
potent	potent	620399
potential	potential	11051022
potentially	potentially	2242168
potentials	potentials	499738
pots	pots	436399
potter	potter	437119
pound	pound	1198605
pounding	pounding	624944
pounds	pounds	1733744
pour	pour	1407357
poured	poured	1388862
pouring	pouring	619372
poverty	poverty	3036584
powder	powder	1525929
power	power	27054937
powered	powered	525633
powerful	powerful	5298972
powers	powers	4069367
practical	practical	4463816
practically	practically	1350998
practice	practice	13987313
practiced	practiced	742265
practices	practices	6582738
practicing	practicing	623349
practitioner	practitioner	722460
practitioners	practitioners	1250212
pragmatic	pragmatic	637138
praise	praise	1745633
praised	praised	513402
pray	pray	2051139
prayed	prayed	898998
prayer	prayer	3078420
prayers	prayers	1089801
praying	praying	777845
pre	pre	4210241
preacher	preacher	497528
preaching	preaching	634514
precautions	precautions	429634
preceded	preceded	538609
precedent	precedent	429923
preceding	preceding	1411950
precious	precious	1499291
precipitation	precipitation	570657
precise	precise	1647560
precisely	precisely	2486854
precision	precision	1046484
precursor	precursor	440679
predict	predict	1325109
predictable	predictable	550680
predicted	predicted	1442082
predicting	predicting	521695
prediction	prediction	1290268
predictions	predictions	741238
predictive	predictive	592908
predominantly	predominantly	777167
preface	preface	722251
prefer	prefer	1799360
preference	preference	1384103
preferences	preferences	1346385
preferred	preferred	2310914
pregnancy	pregnancy	2091332
pregnant	pregnant	1651573
prejudice	prejudice	838420
preliminary	preliminary	1302667
premature	premature	530124
premise	premise	574201
premises	premises	909281
premium	premium	769840
preparation	preparation	2704794
preparations	preparations	760532
prepare	prepare	2547724
prepared	prepared	5169521
preparing	preparing	1696654
prescribed	prescribed	1181911
prescription	prescription	668333
presence	presence	8643556
present	present	17830399
presentation	presentation	2515174
presentations	presentations	555983
presented	presented	6940230
presenting	presenting	1183630
presently	presently	958663
presents	presents	2519460
preservation	preservation	1062245
preserve	preserve	1346047
preserved	preserved	1195060
preserving	preserving	604951
presidency	presidency	593757
president	president	8294102
presidential	presidential	1259171
presidents	presidents	482796
press	press	22244225
pressed	pressed	2799414
pressing	pressing	1353239
pressure	pressure	9283485
pressures	pressures	1233993
prestige	prestige	505995
presumably	presumably	1184391
presumed	presumed	573112
pretend	pretend	940683
pretended	pretended	537179
pretending	pretending	573007
pretty	pretty	6052263
prevailing	prevailing	679132
prevalence	prevalence	1152384
prevalent	prevalent	593153
prevent	prevent	4638805
prevented	prevented	1040662
preventing	preventing	1051416
prevention	prevention	2447604
preventive	preventive	491751
prevents	prevents	690589
previous	previous	6944667
previously	previously	4046180
prey	prey	878261
price	price	8393145
prices	prices	3447309
pricing	pricing	828700
pride	pride	2183874
priest	priest	2146430
priests	priests	1305156
primarily	primarily	3307241
primary	primary	7731468
prime	prime	2623649
primitive	primitive	1093405
prince	prince	3186361
princes	princes	537740
princess	princess	1460943
principal	principal	3395682
principally	principally	423954
principle	principle	5564244
principles	principles	5867053
print	print	2551475
printed	printed	2101485
printer	printer	509107
printing	printing	1211341
prints	prints	541468
prior	prior	5730826
priorities	priorities	1003585
priority	priority	1897980
prison	prison	3162128
prisoner	prisoner	1179613
prisoners	prisoners	1698808
prisons	prisons	463132
privacy	privacy	1769381
private	private	10243787
privately	privately	584567
privilege	privilege	1222137
privileged	privileged	727541
privileges	privileges	715886
prize	prize	1172777
pro	pro	2010634
probabilities	probabilities	607316
probability	probability	3438837
probable	probable	939372
probably	probably	11902579
probe	probe	812189
problem	problem	17497672
problematic	problematic	1125606
problems	problems	13063849
procedural	procedural	722058
procedure	procedure	4713858
procedures	procedures	4376255
proceed	proceed	1452616
proceeded	proceeded	981918
proceeding	proceeding	915031
proceedings	proceedings	3292118
proceeds	proceeds	950567
process	process	26495218
processed	processed	961634
processes	processes	8013713
processing	processing	4287544
procession	procession	447627
processor	processor	600639
proclaimed	proclaimed	613856
procurement	procurement	586676
produce	produce	6183911
produced	produced	6729223
producer	producer	1013528
producers	producers	1116750
produces	produces	1835097
producing	producing	2320044
product	product	8996758
production	production	11844650
productions	productions	508428
productive	productive	1388804
productivity	productivity	1654607
products	products	8021973
profession	profession	1427469
professional	professional	6473825
professionals	professionals	1865494
professions	professions	472979
professor	professor	3763735
professors	professors	541064
profile	profile	2511398
profiles	profiles	918784
profit	profit	3085407
profitable	profitable	621584
profits	profits	1538336
profound	profound	1400484
profoundly	profoundly	490249
prognosis	prognosis	528109
program	program	11721004
programme	programme	2341362
programmes	programmes	1249420
programming	programming	1554354
programs	programs	6250757
progress	progress	5074712
progression	progression	949372
progressive	progressive	1666647
prohibited	prohibited	782827
prohibition	prohibition	651949
project	project	12303965
projected	projected	939877
projection	projection	912976
projections	projections	600838
projects	projects	4601993
proliferation	proliferation	839459
prolonged	prolonged	972892
prominent	prominent	1952486
promise	promise	3870751
promised	promised	2631690
promises	promises	1219559
promising	promising	1125464
promote	promote	2724318
promoted	promoted	1123756
promotes	promotes	636472
promoting	promoting	1467844
promotion	promotion	1665533
prompt	prompt	707769
prompted	prompted	814636
promptly	promptly	680790
prone	prone	766309
pronounced	pronounced	1012333
proof	proof	3117117
propaganda	propaganda	749566
propagation	propagation	708310
proper	proper	4525436
properly	properly	2740863
properties	properties	6346515
property	property	9953429
prophecy	prophecy	598187
prophet	prophet	1357281
prophetic	prophetic	435181
prophets	prophets	778886
proportion	proportion	2200004
proportional	proportional	842756
proportions	proportions	641733
proposal	proposal	1989716
proposals	proposals	1113522
propose	propose	1107579
proposed	proposed	5972061
proposes	proposes	558304
proposition	proposition	1320842
propositions	propositions	550170
prose	prose	634755
prosecution	prosecution	830479
prosecutor	prosecutor	525133
prospect	prospect	1175830
prospective	prospective	1025652
prospects	prospects	926233
prosperity	prosperity	831821
prostate	prostate	556309
protect	protect	4458744
protected	protected	2211800
protecting	protecting	1267921
protection	protection	6608032
protective	protective	1451492
protects	protects	431121
protein	protein	4779432
proteins	proteins	2369170
protest	protest	1523081
Protestant	protestant	935887
protested	protested	593792
protests	protests	673220
protocol	protocol	1965536
protocols	protocols	840618
proton	proton	439993
prototype	prototype	509713
proud	proud	2146826
proudly	proudly	460307
prove	prove	3383860
proved	proved	2949362
proven	proven	1040814
proverbs	proverbs	448400
proves	proves	550856
provide	provide	14747041
provided	provided	10922974
providence	providence	503684
provider	provider	1218273
providers	providers	1351823
provides	provides	7764535
providing	providing	4496095
province	province	1500219
provinces	provinces	847590
provincial	provincial	922212
proving	proving	557147
provision	provision	2776583
provisions	provisions	3146065
provoked	provoked	417727
proximal	proximal	654610
proximity	proximity	832468
proxy	proxy	427365
psalm	psalm	760103
psalms	psalms	647542
pseudo	pseudo	520285
psychiatric	psychiatric	1079260
psychiatry	psychiatry	1026540
psychic	psychic	595655
psychoanalysis	psychoanalysis	487436
psychological	psychological	3838481
psychologist	psychologist	626751
psychologists	psychologists	623559
psychology	psychology	4403766
psychotherapy	psychotherapy	638735
pub	pub	1212285
public	public	25901195
publication	publication	3187973
publications	publications	2023722
publicity	publicity	594348
publicly	publicly	1116917
publish	publish	815986
published	published	7963539
publisher	publisher	1845123
publishers	publishers	1416457
publishing	publishing	2904342
pull	pull	3515881
pulled	pulled	7966065
pulling	pulling	2251291
pulls	pulls	695203
pulmonary	pulmonary	1470328
pulse	pulse	1747519
pulses	pulses	425106
pump	pump	1181508
pumping	pumping	445172
pumps	pumps	427482
punch	punch	778231
punched	punched	418399
punish	punish	576230
punished	punished	631418
punishment	punishment	2122234
pupil	pupil	584024
pupils	pupils	1068724
purchase	purchase	2754128
purchased	purchased	1436837
purchases	purchases	703358
purchasing	purchasing	787775
pure	pure	3507714
purely	purely	1290476
purity	purity	717878
purple	purple	1227601
purpose	purpose	8727308
purposes	purposes	4603630
purse	purse	835065
pursuant	pursuant	1277150
pursue	pursue	1446475
pursued	pursued	972505
pursuing	pursuing	766802
pursuit	pursuit	1315733
push	push	2570668
pushed	pushed	4021165
pushing	pushing	1711806
pussy	pussy	596687
put	put	24738831
puts	puts	1684146
putting	putting	3465041
puzzle	puzzle	588382
puzzled	puzzled	638449
pyramid	pyramid	458972
qualification	qualification	430627
qualifications	qualifications	603848
qualified	qualified	1497648
qualify	qualify	593945
qualitative	qualitative	1578812
qualities	qualities	1745838
quality	quality	10768537
quantitative	quantitative	1638271
quantities	quantities	1192229
quantity	quantity	2225244
quantum	quantum	1527101
quarter	quarter	2262759
quarterly	quarterly	1574697
quarters	quarters	1295639
quasi	quasi	723776
queen	queen	3626042
queer	queer	736319
queries	queries	474817
query	query	1064229
quest	quest	1012854
question	question	18257746
questionable	questionable	412317
questioned	questioned	1098697
questioning	questioning	1069617
questionnaire	questionnaire	706636
questions	questions	12415050
quick	quick	4419848
quickly	quickly	9352568
quiet	quiet	4346531
quietly	quietly	2554465
quit	quit	964976
quite	quite	13532217
quotation	quotation	557288
quotations	quotations	476621
quote	quote	1126574
quoted	quoted	1875653
quotes	quotes	547278
rabbi	rabbi	424123
rabbit	rabbit	736344
race	race	5428207
raced	raced	666659
races	races	858828
racial	racial	2377855
racing	racing	913310
racism	racism	911149
racist	racist	467358
rack	rack	549510
radar	radar	639824
radial	radial	603662
radiation	radiation	2377865
radical	radical	2548216
radically	radically	518950
radicals	radicals	442279
radio	radio	3536296
radius	radius	1035809
rage	rage	1231405
ragged	ragged	421169
raid	raid	489280
rail	rail	1092262
railroad	railroad	960571
railway	railway	1184584
rain	rain	3163815
rainbow	rainbow	485341
rainfall	rainfall	472689
raise	raise	2922767
raised	raised	6380421
raises	raises	1010941
raising	raising	1982017
ram	ram	416430
ran	ran	6539019
ranch	ranch	920808
random	random	3276172
randomized	randomized	844623
randomly	randomly	648837
rang	rang	1322749
range	range	10457424
ranged	ranged	428467
ranges	ranges	901385
ranging	ranging	1246358
rank	rank	1854484
ranked	ranked	476073
ranking	ranking	762858
ranks	ranks	1006832
rape	rape	1003285
rapid	rapid	2967549
rapidly	rapidly	2831167
rapids	rapids	425599
rare	rare	2958907
rarely	rarely	2513098
rash	rash	466863
rat	rat	1248825
rate	rate	14010389
rated	rated	608018
rates	rates	5978033
rather	rather	22072480
rating	rating	1134317
ratings	ratings	670540
ratio	ratio	4130382
rational	rational	2242287
rationale	rationale	756835
rationality	rationality	618674
ratios	ratios	888982
rats	rats	1112762
raven	raven	465938
raw	raw	2160268
ray	ray	2626288
rays	rays	989081
re	re	7144317
reach	reach	6095603
reached	reached	8956697
reaches	reaches	1343440
reaching	reaching	2530423
react	react	1110040
reacted	reacted	446551
reaction	reaction	5392395
reactions	reactions	2653013
reactive	reactive	843984
reactor	reactor	572507
read	read	13132298
reader	reader	3377242
readers	readers	2978416
readily	readily	1724006
readiness	readiness	572570
reading	reading	9290026
readings	readings	924952
reads	reads	1022823
ready	ready	8662467
real	real	16851069
realise	realise	669891
realised	realised	1204970
realism	realism	732338
realistic	realistic	1047685
realities	realities	846115
reality	reality	6522067
realization	realization	1058335
realize	realize	3097518
realized	realized	4883770
realizing	realizing	819293
really	really	21217265
realm	realm	1609548
rear	rear	1667763
reason	reason	13342475
reasonable	reasonable	3307758
reasonably	reasonably	1214198
reasoning	reasoning	1893594
reasons	reasons	6225137
rebel	rebel	610568
rebellion	rebellion	903193
rebels	rebels	564326
recall	recall	2426616
recalled	recalled	1387101
recalls	recalls	514423
receipt	receipt	711501
receipts	receipts	436341
receive	receive	4944189
received	received	8463167
receiver	receiver	945287
receives	receives	1130759
receiving	receiving	2438417
recent	recent	7976731
recently	recently	4798468
reception	reception	1297904
receptor	receptor	1723475
receptors	receptors	1156734
recession	recession	537303
recipe	recipe	886882
recipes	recipes	518954
recipient	recipient	865207
recipients	recipients	593626
reciprocal	reciprocal	559304
reckon	reckon	437711
recognise	recognise	683590
recognised	recognised	1063110
recognition	recognition	3816867
recognize	recognize	3304538
recognized	recognized	4036597
recognizes	recognizes	643160
recognizing	recognizing	912932
recommend	recommend	1127427
recommendation	recommendation	897706
recommendations	recommendations	1819924
recommended	recommended	2554727
reconciliation	reconciliation	753315
reconstruction	reconstruction	1412720
record	record	6228162
recorded	recorded	2968418
recording	recording	2031149
recordings	recordings	471090
records	records	4490544
recover	recover	1223674
recovered	recovered	1243149
recovering	recovering	450652
recovery	recovery	3005512
recreation	recreation	573737
recruited	recruited	460966
recruitment	recruitment	719620
rectangular	rectangular	527456
recurrence	recurrence	486391
recurrent	recurrent	739331
recycling	recycling	480861
red	red	11984008
redemption	redemption	610759
reduce	reduce	5074263
reduced	reduced	5278377
reduces	reduces	1289136
reducing	reducing	2343149
reduction	reduction	4195420
reductions	reductions	543527
reed	reed	778456
ref	ref	887808
refer	refer	3206966
reference	reference	6580638
references	references	3589088
referred	referred	4159318
referring	referring	1503904
refers	refers	2995167
refined	refined	689081
reflect	reflect	3158581
reflected	reflected	2590842
reflecting	reflecting	1225571
reflection	reflection	2569968
reflections	reflections	1028210
reflective	reflective	711433
reflects	reflects	1669071
reflex	reflex	422448
reform	reform	3603261
reformation	reformation	548403
reforms	reforms	1419587
refrain	refrain	424846
refrigerator	refrigerator	492009
refuge	refuge	800235
refugee	refugee	615118
refugees	refugees	983318
refusal	refusal	794669
refuse	refuse	1307351
refused	refused	2766462
refuses	refuses	446457
refusing	refusing	656215
regain	regain	431351
regard	regard	4407904
regarded	regarded	2735081
regarding	regarding	4940898
regardless	regardless	2185403
regards	regards	935285
regeneration	regeneration	536285
regime	regime	2613099
regiment	regiment	884956
regimes	regimes	901461
region	region	7814974
regional	regional	4594525
regions	regions	3789577
register	register	1704893
registered	registered	1826657
registration	registration	1281879
regression	regression	1468224
regret	regret	1154843
regular	regular	4242086
regularly	regularly	1793386
regulate	regulate	868296
regulated	regulated	1080747
regulating	regulating	572529
regulation	regulation	3999204
regulations	regulations	3235538
regulators	regulators	412757
regulatory	regulatory	2273071
rehabilitation	rehabilitation	1052245
reign	reign	1083582
reinforce	reinforce	645275
reinforced	reinforced	991151
reinforcement	reinforcement	648547
reject	reject	1010610
rejected	rejected	1744472
rejecting	rejecting	414969
rejection	rejection	1220325
relate	relate	1587859
related	related	13176912
relates	relates	1119087
relating	relating	2047611
relation	relation	5883043
relational	relational	920160
relations	relations	7041454
relationship	relationship	12611723
relationships	relationships	6183631
relative	relative	5437392
relatively	relatively	5167559
relatives	relatives	1236343
relax	relax	1128866
relaxation	relaxation	887427
relaxed	relaxed	1306004
release	release	4446752
released	released	3010754
releases	releases	574310
releasing	releasing	590302
relevance	relevance	1255642
relevant	relevant	5607369
reliability	reliability	1371465
reliable	reliable	1645422
reliance	reliance	747672
relied	relied	814545
relief	relief	3692229
relies	relies	671683
relieve	relieve	553173
relieved	relieved	1211949
religion	religion	5742475
religions	religions	967053
religious	religious	8278323
reluctance	reluctance	447712
reluctant	reluctant	832435
reluctantly	reluctantly	555782
rely	rely	1741455
relying	relying	572771
remain	remain	5958089
remainder	remainder	953407
remained	remained	5670469
remaining	remaining	3396555
remains	remains	5767035
remark	remark	993920
remarkable	remarkable	1750769
remarkably	remarkably	655734
remarked	remarked	1076772
remarks	remarks	1371332
remedies	remedies	569811
remedy	remedy	799041
remember	remember	10294444
remembered	remembered	3520272
remembering	remembering	1096960
remembers	remembers	469400
remind	remind	1185681
reminded	reminded	1916018
reminder	reminder	660592
reminding	reminding	461687
reminds	reminds	703280
remote	remote	2047416
removal	removal	1970493
remove	remove	3575849
removed	removed	3985175
removing	removing	1119570
renaissance	renaissance	974856
renal	renal	1573955
render	render	936632
rendered	rendered	1132138
rendering	rendering	659148
renewable	renewable	685048
renewal	renewal	722162
renewed	renewed	846560
rent	rent	1500334
rental	rental	686333
rented	rented	440250
repair	repair	1848585
repairs	repairs	454709
repeat	repeat	1974815
repeated	repeated	3270786
repeatedly	repeatedly	1260001
repeating	repeating	656517
repetition	repetition	761870
replace	replace	1727284
replaced	replaced	2647800
replacement	replacement	1447555
replacing	replacing	741884
replication	replication	577733
replied	replied	5692099
replies	replies	504304
reply	reply	2190517
report	report	13475666
reported	reported	7793980
reporter	reporter	1133144
reporters	reporters	707039
reporting	reporting	2765882
reports	reports	5132892
represent	represent	4160494
representation	representation	3758053
representations	representations	1469346
representative	representative	2491603
representatives	representatives	1839655
represented	represented	3857770
representing	representing	1742656
represents	represents	3481980
repression	repression	468906
reprinted	reprinted	868604
reproduce	reproduce	507111
reproduced	reproduced	1362384
reproduction	reproduction	1139026
reproductive	reproductive	890965
republic	republic	3075265
republican	republican	1460744
republicans	republicans	597760
reputation	reputation	2040223
request	request	3887379
requested	requested	1342981
requesting	requesting	412633
requests	requests	1316814
require	require	6110968
required	required	12497742
requirement	requirement	2411675
requirements	requirements	6377358
requires	requires	5788270
requiring	requiring	1444529
rescue	rescue	1389436
rescued	rescued	428918
research	research	27952008
researcher	researcher	1148858
researchers	researchers	3847614
resection	resection	425397
resemblance	resemblance	588905
resemble	resemble	535031
resembles	resembles	467221
resentment	resentment	554996
reservation	reservation	555489
reservations	reservations	545012
reserve	reserve	1925742
reserved	reserved	4142801
reserves	reserves	1260636
reservoir	reservoir	708351
residence	residence	1421746
resident	resident	1174472
residential	residential	1080028
residents	residents	2044840
residual	residual	1033252
residue	residue	482641
residues	residues	516201
resignation	resignation	435311
resigned	resigned	508582
resilience	resilience	708160
resist	resist	1472400
resistance	resistance	5108647
resistant	resistant	1045303
resisted	resisted	578348
resolution	resolution	3567519
resolutions	resolutions	429321
resolve	resolve	1432627
resolved	resolved	1426949
resonance	resonance	1024597
resort	resort	1033677
resource	resource	3579360
resources	resources	9573408
respect	respect	8345417
respectable	respectable	515940
respected	respected	943334
respective	respective	1431464
respectively	respectively	3682408
respects	respects	849502
respiratory	respiratory	1495478
respond	respond	3076557
responded	responded	2023023
respondent	respondent	652507
respondents	respondents	1215631
responding	responding	1027840
responds	responds	575043
response	response	11836841
responses	responses	3679328
responsibilities	responsibilities	1750387
responsibility	responsibility	5221117
responsible	responsible	5056264
responsive	responsive	685571
rest	rest	11130462
restaurant	restaurant	2259663
restaurants	restaurants	935881
rested	rested	1141586
resting	resting	1266969
restless	restless	536658
restoration	restoration	1173838
restore	restore	1077533
restored	restored	1000427
restraint	restraint	593840
restrict	restrict	566637
restricted	restricted	1667356
restriction	restriction	837635
restrictions	restrictions	1741952
restrictive	restrictive	512548
restructuring	restructuring	486313
rests	rests	615222
result	result	15113005
resulted	resulted	2150699
resulting	resulting	3937726
results	results	15589251
resume	resume	463573
resumed	resumed	592570
resurrection	resurrection	819487
retail	retail	1010652
retain	retain	1128986
retained	retained	1220014
retaining	retaining	435657
retention	retention	943327
retire	retire	427672
retired	retired	1155210
retirement	retirement	1384081
retreat	retreat	1049476
retrieval	retrieval	936934
retrieve	retrieve	516905
retrieved	retrieved	1948943
return	return	11524189
returned	returned	6984543
returning	returning	2138755
returns	returns	2406286
rev	rev	952515
reveal	reveal	2254955
revealed	revealed	3210594
revealing	revealing	1037662
reveals	reveals	1574283
revelation	revelation	1510700
revenge	revenge	913212
revenue	revenue	2375267
revenues	revenues	948641
reverend	reverend	501071
reversal	reversal	510504
reverse	reverse	1681040
reversed	reversed	715657
review	review	11970933
reviewed	reviewed	1295991
reviewing	reviewing	639788
reviews	reviews	1650850
revised	revised	1526773
revision	revision	843178
revival	revival	606303
revolt	revolt	551087
revolution	revolution	3734222
revolutionary	revolutionary	1524417
reward	reward	1542764
rewarded	rewarded	475934
rewards	rewards	801086
rhetoric	rhetoric	1191021
rhetorical	rhetorical	684549
rhythm	rhythm	1196893
ribbon	ribbon	578864
ribs	ribs	678575
rice	rice	2219898
rich	rich	5111533
riches	riches	436581
rid	rid	1194680
ride	ride	2693745
rider	rider	526655
riders	riders	412720
ridge	ridge	1071208
ridiculous	ridiculous	895457
riding	riding	1565130
rifle	rifle	999434
right	right	47044930
righteous	righteous	751320
righteousness	righteousness	755447
rightly	rightly	603703
rights	rights	18115572
rigid	rigid	1148676
rigorous	rigorous	548622
rim	rim	576800
ring	ring	3881187
ringing	ringing	578103
rings	rings	1159455
ripe	ripe	456523
ripped	ripped	613929
rise	rise	5982126
risen	risen	698491
rises	rises	884068
rising	rising	2931482
risk	risk	15109815
risks	risks	2924656
risky	risky	575773
rites	rites	443600
ritual	ritual	1596001
rituals	rituals	804627
rival	rival	793057
river	river	8000528
rivers	rivers	1300643
road	road	9590542
roads	roads	1638320
roar	roar	568460
roared	roared	464121
rob	rob	882132
robe	robe	648688
robin	robin	856552
robot	robot	802533
robots	robots	425111
robust	robust	1071257
rock	rock	4741707
rocket	rocket	472778
rocks	rocks	1897482
rocky	rocky	838611
rod	rod	993497
rode	rode	1201782
role	role	15383770
roles	roles	2963333
roll	roll	2178791
rolled	rolled	2604308
rolling	rolling	1686705
rolls	rolls	777444
Roman	roman	3670330
romance	romance	1084248
Romans	romans	1092887
romantic	romantic	1564914
roof	roof	2159497
room	room	24644006
rooms	rooms	2898908
root	root	2891170
rooted	rooted	925082
roots	roots	2199068
rope	rope	1260626
ropes	ropes	423390
rose	rose	6089939
roses	roses	610105
rotating	rotating	496572
rotation	rotation	1204089
rough	rough	2109718
roughly	roughly	1488250
round	round	7384804
rounded	rounded	866474
rounds	rounds	737667
route	route	2885762
routes	routes	998235
routine	routine	1878649
routinely	routinely	574166
routines	routines	430994
routing	routing	493889
row	row	2810889
rows	rows	1219687
royal	royal	4091513
rub	rub	524920
rubbed	rubbed	1162560
rubber	rubber	1031332
rubbing	rubbing	697242
ruby	ruby	718815
rude	rude	628965
rue	rue	439470
ruin	ruin	858398
ruined	ruined	722198
ruins	ruins	647478
rule	rule	9084908
ruled	ruled	1190297
ruler	ruler	908890
rulers	rulers	752771
rules	rules	8820303
ruling	ruling	1190773
rumors	rumors	442356
run	run	11433716
running	running	7257367
runs	runs	2239747
rupture	rupture	480187
rural	rural	3352173
rush	rush	1687500
rushed	rushed	1470436
rushing	rushing	673452
Russia	russia	2962112
Russian	russian	3620526
Russians	russians	614909
sabbath	sabbath	472144
sack	sack	479655
sacred	sacred	2063532
sacrifice	sacrifice	1795119
sacrifices	sacrifices	522866
sad	sad	2164198
saddle	saddle	843174
sadly	sadly	767769
sadness	sadness	827190
safe	safe	5824387
safely	safely	1180199
safer	safer	601131
safety	safety	6421118
sage	sage	1242144
said	said	103509024
sail	sail	783096
sailed	sailed	553623
sailing	sailing	592395
sailor	sailor	414545
sailors	sailors	532184
saint	saint	1961135
saints	saints	914655
saith	saith	414040
sake	sake	2238604
salad	salad	886857
salaries	salaries	502049
salary	salary	940991
sale	sale	2681076
sales	sales	4255359
salient	salient	425740
salmon	salmon	693860
salt	salt	3544584
salvation	salvation	1462657
same	same	43898684
sample	sample	5798104
samples	samples	2856923
sampling	sampling	1579556
sanctions	sanctions	708239
sanctuary	sanctuary	660380
sand	sand	2358290
sandwich	sandwich	651260
sandy	sandy	937046
sang	sang	888199
sank	sank	924561
sat	sat	10085572
Satan	satan	885737
satellite	satellite	1029963
satisfaction	satisfaction	2369719
satisfactory	satisfactory	792605
satisfied	satisfied	2200248
satisfies	satisfies	458489
satisfy	satisfy	1437963
satisfying	satisfying	735775
saturated	saturated	638503
saturation	saturation	512080
Saturday	saturday	1586365
sauce	sauce	1281462
savage	savage	783881
save	save	4951650
saved	saved	2417098
saving	saving	1645096
savings	savings	1378997
saw	saw	19370713
Saxon	saxon	466379
say	say	32432348
saying	saying	8509241
says	says	13445945
scale	scale	7071690
scales	scales	1356631
scaling	scaling	545805
scan	scan	992540
scandal	scandal	557035
scanned	scanned	2508070
scanning	scanning	865136
scar	scar	536503
scarce	scarce	615899
scarcely	scarcely	1005974
scare	scare	452629
scared	scared	1668038
scarlet	scarlet	483205
scars	scars	428046
scary	scary	458731
scattered	scattered	1387695
scattering	scattering	890241
scenario	scenario	1742444
scenarios	scenarios	1049183
scene	scene	5003352
scenes	scenes	1463520
scent	scent	1136518
schedule	schedule	2270551
scheduled	scheduled	977957
schedules	schedules	521897
scheduling	scheduling	555701
schema	schema	461014
schematic	schematic	547402
scheme	scheme	3138191
schemes	schemes	1264699
schizophrenia	schizophrenia	601393
scholar	scholar	950182
scholarly	scholarly	784216
scholars	scholars	2794972
scholarship	scholarship	1207026
school	school	22294026
schooling	schooling	613603
schools	schools	5963690
science	science	12416695
sciences	sciences	3085979
scientific	scientific	5257009
scientist	scientist	859899
scientists	scientists	2348677
scope	scope	2926418
score	score	2645261
scored	scored	557876
scores	scores	1943985
scoring	scoring	519368
Scotland	scotland	1546818
Scottish	scottish	1037164
scrambled	scrambled	460023
scratch	scratch	595423
scream	scream	965929
screamed	screamed	1123848
screaming	screaming	1008105
screams	screams	435967
screen	screen	3986934
screening	screening	1400193
screens	screens	502085
screw	screw	675061
script	script	1209260
scripture	scripture	1311194
scriptures	scriptures	635253
scroll	scroll	412118
scrutiny	scrutiny	655578
sculpture	sculpture	503370
sea	sea	8535373
seal	seal	1026114
sealed	sealed	776065
search	search	6331647
searched	searched	954291
searches	searches	469127
searching	searching	1777432
seas	seas	682651
season	season	3443820
seasonal	seasonal	661154
seasons	seasons	734144
seat	seat	4556637
seated	seated	1383120
seats	seats	1345815
sec	sec	1064114
second	second	25922768
secondary	secondary	3867682
secondly	secondly	714716
seconds	seconds	2932038
secrecy	secrecy	415558
secret	secret	4542662
secretary	secretary	4168925
secretion	secretion	562217
secretly	secretly	584973
secrets	secrets	1172071
sect	sect	804305
section	section	19049294
sectional	sectional	428648
sections	sections	3150194
sector	sector	4537086
sectors	sectors	1355117
secular	secular	1145498
secure	secure	2835647
secured	secured	1198578
securing	securing	624265
securities	securities	1613706
security	security	11558340
sediment	sediment	538097
see	see	87238440
seed	seed	1914525
seeds	seeds	1584182
seeing	seeing	5718953
seek	seek	3969392
seeking	seeking	3052996
seeks	seeks	1196351
seem	seem	8586781
seemed	seemed	14872573
seeming	seeming	503672
seemingly	seemingly	1314153
seems	seems	10280353
seen	seen	20696116
sees	sees	2332696
segment	segment	1438120
segmentation	segmentation	437478
segments	segments	1087649
segregation	segregation	612938
seismic	seismic	414604
seize	seize	475852
seized	seized	1055090
seizure	seizure	526311
seizures	seizures	560005
seldom	seldom	925616
select	select	3605435
selected	selected	4393684
selecting	selecting	1010690
selection	selection	4209164
selective	selective	1214532
self	self	19693759
selfish	selfish	652391
sell	sell	2929543
seller	seller	780623
selling	selling	2185754
sells	sells	434508
semantic	semantic	1093411
semantics	semantics	491839
semi	semi	1346421
senate	senate	1652567
senator	senator	1069203
send	send	4614998
sending	sending	1930059
sends	sends	723649
senior	senior	2802398
sensation	sensation	1320381
sensations	sensations	584782
sense	sense	16857626
sensed	sensed	780388
senses	senses	1593477
sensible	sensible	837710
sensing	sensing	870842
sensitive	sensitive	2836836
sensitivity	sensitivity	1898258
sensor	sensor	1230498
sensors	sensors	884266
sensory	sensory	1334266
sent	sent	8831972
sentence	sentence	3349940
sentenced	sentenced	419132
sentences	sentences	1592520
sentiment	sentiment	787215
sentiments	sentiments	528795
separate	separate	5140726
separated	separated	2147654
separately	separately	1056934
separating	separating	565947
separation	separation	2337522
September	september	5392734
sequence	sequence	3691761
sequences	sequences	1252366
sequencing	sequencing	415818
sequential	sequential	556435
sergeant	sergeant	1196803
serial	serial	803343
series	series	11226760
serious	serious	6168146
seriously	seriously	2562375
sermon	sermon	591619
serum	serum	1258281
servant	servant	1856148
servants	servants	1810906
serve	serve	5574287
served	served	4533429
server	server	2159388
servers	servers	511033
serves	serves	1943082
service	service	16365446
services	services	13263533
serving	serving	2420461
session	session	2534611
sessions	sessions	1393364
set	set	28786978
sets	sets	3741350
setting	setting	5923310
settings	settings	2447026
settle	settle	1479006
settled	settled	3008124
settlement	settlement	2269945
settlements	settlements	731576
settlers	settlers	604657
settling	settling	683215
setup	setup	680224
seven	seven	6566542
seventeen	seventeen	758440
seventeenth	seventeenth	882141
seventh	seventh	1100114
seventy	seventy	1010050
several	several	19800831
severe	severe	3761545
severely	severely	902705
severity	severity	1017047
sex	sex	6521458
sexual	sexual	5948562
sexuality	sexuality	1166076
sexually	sexually	710725
sexy	sexy	728763
shade	shade	1111121
shades	shades	483669
shadow	shadow	2418402
shadows	shadows	1597799
shaft	shaft	855318
shah	shah	480503
shake	shake	1650310
shaken	shaken	531554
shakes	shakes	449872
shaking	shaking	1941159
shall	shall	21014599
shallow	shallow	1023447
shalt	shalt	549398
shame	shame	1808623
shape	shape	5469552
shaped	shaped	2573657
shapes	shapes	1391393
shaping	shaping	830431
share	share	8085495
shared	shared	5307991
shareholder	shareholder	452914
shareholders	shareholders	854054
shares	shares	2204853
sharing	sharing	2913209
sharp	sharp	3251722
sharply	sharply	1078890
shattered	shattered	627117
she	she	271078668
shear	shear	981597
shed	shed	1228268
sheep	sheep	1518891
sheer	sheer	899178
sheet	sheet	2713400
sheets	sheets	1414029
shelf	shelf	940928
shell	shell	1779774
shells	shells	695191
shelter	shelter	1223570
shelves	shelves	503211
shepherd	shepherd	654780
sheriff	sheriff	997212
shield	shield	1022066
shift	shift	4020366
shifted	shifted	1778322
shifting	shifting	1239580
shifts	shifts	1273873
shine	shine	600017
shining	shining	968093
shiny	shiny	555144
ship	ship	4854754
shipping	shipping	827379
ships	ships	2359214
shirt	shirt	3089599
shirts	shirts	577251
shit	shit	2179297
shivered	shivered	428661
shock	shock	2949774
shocked	shocked	1277556
shoe	shoe	670321
shoes	shoes	2199618
shone	shone	594786
shook	shook	5633332
shoot	shoot	1631078
shooting	shooting	1526911
shop	shop	3162032
shopping	shopping	1541202
shops	shops	1107991
shore	shore	1736980
short	short	14390474
shortage	shortage	480548
shorter	shorter	1249009
shortly	shortly	1783799
shorts	shorts	527593
shot	shot	5381372
shots	shots	1001145
should	should	59054853
shoulder	shoulder	5359018
shoulders	shoulders	3705525
shout	shout	750144
shouted	shouted	2047627
shouting	shouting	873685
shouts	shouts	439240
shoved	shoved	790733
show	show	16416890
showed	showed	6565897
shower	shower	1410629
showing	showing	4073250
shown	shown	12386449
shows	shows	9635993
shrugged	shrugged	2072754
shuddered	shuddered	428564
shut	shut	3516810
shy	shy	730451
siblings	siblings	648905
sick	sick	3023547
sickness	sickness	686111
side	side	23393199
sided	sided	590402
sides	sides	3829835
sidewalk	sidewalk	506065
sideways	sideways	521838
siege	siege	547952
sigh	sigh	1393722
sighed	sighed	2300528
sight	sight	4883898
sights	sights	523909
sign	sign	6031038
signal	signal	4359246
signaling	signaling	921278
signals	signals	2027369
signature	signature	1039799
signed	signed	2364583
significance	significance	3083286
significant	significant	10633930
significantly	significantly	3816604
signing	signing	577360
signs	signs	4091519
silence	silence	4706841
silent	silent	3417603
silently	silently	1092080
silicon	silicon	715519
silk	silk	1312137
silly	silly	1025792
silver	silver	3569630
similar	similar	13044144
similarities	similarities	806393
similarity	similarity	1009007
similarly	similarly	3470267
simple	simple	9586828
simpler	simpler	569265
simplest	simplest	602692
simplicity	simplicity	808666
simplified	simplified	626282
simply	simply	10762267
simulated	simulated	587971
simulation	simulation	2006408
simulations	simulations	705255
simultaneous	simultaneous	717623
simultaneously	simultaneously	1998067
sin	sin	3318068
since	since	29477456
sincere	sincere	593279
sing	sing	1566786
singer	singer	862838
singing	singing	1745285
single	single	13915732
singular	singular	1111779
sink	sink	1312687
sinking	sinking	581496
sins	sins	1229012
sinus	sinus	443597
sip	sip	607643
sir	sir	7773632
sister	sister	6224734
sisters	sisters	1807923
sit	sit	5285674
site	site	7810736
sites	sites	4218927
sits	sits	993200
sitting	sitting	6111102
situated	situated	1108101
situation	situation	10284233
situations	situations	3686947
six	six	10628516
sixteen	sixteen	1072158
sixteenth	sixteenth	728912
sixth	sixth	1337808
sixty	sixty	1397034
size	size	10374817
sized	sized	1083090
sizes	sizes	1235741
skeletal	skeletal	568923
skeleton	skeleton	476195
sketch	sketch	876194
skill	skill	2295340
skilled	skilled	1077753
skills	skills	6489222
skin	skin	7809464
skip	skip	517666
skirt	skirt	841915
skull	skull	962035
sky	sky	4098414
slammed	slammed	823397
slapped	slapped	551794
slaughter	slaughter	473213
slave	slave	2275820
slavery	slavery	1715191
slaves	slaves	1879641
sleep	sleep	7074124
sleeping	sleeping	2152266
sleeve	sleeve	610511
slender	slender	633255
slept	slept	1466524
slice	slice	753871
sliced	sliced	633694
slices	slices	584705
slid	slid	1853146
slide	slide	1346985
slides	slides	487171
sliding	sliding	1005560
slight	slight	1854139
slightest	slightest	633718
slightly	slightly	4824942
slim	slim	575911
slip	slip	1527869
slipped	slipped	2033801
slipping	slipping	588470
slope	slope	1486114
slopes	slopes	543899
slot	slot	417565
slow	slow	4575238
slowed	slowed	710932
slower	slower	645892
slowly	slowly	6531802
small	small	27873624
smaller	smaller	4441221
smallest	smallest	816452
smart	smart	2316870
smashed	smashed	431058
smell	smell	2463690
smelled	smelled	675691
smells	smells	505549
smile	smile	7853503
smiled	smiled	6548845
smiles	smiles	943338
smiling	smiling	2262026
smoke	smoke	2683361
smoked	smoked	493058
smoking	smoking	1575000
smooth	smooth	2638882
smoothly	smoothly	537155
snake	snake	909972
snakes	snakes	429786
snap	snap	616722
snapped	snapped	1391323
snatched	snatched	475851
snorted	snorted	461805
snow	snow	2998633
so	so	135900166
soaked	soaked	544216
soap	soap	661061
sober	sober	462789
soccer	soccer	488308
social	social	34107090
socialism	socialism	678583
socialist	socialist	1159880
socially	socially	1173309
societal	societal	726354
societies	societies	2336973
society	society	15622927
socio	socio	903827
socioeconomic	socioeconomic	563161
sociological	sociological	739359
sociology	sociology	1294164
socks	socks	443676
soda	soda	504997
sodium	sodium	1363464
sofa	sofa	961942
soft	soft	5364843
softened	softened	467118
softly	softly	1888565
software	software	4102884
soil	soil	4296924
soils	soils	805442
solar	solar	1920975
sold	sold	3349864
soldier	soldier	1890788
soldiers	soldiers	3980500
sole	sole	1278417
solely	solely	1297792
solemn	solemn	518801
solid	solid	3945648
solidarity	solidarity	770449
solids	solids	501079
solitary	solitary	652413
solo	solo	489329
soluble	soluble	620118
solution	solution	7793193
solutions	solutions	3578955
solve	solve	2116223
solved	solved	961850
solvent	solvent	715161
solving	solving	1715117
some	some	94342642
somebody	somebody	1833689
someday	someday	457138
somehow	somehow	3158605
someone	someone	13947131
something	something	33098010
sometime	sometime	646010
sometimes	sometimes	12509607
somewhat	somewhat	3589939
somewhere	somewhere	3307915
son	son	12093986
song	song	3912780
songs	songs	1938082
sons	sons	3095485
soon	soon	13130929
sooner	sooner	1250430
sophisticated	sophisticated	1155646
sore	sore	633346
sorrow	sorrow	927568
sorry	sorry	5961497
sort	sort	6803187
sorting	sorting	439148
sorts	sorts	1332921
sought	sought	3485878
soul	soul	5800866
souls	souls	1337290
sound	sound	10536175
sounded	sounded	2352488
sounding	sounding	713225
sounds	sounds	4054739
soup	soup	1070549
sour	sour	537148
source	source	10747103
sources	sources	6341724
south	south	12637472
southeast	southeast	978281
southern	southern	4316574
southwest	southwest	683488
sovereign	sovereign	1142693
sovereignty	sovereignty	1150640
soy	soy	463993
space	space	14110487
spaces	spaces	2384281
Spain	spain	2380660
span	span	946786
Spanish	spanish	3274475
spare	spare	1208586
spared	spared	418300
spark	spark	599221
spatial	spatial	2446343
speak	speak	8137329
speaker	speaker	1842566
speakers	speakers	1149586
speaking	speaking	5103483
speaks	speaks	1547972
spear	spear	508924
special	special	11359346
specialist	specialist	943425
specialists	specialists	617293
specialized	specialized	1130266
specially	specially	528822
specialty	specialty	494175
species	species	7519109
specific	specific	14699656
specifically	specifically	3819745
specification	specification	888810
specifications	specifications	725082
specificity	specificity	693693
specified	specified	2620040
specifies	specifies	444812
specify	specify	1137935
specimen	specimen	845246
specimens	specimens	850486
spectacle	spectacle	541477
spectacular	spectacular	609814
spectra	spectra	723405
spectral	spectral	814550
spectroscopy	spectroscopy	517248
spectrum	spectrum	2278466
speculation	speculation	575124
speech	speech	5514100
speeches	speeches	703446
speed	speed	5435131
speeds	speeds	494211
spell	spell	1109348
spelling	spelling	558114
spend	spend	3700496
spending	spending	2505980
spent	spent	5890070
sperm	sperm	544178
sphere	sphere	1741987
spheres	spheres	606783
spherical	spherical	468193
spider	spider	501247
spill	spill	438924
spilled	spilled	430834
spin	spin	1315223
spinal	spinal	1132451
spine	spine	1309619
spinning	spinning	756431
spiral	spiral	573467
spirit	spirit	8334471
spirits	spirits	1749169
spiritual	spiritual	4434561
spirituality	spirituality	682313
spit	spit	458528
spite	spite	1820491
splendid	splendid	616229
split	split	2231823
splitting	splitting	520808
spoke	spoke	5840454
spoken	spoken	2659516
sponsor	sponsor	479727
sponsored	sponsored	632365
spontaneous	spontaneous	973360
spoon	spoon	628995
sport	sport	1988554
sporting	sporting	511919
sports	sports	2484272
spot	spot	3666573
spots	spots	1006077
spotted	spotted	1066436
spouse	spouse	952078
sprang	sprang	593006
spray	spray	829177
spread	spread	4905807
spreading	spreading	1023093
spring	spring	4357608
springs	springs	899567
spun	spun	828570
spy	spy	602089
squad	squad	520359
squadron	squadron	543701
square	square	4507366
squares	squares	798770
squeeze	squeeze	657577
squeezed	squeezed	1030007
stability	stability	2933913
stabilization	stabilization	431354
stable	stable	3017771
stack	stack	901789
stacked	stacked	421072
stadium	stadium	462010
staff	staff	7057849
stage	stage	8641908
stages	stages	2736040
staging	staging	439699
stain	stain	445725
stained	stained	702961
staircase	staircase	563585
stairs	stairs	2482542
stake	stake	924342
stakeholder	stakeholder	435462
stakeholders	stakeholders	1192875
stakes	stakes	436378
stall	stall	441997
stamp	stamp	529062
stance	stance	946127
stand	stand	7341025
standard	standard	9290148
standardized	standardized	721952
standards	standards	5687000
standing	standing	7501316
standpoint	standpoint	470546
stands	stands	2587825
star	star	3522040
stare	stare	1232862
stared	stared	3921187
staring	staring	2443773
stark	stark	669902
stars	stars	2677977
start	start	11437666
started	started	12541198
starting	starting	4755946
startled	startled	919701
starts	starts	2187721
state	state	38863642
stated	stated	4105673
statement	statement	6596697
statements	statements	3379016
states	states	26170475
static	static	1536993
stating	stating	822954
station	station	4566194
stationary	stationary	651990
stations	stations	1361628
statistical	statistical	2475348
statistically	statistically	596734
statistics	statistics	2849998
statue	statue	837700
status	status	7655361
statute	statute	1296312
statutes	statutes	713574
statutory	statutory	983012
stay	stay	8701229
stayed	stayed	2736630
staying	staying	1722918
stays	stays	594328
steadily	steadily	817694
steady	steady	2255820
steal	steal	807176
stealing	stealing	583777
steam	steam	1395280
steel	steel	3049722
steep	steep	868908
steering	steering	701135
stem	stem	1802070
stems	stems	668248
step	step	10703891
stepped	stepped	3888374
stepping	stepping	866426
steps	steps	6781976
stereotypes	stereotypes	520180
sterile	sterile	444506
stern	stern	981327
stick	stick	2296706
sticking	sticking	579970
sticks	sticks	688535
sticky	sticky	471385
stiff	stiff	919321
stiffness	stiffness	496267
still	still	41936882
stimulate	stimulate	644244
stimulated	stimulated	587161
stimulating	stimulating	524421
stimulation	stimulation	1142516
stimuli	stimuli	869229
stimulus	stimulus	1041013
stir	stir	1271204
stirred	stirred	747319
stirring	stirring	757254
stochastic	stochastic	516504
stock	stock	4923140
stocks	stocks	872813
stole	stole	637232
stolen	stolen	1016637
stomach	stomach	2997898
stone	stone	5333655
stones	stones	1740186
stood	stood	10848597
stool	stool	616444
stop	stop	10473694
stopped	stopped	7157589
stopping	stopping	1249723
stops	stops	1136936
storage	storage	3323606
store	store	4454841
stored	stored	2030430
stores	stores	1614059
stories	stories	5477631
storm	storm	2230361
storms	storms	465631
story	story	13147061
stove	stove	607922
straight	straight	5625217
straightened	straightened	579653
straightforward	straightforward	921180
strain	strain	2185343
strained	strained	550362
strains	strains	851946
strand	strand	678850
strands	strands	555648
strange	strange	4481155
strangely	strangely	603521
stranger	stranger	1601347
strangers	strangers	962638
strategic	strategic	3434561
strategies	strategies	5116744
strategy	strategy	6485719
straw	straw	756184
stream	stream	2558923
streaming	streaming	470310
streams	streams	947843
street	street	9574484
streets	streets	2742937
strength	strength	6857668
strengthen	strengthen	963833
strengthened	strengthened	603056
strengthening	strengthening	707437
strengths	strengths	1017971
stress	stress	6382007
stressed	stressed	977853
stresses	stresses	895917
stretch	stretch	1362183
stretched	stretched	1647016
stretching	stretching	847128
strict	strict	1361944
strictly	strictly	1263174
strike	strike	2265666
strikes	strikes	850832
striking	striking	1644453
string	string	2186539
strings	strings	792646
strip	strip	1191129
stripped	stripped	632550
strips	strips	566487
strive	strive	503869
strode	strode	548939
stroke	stroke	1783080
stroked	stroked	528122
strokes	strokes	465406
strong	strong	11608774
stronger	stronger	2249651
strongest	strongest	696254
strongly	strongly	2813084
struck	struck	2769385
structural	structural	3500686
structure	structure	12269089
structured	structured	1297394
structures	structures	5431243
struggle	struggle	3195596
struggled	struggled	1222210
struggles	struggles	907825
struggling	struggling	1239462
stubborn	stubborn	493076
stuck	stuck	2176598
student	student	7109620
students	students	16349013
studied	studied	3858100
studies	studies	16331774
studio	studio	1435865
study	study	22550247
studying	studying	1943843
stuff	stuff	3159118
stuffed	stuffed	705336
stumbled	stumbled	674449
stunned	stunned	731016
stunning	stunning	435569
stupid	stupid	1998227
style	style	5730297
styles	styles	1325139
sub	sub	2484055
subdivision	subdivision	490058
subject	subject	12311637
subjected	subjected	955782
subjective	subjective	1324474
subjectivity	subjectivity	536372
subjects	subjects	3918129
submission	submission	791143
submit	submit	1309505
submitted	submitted	1469300
subordinate	subordinate	576983
subpart	subpart	625838
subsection	subsection	1058088
subsequent	subsequent	3653162
subsequently	subsequently	1851780
subset	subset	653288
subsidiary	subsidiary	527542
subsidies	subsidies	533003
substance	substance	2750996
substances	substances	1322121
substantial	substantial	2603257
substantially	substantially	1104014
substantive	substantive	713140
substitute	substitute	1012850
substituted	substituted	586357
substitution	substitution	684714
substrate	substrate	1051623
subtle	subtle	1299991
suburban	suburban	445519
succeed	succeed	1241271
succeeded	succeeded	1326200
success	success	7105572
successes	successes	511936
successful	successful	5565176
successfully	successfully	2049771
succession	succession	964145
successive	successive	750643
successor	successor	650562
such	such	79104069
suck	suck	437672
sucked	sucked	711004
sucking	sucking	458504
Sudan	sudan	475435
sudden	sudden	2942615
suddenly	suddenly	7100335
sue	sue	820969
suffer	suffer	1946930
suffered	suffered	2233576
suffering	suffering	3122906
sufficient	sufficient	4054980
sufficiently	sufficiently	1474103
sugar	sugar	3162768
suggest	suggest	4912738
suggested	suggested	5657324
suggesting	suggesting	1665630
suggestion	suggestion	1359275
suggestions	suggestions	1178844
suggests	suggests	4617212
suicide	suicide	1696484
suit	suit	2637423
suitable	suitable	2471130
suite	suite	986366
suited	suited	1026753
suits	suits	774835
sulfur	sulfur	453275
sultan	sultan	471395
sum	sum	3008953
summarize	summarize	461978
summarized	summarized	763014
summary	summary	3253527
summer	summer	5407846
summit	summit	838201
summoned	summoned	566319
sums	sums	542309
sun	sun	7450597
Sunday	sunday	2427262
sung	sung	494948
sunk	sunk	474361
sunlight	sunlight	982920
sunny	sunny	605587
sunset	sunset	626082
sunshine	sunshine	702536
super	super	1369150
superficial	superficial	690474
superintendent	superintendent	454142
superior	superior	2522785
superiority	superiority	611839
supernatural	supernatural	608465
supervision	supervision	1196262
supervisor	supervisor	710426
supper	supper	983589
supplement	supplement	789928
supplements	supplements	428083
supplied	supplied	1260618
supplier	supplier	635576
suppliers	suppliers	798998
supplies	supplies	1975124
supply	supply	5603268
support	support	18021084
supported	supported	3861199
supporters	supporters	863227
supporting	supporting	2355659
supportive	supportive	913082
supports	supports	1651188
suppose	suppose	4370368
supposed	supposed	4342615
supposedly	supposedly	658907
suppress	suppress	530021
suppressed	suppressed	2857875
suppression	suppression	675809
supra	supra	772243
supreme	supreme	2711938
sur	sur	662768
sure	sure	19028650
surely	surely	3012191
surface	surface	10633451
surfaces	surfaces	1567206
surge	surge	563433
surgeon	surgeon	852862
surgery	surgery	3192538
surgical	surgical	1872684
surplus	surplus	796448
surprise	surprise	3615145
surprised	surprised	3503841
surprising	surprising	1574012
surprisingly	surprisingly	1138722
surrender	surrender	949275
surrounded	surrounded	1941658
surrounding	surrounding	2539569
surroundings	surroundings	795258
surveillance	surveillance	1193921
survey	survey	4332484
surveyed	surveyed	519012
surveys	surveys	1224372
survival	survival	2735570
survive	survive	1928843
survived	survived	1210079
surviving	surviving	809528
survivors	survivors	805544
susceptibility	susceptibility	472281
susceptible	susceptible	672816
suspect	suspect	1592868
suspected	suspected	1713920
suspects	suspects	412494
suspended	suspended	981025
suspension	suspension	826665
suspicion	suspicion	1116036
suspicious	suspicious	858931
sustain	sustain	937033
sustainability	sustainability	1301484
sustainable	sustainable	2095572
sustained	sustained	1435054
sustaining	sustaining	453546
swallow	swallow	681594
swallowed	swallowed	1234410
swear	swear	890228
sweat	sweat	1324612
Sweden	sweden	1033061
Swedish	swedish	792166
sweep	sweep	612916
sweeping	sweeping	610680
sweet	sweet	3975793
sweetheart	sweetheart	429968
swelling	swelling	677084
swept	swept	1302565
swift	swift	889270
swiftly	swiftly	647157
swim	swim	750547
swimming	swimming	1077594
swing	swing	1022384
swinging	swinging	573700
Swiss	swiss	680637
switch	switch	1766661
switched	switched	776155
switches	switches	426230
switching	switching	788804
Switzerland	switzerland	1121079
swollen	swollen	559816
sword	sword	2375975
swords	swords	472178
swore	swore	517233
sworn	sworn	457227
swung	swung	1169834
symbol	symbol	1769156
symbolic	symbolic	1573274
symbols	symbols	1466709
symmetric	symmetric	533317
symmetry	symmetry	769370
sympathetic	sympathetic	922662
sympathy	sympathy	1114883
symposium	symposium	651280
symptom	symptom	637699
symptoms	symptoms	3997347
syndrome	syndrome	2882315
syntax	syntax	607862
synthesis	synthesis	2232216
synthesized	synthesized	420473
synthetic	synthetic	957447
syrup	syrup	413096
system	system	34852599
systematic	systematic	1892154
systematically	systematically	595277
systemic	systemic	1370812
systems	systems	14953978
tab	tab	1015283
table	table	22893919
tables	tables	2589108
tablespoon	tablespoon	523007
tablespoons	tablespoons	769520
tablet	tablet	485531
tablets	tablets	493570
tackle	tackle	526548
tactical	tactical	510835
tactics	tactics	897986
tag	tag	982384
tags	tags	422214
tail	tail	1800780
Taiwan	taiwan	853694
take	take	40453279
taken	taken	16768372
takes	takes	7640401
taking	taking	13197407
tale	tale	1594178
talent	talent	1345193
talented	talented	510909
talents	talents	662732
tales	tales	1114350
talk	talk	11569192
talked	talked	3230760
talking	talking	7246250
talks	talks	1091386
tall	tall	3072430
taller	taller	459330
tan	tan	729309
tang	tang	480959
tangible	tangible	605158
tank	tank	1548893
tanks	tanks	858853
tap	tap	1422859
tape	tape	1321441
tapped	tapped	709086
tapping	tapping	479486
target	target	5283557
targeted	targeted	1280890
targeting	targeting	743165
targets	targets	1727878
tariff	tariff	446451
task	task	6762995
tasks	tasks	3218415
taste	taste	3148570
tasted	tasted	529424
tastes	tastes	569500
taught	taught	3354413
tax	tax	7404567
taxable	taxable	654019
taxation	taxation	784863
taxes	taxes	2184373
taxi	taxi	748930
taxpayer	taxpayer	603053
tea	tea	3391240
teach	teach	2864569
teacher	teacher	5655273
teachers	teachers	5715266
teaches	teaches	596871
teaching	teaching	6116666
teachings	teachings	685755
team	team	9157725
teams	teams	2088404
tear	tear	1254856
tearing	tearing	480627
tears	tears	4314224
teased	teased	456043
teasing	teasing	501296
teaspoon	teaspoon	977488
tech	tech	1004407
technical	technical	4593536
technically	technically	614416
technique	technique	3789921
techniques	techniques	5181898
technological	technological	1816975
technologies	technologies	3022811
technology	technology	9682441
teddy	teddy	412187
teen	teen	462529
teenage	teenage	519304
teenager	teenager	480554
teenagers	teenagers	484662
teens	teens	488044
teeth	teeth	3386447
telecommunications	telecommunications	500400
telegraph	telegraph	454580
telephone	telephone	1970328
television	television	3405969
tell	tell	21430994
telling	telling	4588275
tells	tells	2910315
temper	temper	825440
temperature	temperature	7327434
temperatures	temperatures	1571595
template	template	836959
temple	temple	3181805
temples	temples	658453
temporal	temporal	1846797
temporarily	temporarily	760995
temporary	temporary	2083571
temptation	temptation	700093
tempted	tempted	688526
tempting	tempting	416710
ten	ten	8712570
tenant	tenant	532121
tenants	tenants	451629
tend	tend	3523883
tended	tended	1189570
tendencies	tendencies	603093
tendency	tendency	1910105
tender	tender	1492418
tenderness	tenderness	491478
tendon	tendon	421626
tends	tends	1379798
tennis	tennis	609648
tens	tens	465358
tense	tense	1066995
tensile	tensile	413319
tension	tension	2525274
tensions	tensions	836957
tent	tent	1226074
tenth	tenth	708662
tents	tents	417294
tenure	tenure	519005
term	term	14434706
termed	termed	821609
terminal	terminal	1452103
terminated	terminated	434860
termination	termination	849092
terminology	terminology	778882
terms	terms	14681324
terrace	terrace	535745
terrain	terrain	706443
terrestrial	terrestrial	417991
terrible	terrible	2427657
terribly	terribly	564452
terrified	terrified	746787
terrifying	terrifying	439897
territorial	territorial	938519
territories	territories	944521
territory	territory	2589463
terror	terror	1668889
terrorism	terrorism	1268440
terrorist	terrorist	953043
terrorists	terrorists	491145
tertiary	tertiary	418871
test	test	11919356
testament	testament	1824476
tested	tested	2049240
testify	testify	438733
testimony	testimony	1672043
testing	testing	4379500
tests	tests	4260791
text	text	9559688
textbook	textbook	575467
textbooks	textbooks	438067
textile	textile	447528
texts	texts	3213819
textual	textual	663271
texture	texture	849387
Thailand	thailand	645400
than	than	90780068
thank	thank	6574661
thanked	thanked	622810
thankful	thankful	499675
thanks	thanks	4647472
that	that	722505007
the	the	4000000000
theater	theater	1291151
theatre	theatre	2106911
theatrical	theatrical	483374
thee	thee	2401512
theft	theft	684425
their	their	166278051
theirs	theirs	629726
them	them	107310157
theme	theme	2182330
themes	themes	1498873
themselves	themselves	13690496
then	then	94628565
theological	theological	1404820
theology	theology	2063336
theorem	theorem	1742957
theoretical	theoretical	3267611
theoretically	theoretically	514329
theories	theories	3116123
theorists	theorists	618003
theory	theory	14512758
therapeutic	therapeutic	1657028
therapies	therapies	591648
therapist	therapist	1229506
therapists	therapists	504639
therapy	therapy	5776860
there	there	143845286
thereafter	thereafter	862801
thereby	thereby	2410231
therefore	therefore	16362972
therein	therein	521820
thereof	thereof	989426
thermal	thermal	1978200
these	these	92929270
thesis	thesis	1508257
they	they	219842233
thick	thick	3728510
thickness	thickness	1407563
thief	thief	526402
thigh	thigh	711251
thighs	thighs	837243
thin	thin	3790553
thine	thine	417618
thing	thing	19542727
things	things	27738840
think	think	37834497
thinkers	thinkers	527995
thinking	thinking	11889250
thinks	thinks	2188250
third	third	13919536
thirds	thirds	613377
thirst	thirst	430426
thirteen	thirteen	954146
thirty	thirty	4583911
this	this	318585789
thorough	thorough	840298
thoroughly	thoroughly	1365298
those	those	51684426
thou	thou	3596905
though	though	26307122
thought	thought	33404096
thoughtful	thoughtful	606270
thoughts	thoughts	6021928
thousand	thousand	5132739
thousands	thousands	2850005
thread	thread	1080293
threads	threads	532852
threat	threat	3396250
threaten	threaten	557774
threatened	threatened	1721471
threatening	threatening	1315921
threats	threats	1489987
three	three	38011472
threshold	threshold	1753251
threw	threw	2583963
thrilled	thrilled	426231
throat	throat	3480907
throne	throne	1221781
through	through	66392584
throughout	throughout	7452577
throw	throw	2262410
throwing	throwing	1241982
thrown	thrown	1750391
throws	throws	435861
thrust	thrust	1356388
thumb	thumb	1196261
thunder	thunder	722422
Thursday	thursday	681643
thus	thus	20889541
thy	thy	2929259
thyroid	thyroid	737433
ticket	ticket	965757
tickets	tickets	675155
tide	tide	887998
tie	tie	1445250
tied	tied	2134164
tier	tier	534954
ties	ties	1406829
tiger	tiger	660655
tight	tight	2857287
tightened	tightened	746621
tightly	tightly	1442765
till	till	3525738
tilted	tilted	613538
timber	timber	782533
time	time	109358909
timely	timely	694545
times	times	20257314
timing	timing	1359733
tin	tin	855437
tiny	tiny	3049689
tion	tion	816986
tip	tip	2298719
tipped	tipped	527129
tips	tips	1127241
tire	tire	451444
tired	tired	2785581
tissue	tissue	3933986
tissues	tissues	1358000
title	title	5486583
titled	titled	575380
titles	titles	1078691
to	to	1710740681
toast	toast	569626
tobacco	tobacco	1217481
today	today	12470137
toe	toe	775451
toes	toes	786754
together	together	20324531
toilet	toilet	714548
token	token	529432
told	told	23070893
tolerance	tolerance	1280793
tolerate	tolerate	496011
toll	toll	567688
tomato	tomato	625196
tomatoes	tomatoes	595420
tomb	tomb	741117
tomorrow	tomorrow	3236256
ton	ton	562128
tone	tone	3841087
tones	tones	632565
tongue	tongue	3202132
tongues	tongues	449835
tonight	tonight	3024316
tons	tons	917615
too	too	40523830
took	took	26227770
tool	tool	3900670
tools	tools	4754751
tooth	tooth	776143
top	top	12676472
topic	topic	2826334
topical	topical	442890
topics	topics	1874815
tops	tops	525875
torch	torch	435438
tore	tore	713951
torn	torn	1101300
torture	torture	1012877
toss	toss	503926
tossed	tossed	1109312
total	total	12402670
totally	totally	2268118
touch	touch	5243705
touched	touched	2688619
touches	touches	548420
touching	touching	1307020
tough	tough	1519680
tour	tour	1866883
tourism	tourism	1654755
tourist	tourist	889337
tourists	tourists	797692
tours	tours	629384
toward	toward	14632690
towards	towards	10542081
towel	towel	797171
tower	tower	1867117
towers	towers	637988
town	town	9471889
towns	towns	1627881
toxic	toxic	1095588
toxicity	toxicity	886534
toy	toy	659532
toys	toys	633488
trace	trace	1858993
traced	traced	829813
traces	traces	897137
tracing	tracing	506278
track	track	3490561
tracking	tracking	1184075
tracks	tracks	1295550
tract	tract	1193722
trade	trade	9475684
traded	traded	557877
trademark	trademark	469080
traders	traders	653190
trades	trades	443363
trading	trading	1980611
tradition	tradition	4189638
traditional	traditional	6658212
traditionally	traditionally	1085385
traditions	traditions	1925677
traffic	traffic	2941509
trafficking	trafficking	581032
tragedy	tragedy	1119305
tragic	tragic	773561
trail	trail	2260479
trailer	trailer	441337
trails	trails	519113
train	train	3910293
trained	trained	2262679
training	training	9488834
trains	trains	655571
trait	trait	651894
traits	traits	1234249
trajectory	trajectory	699894
trans	trans	2466963
transaction	transaction	1712384
transactions	transactions	2072661
transcription	transcription	702565
transfer	transfer	5117002
transferred	transferred	1690553
transfers	transfers	828848
transform	transform	1451794
transformation	transformation	3130845
transformations	transformations	731193
transformed	transformed	1626019
transforming	transforming	685857
transient	transient	713995
transit	transit	726504
transition	transition	3542528
transitional	transitional	516019
transitions	transitions	811466
translate	translate	692513
translated	translated	2036760
translation	translation	2933900
translations	translations	608742
transmission	transmission	2408882
transmit	transmit	478988
transmitted	transmitted	1370409
transnational	transnational	907630
transparency	transparency	817174
transparent	transparent	870913
transplant	transplant	531945
transplantation	transplantation	615574
transport	transport	3718518
transportation	transportation	2244799
transported	transported	622027
transverse	transverse	572833
trap	trap	1085184
trapped	trapped	1018240
trash	trash	561764
trauma	trauma	1927621
traumatic	traumatic	901958
travel	travel	4251892
traveled	traveled	1006168
travelers	travelers	459818
traveling	traveling	1122296
travelled	travelled	620636
travelling	travelling	794372
travels	travels	762503
tray	tray	850338
treasure	treasure	950310
treasures	treasures	413067
treasury	treasury	1032743
treat	treat	2838019
treated	treated	4657183
treaties	treaties	737848
treating	treating	1196770
treatise	treatise	514336
treatment	treatment	13438717
treatments	treatments	1353470
treats	treats	520525
treaty	treaty	2386859
tree	tree	6234351
trees	trees	5280710
trembled	trembled	466810
trembling	trembling	914248
tremendous	tremendous	881161
trench	trench	425412
trend	trend	1796544
trends	trends	2092676
trial	trial	4962746
trials	trials	2004294
triangle	triangle	896650
tribal	tribal	917610
tribe	tribe	1139439
tribes	tribes	1095558
tribunal	tribunal	804267
tribute	tribute	527677
trick	trick	984158
tricks	tricks	534742
tried	tried	10523491
tries	tries	1134723
trigger	trigger	1231271
triggered	triggered	698462
triggers	triggers	421604
trim	trim	464704
trinity	trinity	645005
trip	trip	3297124
triple	triple	675028
trips	trips	862078
triumph	triumph	906266
trivial	trivial	555179
troops	troops	2763247
tropical	tropical	963327
trouble	trouble	4592310
troubled	troubled	944530
troubles	troubles	644789
trousers	trousers	601604
trout	trout	421796
truck	truck	2280463
trucks	trucks	618216
true	true	15236731
truly	truly	3867191
trump	trump	585915
trunk	trunk	1055990
trust	trust	7481370
trusted	trusted	1190300
trustee	trustee	494386
trustees	trustees	432855
trusting	trusting	465639
trusts	trusts	455024
truth	truth	9674637
truths	truths	723216
try	try	10532270
trying	trying	11554948
tub	tub	436687
tube	tube	1974549
tuberculosis	tuberculosis	495396
tubes	tubes	736131
tucked	tucked	885745
Tuesday	tuesday	684087
tugged	tugged	551976
tuition	tuition	431421
tumor	tumor	1990376
tumors	tumors	1159676
tune	tune	836124
tunnel	tunnel	1202407
turbulent	turbulent	436227
turkey	turkey	1698039
Turkish	turkish	1131826
turn	turn	13791395
turned	turned	18971421
turning	turning	4695251
turnover	turnover	585566
turns	turns	3210713
twelfth	twelfth	488040
twelve	twelve	2880614
twentieth	twentieth	2153846
twenty	twenty	8594853
twice	twice	3169653
twilight	twilight	423533
twin	twin	1057165
twins	twins	812369
twist	twist	742472
twisted	twisted	1284872
twisting	twisting	469861
two	two	80986182
type	type	15662873
types	types	8674972
typical	typical	4007926
typically	typically	4445617
ugly	ugly	1008097
uh	uh	891233
UK	uk	4238902
Ukraine	ukraine	522518
ultimate	ultimate	2010186
ultimately	ultimately	3015589
ultra	ultra	416068
ultrasound	ultrasound	736636
um	um	978724
umbrella	umbrella	474811
unable	unable	3555555
unacceptable	unacceptable	432045
unaware	unaware	657166
uncertain	uncertain	1292464
uncertainty	uncertainty	2014951
unchanged	unchanged	492921
uncle	uncle	3019336
unclear	unclear	782853
uncomfortable	uncomfortable	1237351
uncommon	uncommon	652324
unconscious	unconscious	1424969
uncovered	uncovered	435796
under	under	40469136
undergo	undergo	682124
undergoing	undergoing	531932
undergraduate	undergraduate	494151
underground	underground	1114101
underlying	underlying	2774955
undermine	undermine	546097
underneath	underneath	962301
understand	understand	13805424
understandable	understandable	441973
understanding	understanding	11467457
understandings	understandings	528383
understands	understands	677847
understood	understood	5686173
undertake	undertake	713118
undertaken	undertaken	1073539
undertaking	undertaking	660491
undoubtedly	undoubtedly	957714
une	une	530990
uneasy	uneasy	546659
unemployed	unemployed	455333
unemployment	unemployment	1328629
unequal	unequal	454135
uneven	uneven	414916
unexpected	unexpected	1461538
unexpectedly	unexpectedly	455241
unfair	unfair	704226
unfamiliar	unfamiliar	607882
unfortunate	unfortunate	788569
unfortunately	unfortunately	2414169
unhappy	unhappy	872020
unified	unified	769652
uniform	uniform	2398524
uniformly	uniformly	417224
unilateral	unilateral	420639
union	union	7151013
unions	unions	1136153
unique	unique	4201735
uniquely	uniquely	429523
unit	unit	6578473
units	units	4581851
unity	unity	1960244
universal	universal	3195147
universally	universally	443910
universe	universe	2517763
universities	universities	1662783
university	university	28245766
unjust	unjust	444503
unknown	unknown	3086141
unless	unless	5643039
unlike	unlike	3221309
unlikely	unlikely	1664780
unlimited	unlimited	485165
unnecessary	unnecessary	940915
unpleasant	unpleasant	671810
unprecedented	unprecedented	524789
unpredictable	unpredictable	445645
unpublished	unpublished	687752
unreasonable	unreasonable	430470
unrelated	unrelated	474327
unseen	unseen	455811
unstable	unstable	762370
unsuccessful	unsuccessful	434280
unsure	unsure	478130
until	until	25198351
unto	unto	2850840
unusual	unusual	2103683
unusually	unusually	460874
unwanted	unwanted	483010
unwilling	unwilling	583703
up	up	120512074
update	update	1451085
updated	updated	927765
updates	updates	539481
upon	upon	22748181
upper	upper	5200828
upright	upright	876941
ups	ups	679500
upset	upset	1631772
upside	upside	465648
upstairs	upstairs	1254765
upstream	upstream	428192
uptake	uptake	652684
upward	upward	1181216
upwards	upwards	491785
urban	urban	5311602
urge	urge	1066948
urged	urged	1008597
urgency	urgency	528501
urgent	urgent	897735
urinary	urinary	688953
urine	urine	999703
us	us	50399685
usage	usage	1443062
use	use	49340940
used	used	46150396
useful	useful	6101440
usefulness	usefulness	438724
useless	useless	932267
user	user	4968578
users	users	3730272
uses	uses	5302419
using	using	26599104
usual	usual	3963823
usually	usually	12189877
utilities	utilities	499504
utility	utility	1741756
utilization	utilization	764106
utilize	utilize	582621
utilized	utilized	838640
utilizing	utilizing	463325
utmost	utmost	506306
utter	utter	725797
uttered	uttered	544395
utterly	utterly	956976
vacant	vacant	411679
vacation	vacation	725679
vaccine	vaccine	687882
vacuum	vacuum	891501
vaginal	vaginal	414082
vague	vague	954299
vaguely	vaguely	482320
vain	vain	888743
valid	valid	1951902
validation	validation	853419
validity	validity	1486122
valley	valley	3089701
valuable	valuable	2461879
valuation	valuation	663693
value	value	20109455
valued	valued	1111953
values	values	11676555
valve	valve	1105231
vampire	vampire	635020
van	van	5378663
vanilla	vanilla	458206
vanished	vanished	806316
vanity	vanity	420244
vapor	vapor	605709
variability	variability	942252
variable	variable	4526083
variables	variables	4211015
variance	variance	1256869
variant	variant	669560
variants	variants	613347
variation	variation	2671085
variations	variations	1757831
varied	varied	1392977
varies	varies	1106773
varieties	varieties	956222
variety	variety	5328678
various	various	12772332
vary	vary	2130181
varying	varying	1439949
vascular	vascular	1185463
vast	vast	2628812
vector	vector	2336177
vectors	vectors	840304
vegetable	vegetable	888415
vegetables	vegetables	1343344
vegetation	vegetation	811266
vehicle	vehicle	3300043
vehicles	vehicles	1818139
veil	veil	606159
vein	vein	1048117
veins	veins	898925
velocity	velocity	2210844
velvet	velvet	522384
vendor	vendor	445990
vendors	vendors	425395
vengeance	vengeance	469293
venous	venous	644307
ventilation	ventilation	675921
ventricular	ventricular	778086
venture	venture	1200825
venue	venue	426868
Venus	venus	455957
verb	verb	1328221
verbal	verbal	1515334
verbs	verbs	727195
verdict	verdict	478974
verification	verification	662899
verified	verified	455064
verify	verify	801509
versa	versa	525287
verse	verse	1705881
verses	verses	830263
version	version	5063673
versions	versions	1414134
versus	versus	2768307
vertical	vertical	2157841
very	very	53588500
vessel	vessel	1922532
vessels	vessels	1920891
vet	vet	416646
veteran	veteran	553205
veterans	veterans	916701
via	via	4877517
viable	viable	742435
vibration	vibration	679452
vice	vice	2023070
vicinity	vicinity	545928
vicious	vicious	513934
victim	victim	2329202
victims	victims	2316226
victor	victor	1000115
Victorian	victorian	810067
victory	victory	2182843
video	video	3486147
videos	videos	699622
Vietnam	vietnam	1520665
Vietnamese	vietnamese	601190
view	view	15598193
viewed	viewed	2247224
viewer	viewer	497188
viewers	viewers	488412
viewing	viewing	976292
viewpoint	viewpoint	547614
views	views	4326926
vigorous	vigorous	496151
villa	villa	572644
village	village	4479297
villagers	villagers	479850
villages	villages	1241643
vinegar	vinegar	476271
vintage	vintage	443490
violate	violate	418396
violated	violated	593755
violation	violation	1218026
violations	violations	791515
violence	violence	5570057
violent	violent	2298233
violently	violently	503852
violet	violet	683788
viral	viral	855199
virgin	virgin	1131822
virtual	virtual	2076313
virtually	virtually	1535466
virtue	virtue	2071663
virtues	virtues	805151
virtuous	virtuous	413378
virus	virus	1903565
viruses	viruses	615868
viscosity	viscosity	495444
visibility	visibility	567229
visible	visible	3124472
vision	vision	5162694
visions	visions	828997
visit	visit	5653649
visited	visited	1975926
visiting	visiting	1410831
visitor	visitor	978497
visitors	visitors	1699214
visits	visits	1309867
visual	visual	4110258
visualization	visualization	526101
visually	visually	412552
vital	vital	2097516
vitamin	vitamin	1274756
vitro	vitro	895313
vivid	vivid	649609
vivo	vivo	755212
vocabulary	vocabulary	1031139
vocal	vocal	713770
vocational	vocational	497902
voice	voice	16144516
voices	voices	2309932
void	void	1104199
volatile	volatile	525299
volatility	volatility	455997
vols	vols	803121
voltage	voltage	2009430
volume	volume	7388284
volumes	volumes	1287411
voluntary	voluntary	1293627
volunteer	volunteer	819935
volunteers	volunteers	904613
vomiting	vomiting	565687
vote	vote	2323541
voted	voted	583620
voters	voters	933363
votes	votes	840313
voting	voting	1177042
voyage	voyage	736774
vulnerability	vulnerability	934827
vulnerable	vulnerable	1666600
wade	wade	479295
wage	wage	1606266
wages	wages	1519206
wagon	wagon	794888
waist	waist	1503909
wait	wait	6460473
waited	waited	3396684
waiter	waiter	466717
waiting	waiting	6642916
wake	wake	2264738
waking	waking	652719
Wales	wales	1183722
walk	walk	7028303
walked	walked	8940962
walker	walker	1274029
walking	walking	4837734
walks	walks	1195934
wall	wall	9142991
walls	walls	4380243
wander	wander	465079
wandered	wandered	665738
wandering	wandering	710485
want	want	34247021
wanted	wanted	18992620
wanting	wanting	1944294
wants	wants	4657285
war	war	22242236
ward	ward	1458547
warehouse	warehouse	602690
warfare	warfare	1015902
warm	warm	4801528
warmed	warmed	434988
warming	warming	776256
warmth	warmth	1270789
warn	warn	663447
warned	warned	1417815
warning	warning	2256393
warnings	warnings	439580
warrant	warrant	856177
warrior	warrior	922972
warriors	warriors	847900
wars	wars	1798442
wartime	wartime	493870
wary	wary	438111
was	was	518219738
wash	wash	1418714
washed	washed	1283692
washing	washing	955157
waste	waste	3462650
wasted	wasted	669171
wasting	wasting	440904
watch	watch	5916445
watched	watched	5333880
watches	watches	468152
watching	watching	4858393
water	water	28373068
waters	waters	2224983
wave	wave	4346420
waved	waved	1410830
wavelength	wavelength	683129
waves	waves	2746700
waving	waving	693792
wax	wax	513246
way	way	61353670
ways	ways	12203040
we	we	208829452
weak	weak	3482319
weakened	weakened	483769
weaker	weaker	608010
weakness	weakness	1447415
weaknesses	weaknesses	697509
wealth	wealth	3050179
wealthy	wealthy	1092429
weapon	weapon	1689626
weapons	weapons	2636864
wear	wear	2829931
wearing	wearing	3301511
weary	weary	718156
weather	weather	3017570
web	web	5308892
website	website	2522078
websites	websites	770853
wedding	wedding	2315143
Wednesday	wednesday	650843
weed	weed	440246
weeds	weeds	415765
week	week	8425491
weekend	weekend	1413079
weekends	weekends	428284
weekly	weekly	1390892
weeks	weeks	6796337
weeping	weeping	490555
weigh	weigh	470900
weighed	weighed	575793
weighing	weighing	449542
weight	weight	7319663
weighted	weighted	884781
weights	weights	874333
weird	weird	1009385
welcome	welcome	2471306
welcomed	welcomed	728642
welcoming	welcoming	413518
welfare	welfare	2776529
well	well	63085784
wells	wells	1021055
went	went	24655095
were	were	175440244
west	west	9284876
western	western	7035984
wet	wet	2757946
whale	whale	425707
what	what	148558352
whatever	whatever	7362406
whatsoever	whatsoever	588963
wheat	wheat	1213469
wheel	wheel	1853607
wheels	wheels	853972
when	when	142418564
whence	whence	423428
whenever	whenever	2686350
where	where	63506624
whereas	whereas	4529006
whereby	whereby	957624
wherein	wherein	591779
wherever	wherever	1257412
whether	whether	19192317
which	which	169510220
while	while	46651283
whilst	whilst	1560589
whip	whip	530296
whipped	whipped	530732
whiskey	whiskey	425549
whisper	whisper	1037386
whispered	whispered	3121226
whispering	whispering	430095
whispers	whispers	430690
whistle	whistle	469079
white	white	19157659
whites	whites	1057736
who	who	117220647
whoever	whoever	1181567
whole	whole	18409970
wholly	wholly	1019141
whom	whom	9020996
whose	whose	11237157
why	why	32304317
wicked	wicked	1089199
wide	wide	7923906
widely	widely	3211532
widened	widened	647379
wider	wider	2065018
widespread	widespread	1533623
widow	widow	837235
width	width	1423364
wife	wife	9990388
wild	wild	4111078
wilderness	wilderness	964369
wildlife	wildlife	939152
wildly	wildly	529575
will	will	127888528
willing	willing	3663315
willingly	willingly	446587
willingness	willingness	916018
willow	willow	426873
win	win	2978079
wind	wind	5640927
winding	winding	629304
window	window	7583143
windows	windows	3970278
winds	winds	923027
wine	wine	3939822
wines	wines	416640
wing	wing	1829419
wings	wings	1596079
winner	winner	592462
winning	winning	1456851
wins	wins	452138
winter	winter	3866567
wipe	wipe	531135
wiped	wiped	1006576
wire	wire	1814864
wireless	wireless	1056045
wires	wires	542076
wisdom	wisdom	2800987
wise	wise	2323824
wish	wish	5909783
wished	wished	2374172
wishes	wishes	1473837
wishing	wishing	772209
wit	wit	604078
witch	witch	803895
with	with	467257378
withdraw	withdraw	656134
withdrawal	withdrawal	1023018
withdrawn	withdrawn	547740
withdrew	withdrew	569616
within	within	30958509
without	without	35197226
witness	witness	2542085
witnessed	witnessed	1062869
witnesses	witnesses	1291424
wives	wives	1189722
wizard	wizard	489118
woke	woke	1131472
wolf	wolf	1604003
wolves	wolves	541771
woman	woman	19064582
women	women	26581585
won	won	2948165
wonder	wonder	3938146
wondered	wondered	3322225
wonderful	wonderful	2927195
wondering	wondering	1817520
wonders	wonders	634979
wood	wood	4363877
wooden	wooden	2122558
woods	woods	1941479
wool	wool	715065
word	word	16155503
words	words	20823050
wore	wore	2370245
work	work	51840379
worked	worked	7595715
worker	worker	1999775
workers	workers	6987440
workforce	workforce	791083
working	working	15418758
workplace	workplace	1135897
works	works	9092732
workshop	workshop	1112357
workshops	workshops	563035
world	world	44349975
worldly	worldly	461311
worlds	worlds	1337741
worldwide	worldwide	1261761
worn	worn	1605779
worried	worried	2572601
worries	worries	576074
worry	worry	3591696
worrying	worrying	597785
worse	worse	4113101
worship	worship	2008349
worst	worst	2534666
worth	worth	5126049
worthwhile	worthwhile	426833
worthy	worthy	1441947
would	would	140558308
wound	wound	2194956
wounded	wounded	1573494
wounds	wounds	1069009
woven	woven	425224
wow	wow	720960
wrap	wrap	796780
wrapped	wrapped	2112730
wrapping	wrapping	442884
wrath	wrath	633233
wretched	wretched	431641
wrist	wrist	1104190
wrists	wrists	444447
write	write	6944605
writer	writer	2646143
writers	writers	2480624
writes	writes	1912379
writing	writing	9795677
writings	writings	1696076
written	written	9779596
wrong	wrong	8674797
wrote	wrote	7027536
wrought	wrought	438499
ya	ya	843299
Yahweh	yahweh	479329
yang	yang	1074519
yard	yard	1754616
yards	yards	1458783
ye	ye	3319068
yeah	yeah	4375028
year	year	27425761
years	years	42112350
yeast	yeast	548376
yelled	yelled	1180592
yelling	yelling	478954
yellow	yellow	3376865
yer	yer	426061
yes	yes	16428125
yesterday	yesterday	1909660
yet	yet	22928350
yi	yi	436270
yield	yield	2593648
yielded	yielded	541429
yielding	yielding	429084
yields	yields	1146664
yo	yo	445293
yoga	yoga	609539
you	you	383950917
young	young	19853330
younger	younger	3155593
youngest	youngest	609762
your	your	106383838
yours	yours	2143882
yourself	yourself	7521162
yourselves	yourselves	528281
youth	youth	4124294
yuan	yuan	425578
zero	zero	3200338
zinc	zinc	585335
zone	zone	2888839
zones	zones	1087852
