的	de	4000000000
一	yi	3999958519
了	le	3999917038
是	shi	3999875557
不	bu	3999834076
我	wo	3999792595
在	zai	3999751114
有	you	3999709633
人	ren	3999668152
這	zhe	3999626671
这	zhe	3999585190
他	ta	3999543709
們	men	3999502228
们	men	3999460747
來	lai	3999419266
来	lai	3999377785
個	ge	3999336304
个	ge	3999294823
上	shang	3999253342
大	da	3999211861
就	jiu	3999170380
你	ni	3999128899
着	zhe	3999087418
著	zhe	3999045937
到	dao	3999004456
說	shuo	3998962975
説	shuo	3998921494
说	shuo	3998880013
和	he	3998838532
要	yao	3998797051
裏	li	3998755570
裡	li	3998714089
里	li	3998672608
麼	me	3998631127
麽	me	3998589646
么	me	3998548165
子	zi	3998506684
地	de	3998465203
也	ye	3998423722
去	qu	3998382241
那	na	3998340760
主	zhu	3998299279
會	hui	3998257798
会	hui	3998216317
時	shi	3998174836
时	shi	3998133355
出	chu	3998091874
齣	chu	3998050393
下	xia	3998008912
得	de	3997967431
國	guo	3997925950
国	guo	3997884469
過	guo	3997842988
过	guo	3997801507
為	wei	3997760026
爲	wei	3997718545
为	wei	3997677064
好	hao	3997635583
以	yi	3997594102
看	kan	3997552621
可	ke	3997511140
還	hai	3997469659
还	hai	3997428178
生	sheng	3997386697
都	dou	3997345216
學	xue	3997303735
学	xue	3997262254
起	qi	3997220773
能	neng	3997179292
沒	mei	3997137811
没	mei	3997096330
多	duo	3997054849
年	nian	3997013368
小	xiao	3996971887
把	ba	3996930406
天	tian	3996888925
工	gong	3996847444
家	jia	3996805963
傢	jia	3996764482
發	fa	3996723001
髮	fa	3996681520
发	fa	3996640039
動	dong	3996598558
动	dong	3996557077
對	dui	3996515596
对	dui	3996474115
用	yong	3996432634
地	di	3996391153
中	zhong	3996349672
又	you	3996308191
作	zuo	3996266710
同	tong	3996225229
衕	tong	3996183748
民	min	3996142267
自	zi	3996100786
樣	yang	3996059305
样	yang	3996017824
想	xiang	3995976343
面	mian	3995934862
麵	mian	3995893381
成	cheng	3995851900
她	ta	3995810419
義	yi	3995768938
义	yi	3995727457
後	hou	3995685976
后	hou	3995644495
經	jing	3995603014
经	jing	3995561533
產	chan	3995520052
産	chan	3995478571
产	chan	3995437090
十	shi	3995395609
什	shen	3995354128
道	dao	3995312647
進	jin	3995271166
进	jin	3995229685
現	xian	3995188204
现	xian	3995146723
只	zhi	3995105242
戠	zhi	3995063761
衹	zhi	3995022280
隻	zhi	3994980799
點	dian	3994939318
点	dian	3994897837
頭	tou	3994856356
头	tou	3994814875
種	zhong	3994773394
种	zhong	3994731913
從	cong	3994690432
从	cong	3994648951
甚	shen	3994607470
些	xie	3994565989
很	hen	3994524508
然	ran	3994483027
前	qian	3994441546
老	lao	3994400065
事	shi	3994358584
方	fang	3994317103
分	fen	3994275622
開	kai	3994234141
於	yu	3994192660
而	er	3994151179
开	kai	3994109698
于	yu	3994068217
心	xin	3994026736
兒	r	3993985255
兩	liang	3993943774
两	liang	3993902293
走	zou	3993860812
見	jian	3993819331
见	jian	3993777850
高	gao	3993736369
象	xiang	3993694888
三	san	3993653407
噹	dang	3993611926
當	dang	3993570445
当	dang	3993528964
它	ta	3993487483
氣	qi	3993446002
回	hui	3993404521
迴	hui	3993363040
行	xing	3993321559
實	shi	3993280078
实	shi	3993238597
問	wen	3993197116
问	wen	3993155635
給	gei	3993114154
给	gei	3993072673
全	quan	3993031192
水	shui	3992989711
部	bu	3992948230
幾	ji	3992906749
几	ji	3992865268
二	er	3992823787
命	ming	3992782306
正	zheng	3992740825
定	ding	3992699344
黨	dang	3992657863
党	dang	3992616382
手	shou	3992574901
己	ji	3992533420
力	li	3992491939
機	ji	3992450458
机	ji	3992408977
气	qi	3992367496
意	yi	3992326015
向	xiang	3992284534
嚮	xiang	3992243053
曏	xiang	3992201572
所	suo	3992160091
知	zhi	3992118610
等	deng	3992077129
社	she	3992035648
物	wu	3991994167
理	li	3991952686
戰	zhan	3991911205
战	zhan	3991869724
邊	bian	3991828243
边	bian	3991786762
話	hua	3991745281
话	hua	3991703800
候	hou	3991662319
但	dan	3991620838
聲	sheng	3991579357
本	ben	3991537876
声	sheng	3991496395
如	ru	3991454914
呢	ne	3991413433
呐	ne	3991371952
使	shi	3991330471
之	zhi	3991288990
打	da	3991247509
叫	jiao	3991206028
外	wai	3991164547
罷	ba	3991123066
罢	ba	3991081585
法	fa	3991040104
眼	yan	3990998623
情	qing	3990957142
做	zuo	3990915661
身	shen	3990874180
革	ge	3990832699
化	hua	3990791218
才	cai	3990749737
纔	cai	3990708256
間	jian	3990666775
间	jian	3990625294
反	fan	3990583813
已	yi	3990542332
四	si	3990500851
最	zui	3990459370
真	zhen	3990417889
業	ye	3990376408
业	ye	3990334927
怎	zen	3990293446
志	zhi	3990251965
誌	zhi	3990210484
聽	ting	3990169003
听	ting	3990127522
吧	ba	3990086041
別	bie	3990044560
彆	bie	3990003079
别	bie	3989961598
級	ji	3989920117
级	ji	3989878636
放	fang	3989837155
媽	ma	3989795674
妈	ma	3989754193
無	wu	3989712712
无	wu	3989671231
路	lu	3989629750
明	ming	3989588269
先	xian	3989546788
乾	gan	3989505307
幹	gan	3989463826
干	gan	3989422345
新	xin	3989380864
因	yin	3989339383
量	liang	3989297902
車	che	3989256421
车	che	3989214940
文	wen	3989173459
階	jie	3989131978
阶	jie	3989090497
代	dai	3989049016
長	zhang	3989007535
长	zhang	3988966054
少	shao	3988924573
五	wu	3988883092
加	jia	3988841611
解	jie	3988800130
制	zhi	3988758649
製	zhi	3988717168
政	zheng	3988675687
軍	jun	3988634206
军	jun	3988592725
度	du	3988551244
重	zhong	3988509763
活	huo	3988468282
各	ge	3988426801
住	zhu	3988385320
電	dian	3988343839
电	dian	3988302358
比	bi	3988260877
員	yuan	3988219396
员	yuan	3988177915
第	di	3988136434
常	chang	3988094953
關	guan	3988053472
关	guan	3988011991
體	ti	3987970510
体	ti	3987929029
建	jian	3987887548
口	kou	3987846067
太	tai	3987804586
次	ci	3987763105
爭	zheng	3987721624
争	zheng	3987680143
月	yue	3987638662
山	shan	3987597181
原	yuan	3987555700
再	zai	3987514219
吃	chi	3987472738
變	bian	3987431257
变	bian	3987389776
應	ying	3987348295
应	ying	3987306814
果	guo	3987265333
門	men	3987223852
门	men	3987182371
題	ti	3987140890
题	ti	3987099409
條	tiao	3987057928
条	tiao	3987016447
西	xi	3986974966
光	guang	3986933485
思	si	3986892004
由	you	3986850523
快	kuai	3986809042
利	li	3986767561
表	biao	3986726080
錶	biao	3986684599
東	dong	3986643118
东	dong	3986601637
總	zong	3986560156
总	zong	3986518675
您	nin	3986477194
合	he	3986435713
閤	he	3986394232
立	li	3986352751
百	bai	3986311270
提	ti	3986269789
嗎	ma	3986228308
吗	ma	3986186827
被	bei	3986145346
跟	gen	3986103865
領	ling	3986062384
领	ling	3986020903
結	jie	3985979422
结	jie	3985937941
啊	a	3985896460
決	jue	3985854979
决	jue	3985813498
完	wan	3985772017
平	ping	3985730536
教	jiao	3985689055
隊	dui	3985647574
队	dui	3985606093
論	lun	3985564612
论	lun	3985523131
許	xu	3985481650
许	xu	3985440169
科	ke	3985398688
其	qi	3985357207
親	qin	3985315726
亲	qin	3985274245
資	zi	3985232764
资	zi	3985191283
者	zhe	3985149802
九	jiu	3985108321
展	zhan	3985066840
書	shu	3985025359
书	shu	3984983878
內	nei	3984942397
内	nei	3984900916
更	geng	3984859435
並	bing	3984817954
併	bing	3984776473
并	bing	3984734992
呀	ya	3984693511
哪	na	3984652030
導	dao	3984610549
笑	xiao	3984569068
导	dao	3984527587
性	xing	3984486106
白	bai	3984444625
造	zao	3984403144
係	xi	3984361663
繫	xi	3984320182
系	xi	3984278701
斗	dou	3984237220
鬥	dou	3984195739
相	xiang	3984154258
帶	dai	3984112777
带	dai	3984071296
萬	wan	3984029815
万	wan	3983988334
敵	di	3983946853
敌	di	3983905372
指	zhi	3983863891
界	jie	3983822410
共	gong	3983780929
接	jie	3983739448
直	zhi	3983697967
公	gong	3983656486
往	wang	3983615005
農	nong	3983573524
农	nong	3983532043
線	xian	3983490562
記	ji	3983449081
綫	xian	3983407600
记	ji	3983366119
线	xian	3983324638
日	ri	3983283157
位	wei	3983241676
認	ren	3983200195
认	ren	3983158714
每	mei	3983117233
研	yan	3983075752
今	jin	3983034271
世	shi	3982992790
將	jiang	3982951309
将	jiang	3982909828
便	bian	3982868347
孩	hai	3982826866
任	ren	3982785385
根	gen	3982743904
難	nan	3982702423
花	hua	3982660942
难	nan	3982619461
區	qu	3982577980
区	qu	3982536499
群	qun	3982495018
運	yun	3982453537
运	yun	3982412056
辦	ban	3982370575
办	ban	3982329094
風	feng	3982287613
风	feng	3982246132
數	shu	3982204651
数	shu	3982163170
長	chang	3982121689
究	jiu	3982080208
望	wang	3982038727
識	shi	3981997246
识	shi	3981955765
寫	xie	3981914284
写	xie	3981872803
處	chu	3981831322
处	chu	3981789841
女	nv	3981748360
治	zhi	3981706879
件	jian	3981665398
流	liu	3981623917
卻	que	3981582436
却	que	3981540955
衆	zhong	3981499474
眾	zhong	3981457993
众	zhong	3981416512
半	ban	3981375031
師	shi	3981333550
通	tong	3981292069
师	shi	3981250588
愛	ai	3981209107
爱	ai	3981167626
或	huo	3981126145
拿	na	3981084664
八	ba	3981043183
形	xing	3981001702
步	bu	3980960221
此	ci	3980918740
計	ji	3980877259
计	ji	3980835778
必	bi	3980794297
站	zhan	3980752816
特	te	3980711335
設	she	3980669854
设	she	3980628373
改	gai	3980586892
受	shou	3980545411
連	lian	3980503930
连	lian	3980462449
切	qie	3980420968
信	xin	3980379487
誰	shui	3980338006
谁	shui	3980296525
強	qiang	3980255044
强	qiang	3980213563
該	gai	3980172082
该	gai	3980130601
術	shu	3980089120
朮	shu	3980047639
术	shu	3980006158
且	qie	3979964677
找	zhao	3979923196
遠	yuan	3979881715
算	suan	3979840234
远	yuan	3979798753
六	liu	3979757272
滿	man	3979715791
覺	jue	3979674310
觉	jue	3979632829
满	man	3979591348
觀	guan	3979549867
观	guan	3979508386
早	zao	3979466905
報	bao	3979425424
报	bao	3979383943
坐	zuo	3979342462
熱	re	3979300981
热	re	3979259500
期	qi	3979218019
濟	ji	3979176538
济	ji	3979135057
石	shi	3979093576
告	gao	3979052095
夠	gou	3979010614
够	gou	3978969133
跑	pao	3978927652
啦	la	3978886171
管	guan	3978844690
料	liao	3978803209
感	gan	3978761728
爸	ba	3978720247
講	jiang	3978678766
讓	rang	3978637285
讲	jiang	3978595804
让	rang	3978554323
與	yu	3978512842
与	yu	3978471361
組	zu	3978429880
组	zu	3978388399
統	tong	3978346918
统	tong	3978305437
河	he	3978263956
越	yue	3978222475
火	huo	3978180994
爺	ye	3978139513
爷	ye	3978098032
服	fu	3978056551
七	qi	3978015070
色	se	3977973589
飛	fei	3977932108
飞	fei	3977890627
轉	zhuan	3977849146
转	zhuan	3977807665
死	si	3977766184
臉	lian	3977724703
脸	lian	3977683222
塊	kuai	3977641741
块	kuai	3977600260
確	que	3977558779
确	que	3977517298
空	kong	3977475817
船	chuan	3977434336
務	wu	3977392855
务	wu	3977351374
取	qu	3977309893
場	chang	3977268412
海	hai	3977226931
场	chang	3977185450
極	ji	3977143969
极	ji	3977102488
質	zhi	3977061007
质	zhi	3977019526
緊	jin	3976978045
準	zhun	3976936564
紧	jin	3976895083
准	zhun	3976853602
整	zheng	3976812121
錢	qian	3976770640
倒	dao	3976729159
基	ji	3976687678
钱	qian	3976646197
馬	ma	3976604716
马	ma	3976563235
團	tuan	3976521754
糰	tuan	3976480273
团	tuan	3976438792
照	zhao	3976397311
千	qian	3976355830
韆	qian	3976314349
品	pin	3976272868
神	shen	3976231387
剛	gang	3976189906
刚	gang	3976148425
怕	pa	3976106944
輕	qing	3976065463
轻	qing	3976023982
土	tu	3975982501
樹	shu	3975941020
勞	lao	3975899539
劳	lao	3975858058
树	shu	3975816577
影	ying	3975775096
保	bao	3975733615
史	shi	3975692134
細	xi	3975650653
细	xi	3975609172
紅	hong	3975567691
红	hong	3975526210
習	xi	3975484729
习	xi	3975443248
程	cheng	3975401767
青	qing	3975360286
近	jin	3975318805
容	rong	3975277324
油	you	3975235843
曆	li	3975194362
歷	li	3975152881
清	qing	3975111400
历	li	3975069919
求	qiu	3975028438
送	song	3974986957
錯	cuo	3974945476
错	cuo	3974903995
目	mu	3974862514
字	zi	3974821033
村	cun	3974779552
據	ju	3974738071
据	ju	3974696590
片	pian	3974655109
席	xi	3974613628
較	jiao	3974572147
夜	ye	3974530666
较	jiao	3974489185
響	xiang	3974447704
响	xiang	3974406223
類	lei	3974364742
驗	yan	3974323261
类	lei	3974281780
验	yan	3974240299
離	li	3974198818
离	li	3974157337
底	di	3974115856
至	zhi	3974074375
張	zhang	3974032894
张	zhang	3973991413
備	bei	3973949932
米	mi	3973908451
入	ru	3973866970
备	bei	3973825489
買	mai	3973784008
屋	wu	3973742527
买	mai	3973701046
深	shen	3973659565
器	qi	3973618084
收	shou	3973576603
名	ming	3973535122
規	gui	3973493641
咱	zan	3973452160
规	gui	3973410679
集	ji	3973369198
需	xu	3973327717
南	nan	3973286236
勝	sheng	3973244755
胜	sheng	3973203274
布	bu	3973161793
病	bing	3973120312
具	ju	3973078831
鐵	tie	3973037350
須	xu	3972995869
鬚	xu	3972954388
铁	tie	3972912907
须	xu	3972871426
織	zhi	3972829945
织	zhi	3972788464
裝	zhuang	3972746983
装	zhuang	3972705502
廠	chang	3972664021
厂	chang	3972622540
晚	wan	3972581059
北	bei	3972539578
睛	jing	3972498097
及	ji	3972456616
況	kuang	3972415135
况	kuang	3972373654
院	yuan	3972332173
技	ji	3972290692
友	you	3972249211
房	fang	3972207730
哥	ge	3972166249
消	xiao	3972124768
際	ji	3972083287
包	bao	3972041806
际	ji	3972000325
傳	chuan	3971958844
传	chuan	3971917363
母	mu	3971875882
堅	jian	3971834401
坚	jian	3971792920
批	pi	3971751439
談	tan	3971709958
谈	tan	3971668477
何	he	3971626996
黑	hei	3971585515
市	shi	3971544034
非	fei	3971502553
忙	mang	3971461072
斷	duan	3971419591
趕	gan	3971378110
断	duan	3971336629
赶	gan	3971295148
汽	qi	3971253667
了	liao	3971212186
瞭	liao	3971170705
睡	shui	3971129224
族	zu	3971087743
拉	la	3971046262
速	su	3971004781
委	wei	3970963300
低	di	3970921819
精	jing	3970880338
興	xing	3970838857
抗	kang	3970797376
兴	xing	3970755895
害	hai	3970714414
圍	wei	3970672933
围	wei	3970631452
刻	ke	3970589971
答	da	3970548490
派	pai	3970507009
衣	yi	3970465528
苦	ku	3970424047
擊	ji	3970382566
击	ji	3970341085
交	jiao	3970299604
娘	niang	3970258123
支	zhi	3970216642
音	yin	3970175161
得	dei	3970133680
嚴	yan	3970092199
严	yan	3970050718
廣	guang	3970009237
广	guang	3969967756
腳	jiao	3969926275
脚	jiao	3969884794
壓	ya	3969843313
压	ya	3969801832
句	ju	3969760351
急	ji	3969718870
壞	huai	3969677389
坏	huai	3969635908
草	cao	3969594427
嘴	zui	3969552946
藝	yi	3969511465
艺	yi	3969469984
帝	di	3969428503
始	shi	3969387022
破	po	3969345541
單	dan	3969304060
单	dan	3969262579
專	zhuan	3969221098
专	zhuan	3969179617
持	chi	3969138136
增	zeng	3969096655
隨	sui	3969055174
随	sui	3969013693
幫	bang	3968972212
帮	bang	3968930731
安	an	3968889250
訴	su	3968847769
诉	su	3968806288
穿	chuan	3968764807
城	cheng	3968723326
乎	hu	3968681845
請	qing	3968640364
士	shi	3968598883
请	qing	3968557402
兒	er	3968515921
儿	er	3968474440
聯	lian	3968432959
联	lian	3968391478
陣	zhen	3968349997
式	shi	3968308516
阵	zhen	3968267035
偉	wei	3968225554
伟	wei	3968184073
議	yi	3968142592
议	yi	3968101111
客	ke	3968059630
金	jin	3968018149
般	ban	3967976668
星	xing	3967935187
積	ji	3967893706
积	ji	3967852225
商	shang	3967810744
着	zhao	3967769263
著	zhao	3967727782
復	fu	3967686301
複	fu	3967644820
覆	fu	3967603339
复	fu	3967561858
達	da	3967520377
飯	fan	3967478896
达	da	3967437415
饭	fan	3967395934
約	yue	3967354453
蟲	chong	3967312972
虫	chong	3967271491
约	yue	3967230010
舉	ju	3967188529
亮	liang	3967147048
举	ju	3967105567
橋	qiao	3967064086
育	yu	3967022605
桥	qiao	3966981124
左	zuo	3966939643
雨	yu	3966898162
雖	sui	3966856681
虽	sui	3966815200
魚	yu	3966773719
鱼	yu	3966732238
兵	bing	3966690757
毛	mao	3966649276
則	ze	3966607795
忽	hu	3966566314
则	ze	3966524833
節	jie	3966483352
节	jie	3966441871
段	duan	3966400390
推	tui	3966358909
賣	mai	3966317428
檯	tai	3966275947
臺	tai	3966234466
易	yi	3966192985
颱	tai	3966151504
卖	mai	3966110023
台	tai	3966068542
鋼	gang	3966027061
钢	gang	3965985580
願	yuan	3965944099
參	can	3965902618
材	cai	3965861137
失	shi	3965819656
参	can	3965778175
愿	yuan	3965736694
靠	kao	3965695213
歲	sui	3965653732
伙	huo	3965612251
皮	pi	3965570770
夥	huo	3965529289
岁	sui	3965487808
證	zheng	3965446327
証	zheng	3965404846
证	zheng	3965363365
父	fu	3965321884
落	luo	3965280403
朋	peng	3965238922
陽	yang	3965197441
阳	yang	3965155960
誤	wu	3965114479
即	ji	3965072998
微	wei	3965031517
误	wu	3964990036
停	ting	3964948555
示	shi	3964907074
劃	hua	3964865593
划	hua	3964824112
背	bei	3964782631
局	ju	3964741150
顯	xian	3964699669
显	xian	3964658188
歡	huan	3964616707
欢	huan	3964575226
夫	fu	3964533745
引	yin	3964492264
息	xi	3964450783
除	chu	3964409302
溫	wen	3964367821
畫	hua	3964326340
食	shi	3964284859
画	hua	3964243378
温	wen	3964201897
首	shou	3964160416
圖	tu	3964118935
图	tu	3964077454
號	hao	3964035973
右	you	3963994492
号	hao	3963953011
續	xu	3963911530
续	xu	3963870049
層	ceng	3963828568
层	ceng	3963787087
呼	hu	3963745606
留	liu	3963704125
權	quan	3963662644
燈	deng	3963621163
敢	gan	3963579682
灯	deng	3963538201
权	quan	3963496720
密	mi	3963455239
舊	jiu	3963413758
旧	jiu	3963372277
靜	jing	3963330796
静	jing	3963289315
另	ling	3963247834
突	tu	3963206353
掉	diao	3963164872
旁	pang	3963123391
查	cha	3963081910
跳	tiao	3963040429
護	hu	3962998948
护	hu	3962957467
紀	ji	3962915986
久	jiu	3962874505
纪	ji	3962833024
紙	zhi	3962791543
美	mei	3962750062
纸	zhi	3962708581
雪	xue	3962667100
喊	han	3962625619
修	xiu	3962584138
助	zhu	3962542657
沖	chong	3962501176
衝	chong	3962459695
冲	chong	3962418214
醫	yi	3962376733
存	cun	3962335252
医	yi	3962293771
漸	jian	3962252290
喜	xi	3962210809
渐	jian	3962169328
球	qiu	3962127847
姑	gu	3962086366
激	ji	3962044885
冷	leng	3962003404
令	ling	3961961923
勢	shi	3961920442
势	shi	3961878961
創	chuang	3961837480
弟	di	3961795999
创	chuang	3961754518
念	nian	3961713037
見	xian	3961671556
沉	chen	3961630075
注	zhu	3961588594
註	zhu	3961547113
頂	ding	3961505632
略	lve	3961464151
顶	ding	3961422670
古	gu	3961381189
評	ping	3961339708
按	an	3961298227
律	lv	3961256746
评	ping	3961215265
腦	nao	3961173784
脑	nao	3961132303
搞	gao	3961090822
室	shi	3961049341
鄉	xiang	3961007860
唱	chang	3960966379
乡	xiang	3960924898
讀	du	3960883417
府	fu	3960841936
读	du	3960800455
簡	jian	3960758974
简	jian	3960717493
養	yang	3960676012
價	jia	3960634531
板	ban	3960593050
闆	ban	3960551569
价	jia	3960510088
养	yang	3960468607
縣	xian	3960427126
县	xian	3960385645
烈	lie	3960344164
校	xiao	3960302683
驚	jing	3960261202
沙	sha	3960219721
惊	jing	3960178240
章	zhang	3960136759
視	shi	3960095278
视	shi	3960053797
采	cai	3960012316
埰	cai	3959970835
採	cai	3959929354
維	wei	3959887873
维	wei	3959846392
姐	jie	3959804911
慢	man	3959763430
故	gu	3959721949
木	mu	3959680468
鍾	zhong	3959638987
鐘	zhong	3959597506
怪	guai	3959556025
钟	zhong	3959514544
省	sheng	3959473063
藥	yao	3959431582
葯	yao	3959390101
药	yao	3959348620
繼	ji	3959307139
初	chu	3959265658
继	ji	3959224177
班	ban	3959182696
抓	zhua	3959141215
僅	jin	3959099734
排	pai	3959058253
仅	jin	3959016772
奶	nai	3958975291
似	si	3958933810
礎	chu	3958892329
封	feng	3958850848
础	chu	3958809367
燒	shao	3958767886
烧	shao	3958726405
喝	he	3958684924
周	zhou	3958643443
座	zuo	3958601962
擔	dan	3958560481
担	dan	3958519000
傷	shang	3958477519
央	yang	3958436038
伤	shang	3958394557
呵	a	3958353076
角	jiao	3958311595
竟	jing	3958270114
棉	mian	3958228633
調	diao	3958187152
调	diao	3958145671
搖	yao	3958104190
曾	ceng	3958062709
摇	yao	3958021228
槍	qiang	3957979747
困	kun	3957938266
睏	kun	3957896785
枪	qiang	3957855304
終	zhong	3957813823
熟	shu	3957772342
终	zhong	3957730861
態	tai	3957689380
功	gong	3957647899
态	tai	3957606418
源	yuan	3957564937
止	zhi	3957523456
床	chuang	3957481975
儘	jin	3957440494
盡	jin	3957399013
仍	reng	3957357532
尽	jin	3957316051
懂	dong	3957274570
充	chong	3957233089
防	fang	3957191608
試	shi	3957150127
试	shi	3957108646
雙	shuang	3957067165
哭	ku	3957025684
双	shuang	3956984203
窗	chuang	3956942722
吸	xi	3956901241
屬	shu	3956859760
翻	fan	3956818279
例	li	3956776798
属	shu	3956735317
叔	shu	3956693836
祖	zu	3956652355
揮	hui	3956610874
挥	hui	3956569393
缺	que	3956527912
游	you	3956486431
責	ze	3956444950
责	ze	3956403469
野	ye	3956361988
亂	luan	3956320507
乱	luan	3956279026
雜	za	3956237545
適	shi	3956196064
痛	tong	3956154583
适	shi	3956113102
杂	za	3956071621
歌	ge	3956030140
菜	cai	3955988659
替	ti	3955947178
換	huan	3955905697
换	huan	3955864216
婦	fu	3955822735
血	xue	3955781254
妇	fu	3955739773
煙	yan	3955698292
烟	yan	3955656811
負	fu	3955615330
黃	huang	3955573849
负	fu	3955532368
黄	huang	3955490887
奇	qi	3955449406
標	biao	3955407925
岸	an	3955366444
占	zhan	3955324963
标	biao	3955283482
待	dai	3955242001
課	ke	3955200520
林	lin	3955159039
侵	qin	3955117558
依	yi	3955076077
值	zhi	3955034596
课	ke	3954993115
衛	wei	3954951634
卫	wei	3954910153
選	xuan	3954868672
嘛	ma	3954827191
选	xuan	3954785710
檢	jian	3954744229
莊	zhuang	3954702748
握	wo	3954661267
武	wu	3954619786
检	jian	3954578305
庄	zhuang	3954536824
田	tian	3954495343
街	jie	3954453862
益	yi	3954412381
考	kao	3954370900
嫂	sao	3954329419
巨	ju	3954287938
演	yan	3954246457
營	ying	3954204976
营	ying	3954163495
爬	pa	3954122014
暗	an	3954080533
重	chong	3954039052
滅	mie	3953997571
貨	huo	3953956090
未	wei	3953914609
货	huo	3953873128
灭	mie	3953831647
春	chun	3953790166
固	gu	3953748685
元	yuan	3953707204
顧	gu	3953665723
顾	gu	3953624242
普	pu	3953582761
希	xi	3953541280
含	han	3953499799
針	zhen	3953458318
弄	nong	3953416837
针	zhen	3953375356
稱	cheng	3953333875
短	duan	3953292394
称	cheng	3953250913
構	gou	3953209432
格	ge	3953167951
架	jia	3953126470
斤	jin	3953084989
型	xing	3953043508
构	gou	3953002027
供	gong	3952960546
透	tou	3952919065
射	she	3952877584
富	fu	3952836103
致	zhi	3952794622
緻	zhi	3952753141
彈	dan	3952711660
副	fu	3952670179
攻	gong	3952628698
弹	dan	3952587217
踐	jian	3952545736
忘	wang	3952504255
践	jian	3952462774
足	zu	3952421293
司	si	3952379812
筆	bi	3952338331
既	ji	3952296850
泥	ni	3952255369
危	wei	3952213888
笔	bi	3952172407
伸	shen	3952130926
言	yan	3952089445
迫	po	3952047964
費	fei	3952006483
抬	tai	3951965002
费	fei	3951923521
景	jing	3951882040
永	yong	3951840559
哎	ai	3951799078
葉	ye	3951757597
差	cha	3951716116
叶	ye	3951674635
減	jian	3951633154
店	dian	3951591673
印	yin	3951550192
减	jian	3951508711
江	jiang	3951467230
模	mo	3951425749
朝	chao	3951384268
宣	xuan	3951342787
洋	yang	3951301306
勁	jin	3951259825
絕	jue	3951218344
某	mou	3951176863
絶	jue	3951135382
劲	jin	3951093901
绝	jue	3951052420
抱	bao	3951010939
掌	zhang	3950969458
環	huan	3950927977
配	pei	3950886496
环	huan	3950845015
遍	bian	3950803534
謝	xie	3950762053
素	su	3950720572
映	ying	3950679091
谢	xie	3950637610
察	cha	3950596129
互	hu	3950554648
洗	xi	3950513167
餘	yu	3950471686
優	you	3950430205
概	gai	3950388724
优	you	3950347243
余	yu	3950305762
鼓	gu	3950264281
桌	zhuo	3950222800
鏡	jing	3950181319
镜	jing	3950139838
刀	dao	3950098357
摸	mo	3950056876
樂	le	3950015395
效	xiao	3949973914
乐	le	3949932433
奮	fen	3949890952
懷	huai	3949849471
味	wei	3949807990
奋	fen	3949766509
怀	huai	3949725028
糧	liang	3949683547
境	jing	3949642066
肯	ken	3949600585
唯	wei	3949559104
粮	liang	3949517623
楚	chu	3949476142
盾	dun	3949434661
矛	mao	3949393180
討	tao	3949351699
肉	rou	3949310218
王	wang	3949268737
讨	tao	3949227256
官	guan	3949185775
殺	sha	3949144294
擺	bai	3949102813
逐	zhu	3949061332
襬	bai	3949019851
著	zhu	3948978370
摆	bai	3948936889
杀	sha	3948895408
築	zhu	3948853927
筑	zhu	3948812446
仿	fang	3948770965
燃	ran	3948729484
袋	dai	3948688003
冬	dong	3948646522
追	zhui	3948605041
鼕	dong	3948563560
寶	bao	3948522079
掛	gua	3948480598
列	lie	3948439117
牛	niu	3948397636
午	wu	3948356155
置	zhi	3948314674
宝	bao	3948273193
挂	gua	3948231712
狀	zhuang	3948190231
鞋	xie	3948148750
状	zhuang	3948107269
順	shun	3948065788
假	jia	3948024307
顺	shun	3947982826
礦	kuang	3947941345
牆	qiang	3947899864
獨	du	3947858383
豐	feng	3947816902
投	tou	3947775421
墻	qiang	3947733940
独	du	3947692459
丰	feng	3947650978
矿	kuang	3947609497
墙	qiang	3947568016
腿	tui	3947526535
酒	jiu	3947485054
語	yu	3947443573
遇	yu	3947402092
语	yu	3947360611
策	ce	3947319130
端	duan	3947277649
浪	lang	3947236168
園	yuan	3947194687
妹	mei	3947153206
猛	meng	3947111725
园	yuan	3947070244
徹	che	3947028763
幸	xing	3946987282
彻	che	3946945801
煉	lian	3946904320
超	chao	3946862839
碎	sui	3946821358
炼	lian	3946779877
案	an	3946738396
鬧	nao	3946696915
退	tui	3946655434
闹	nao	3946613953
佛	fu	3946572472
判	pan	3946530991
英	ying	3946489510
閃	shan	3946448029
努	nu	3946406548
闪	shan	3946365067
犯	fan	3946323586
煤	mei	3946282105
瞧	qiao	3946240624
男	nan	3946199143
散	san	3946157662
鮮	xian	3946116181
湖	hu	3946074700
鲜	xian	3946033219
骨	gu	3945991738
枝	zhi	3945950257
練	lian	3945908776
练	lian	3945867295
雞	ji	3945825814
抽	chou	3945784333
企	qi	3945742852
鷄	ji	3945701371
鸡	ji	3945659890
銀	yin	3945618409
降	jiang	3945576928
银	yin	3945535447
朵	duo	3945493966
館	guan	3945452485
的	di	3945411004
露	lu	3945369523
馆	guan	3945328042
限	xian	3945286561
脫	tuo	3945245080
吹	chui	3945203599
挺	ting	3945162118
脱	tuo	3945120637
嬸	shen	3945079156
季	ji	3945037675
婶	shen	3944996194
蓋	gai	3944954713
洞	dong	3944913232
碗	wan	3944871751
盖	gai	3944830270
項	xiang	3944788789
项	xiang	3944747308
召	zhao	3944705827
淚	lei	3944664346
堆	dui	3944622865
像	xiang	3944581384
泪	lei	3944539903
姓	xing	3944498422
輸	shu	3944456941
束	shu	3944415460
沿	yan	3944373979
输	shu	3944332498
否	fou	3944291017
哈	ha	3944249536
測	ce	3944208055
漢	han	3944166574
套	tao	3944125093
测	ce	3944083612
汉	han	3944042131
毫	hao	3944000650
哩	li	3943959169
鬼	gui	3943917688
勇	yong	3943876207
輪	lun	3943834726
險	xian	3943793245
拍	pai	3943751764
玩	wan	3943710283
轮	lun	3943668802
险	xian	3943627321
預	yu	3943585840
巴	ba	3943544359
耐	nai	3943502878
移	yi	3943461397
硬	ying	3943419916
震	zhen	3943378435
预	yu	3943336954
綠	lv	3943295473
臨	lin	3943253992
股	gu	3943212511
折	zhe	3943171030
摺	zhe	3943129549
緑	lv	3943088068
临	lin	3943046587
绿	lv	3943005106
倍	bei	3942963625
碰	peng	3942922144
執	zhi	3942880663
敗	bai	3942839182
鋪	pu	3942797701
悄	qiao	3942756220
染	ran	3942714739
守	shou	3942673258
行	hang	3942631777
植	zhi	3942590296
败	bai	3942548815
铺	pu	3942507334
执	zhi	3942465853
戶	hu	3942424372
哲	zhe	3942382891
户	hu	3942341410
鎮	zhen	3942299929
狗	gou	3942258448
救	jiu	3942216967
伍	wu	3942175486
羊	yang	3942134005
镇	zhen	3942092524
編	bian	3942051043
麗	li	3942009562
胡	hu	3941968081
旗	qi	3941926600
衚	hu	3941885119
鬍	hu	3941843638
编	bian	3941802157
丽	li	3941760676
窮	qiong	3941719195
雄	xiong	3941677714
穷	qiong	3941636233
調	tiao	3941594752
玻	bo	3941553271
璃	li	3941511790
剝	bo	3941470309
剥	bo	3941428828
艱	jian	3941387347
粉	fen	3941345866
零	ling	3941304385
艰	jian	3941262904
肩	jian	3941221423
顆	ke	3941179942
雲	yun	3941138461
混	hun	3941096980
挑	tiao	3941055499
颗	ke	3941014018
云	yun	3940972537
善	shan	3940931056
鑽	zuan	3940889575
戲	xi	3940848094
戏	xi	3940806613
钻	zuan	3940765132
頓	dun	3940723651
藉	jie	3940682170
均	jun	3940640689
偷	tou	3940599208
舞	wu	3940557727
昨	zuo	3940516246
顿	dun	3940474765
借	jie	3940433284
篇	pian	3940391803
施	shi	3940350322
洲	zhou	3940308841
陸	lu	3940267360
厚	hou	3940225879
陆	lu	3940184398
範	fan	3940142917
傅	fu	3940101436
招	zhao	3940059955
范	fan	3940018474
醒	xing	3939976993
福	fu	3939935512
默	mo	3939894031
剩	sheng	3939852550
警	jing	3939811069
良	liang	3939769588
躺	tang	3939728107
圓	yuan	3939686626
奪	duo	3939645145
纖	xian	3939603664
升	sheng	3939562183
夏	xia	3939520702
休	xiu	3939479221
夺	duo	3939437740
纤	xian	3939396259
圆	yuan	3939354778
倆	lia	3939313297
哦	o	3939271816
俩	lia	3939230335
億	yi	3939188854
亿	yi	3939147373
盤	pan	3939105892
擦	ca	3939064411
茶	cha	3939022930
削	xue	3938981449
盘	pan	3938939968
伯	bo	3938898487
免	mian	3938857006
弱	ruo	3938815525
徵	zheng	3938774044
遭	zao	3938732563
征	zheng	3938691082
控	kong	3938649601
迅	xun	3938608120
島	dao	3938566639
鳥	niao	3938525158
齊	qi	3938483677
鼻	bi	3938442196
虎	hu	3938400715
堂	tang	3938359234
岛	dao	3938317753
鸟	niao	3938276272
齐	qi	3938234791
爆	bao	3938193310
灰	hui	3938151829
忍	ren	3938110348
毒	du	3938068867
帽	mao	3938027386
牲	sheng	3937985905
威	wei	3937944424
冒	mao	3937902943
牙	ya	3937861462
絲	si	3937819981
液	ye	3937778500
丝	si	3937737019
寬	kuan	3937695538
靈	ling	3937654057
宽	kuan	3937612576
灵	ling	3937571095
訓	xun	3937529614
居	ju	3937488133
松	song	3937446652
鬆	song	3937405171
训	xun	3937363690
罪	zui	3937322209
罵	ma	3937280728
膀	bang	3937239247
粗	cu	3937197766
炮	pao	3937156285
若	ruo	3937114804
駡	ma	3937073323
骂	ma	3937031842
貴	gui	3936990361
孔	kong	3936948880
贵	gui	3936907399
揚	yang	3936865918
縮	suo	3936824437
覺	jiao	3936782956
樓	lou	3936741475
獻	xian	3936699994
楼	lou	3936658513
缩	suo	3936617032
献	xian	3936575551
扬	yang	3936534070
紡	fang	3936492589
份	fen	3936451108
途	tu	3936409627
胸	xiong	3936368146
輛	liang	3936326665
纺	fang	3936285184
辆	liang	3936243703
爐	lu	3936202222
大	dai	3936160741
炉	lu	3936119260
渡	du	3936077779
耳	er	3936036298
傾	qing	3935994817
塗	tu	3935953336
菌	jun	3935911855
票	piao	3935870374
倾	qing	3935828893
涂	tu	3935787412
壯	zhuang	3935745931
播	bo	3935704450
械	xie	3935662969
壮	zhuang	3935621488
職	zhi	3935580007
率	lv	3935538526
拖	tuo	3935497045
职	zhi	3935455564
帳	zhang	3935414083
擠	ji	3935372602
克	ke	3935331121
秋	qiu	3935289640
剋	ke	3935248159
鞦	qiu	3935206678
挤	ji	3935165197
帐	zhang	3935123716
肚	du	3935082235
括	kuo	3935040754
索	suo	3934999273
濕	shi	3934957792
謂	wei	3934916311
插	cha	3934874830
棵	ke	3934833349
麻	ma	3934791868
湿	shi	3934750387
谓	wei	3934708906
阿	a	3934667425
圈	quan	3934625944
尾	wei	3934584463
蛋	dan	3934542982
慌	huang	3934501501
尖	jian	3934460020
梁	liang	3934418539
盆	pen	3934377058
趣	qu	3934335577
涌	yong	3934294096
冰	bing	3934252615
怒	nu	3934211134
財	cai	3934169653
避	bi	3934128172
咬	yao	3934086691
财	cai	3934045210
辯	bian	3934003729
累	lei	3933962248
纍	lei	3933920767
辩	bian	3933879286
餓	e	3933837805
磨	mo	3933796324
曲	qu	3933754843
逃	tao	3933713362
麯	qu	3933671881
饿	e	3933630400
承	cheng	3933588919
疑	yi	3933547438
贊	zan	3933505957
刺	ci	3933464476
肥	fei	3933422995
糊	hu	3933381514
探	tan	3933340033
赞	zan	3933298552
彎	wan	3933257071
徒	tu	3933215590
香	xiang	3933174109
弯	wan	3933132628
付	fu	3933091147
腰	yao	3933049666
憤	fen	3933008185
擴	kuo	3932966704
暖	nuan	3932925223
愤	fen	3932883742
扩	kuo	3932842261
噁	e	3932800780
噸	dun	3932759299
惡	e	3932717818
阻	zu	3932676337
吨	dun	3932634856
恶	e	3932593375
獲	huo	3932551894
紹	shao	3932510413
穫	huo	3932468932
藏	cang	3932427451
柴	chai	3932385970
介	jie	3932344489
获	huo	3932303008
绍	shao	3932261527
緩	huan	3932220046
隔	ge	3932178565
缓	huan	3932137084
奔	ben	3932095603
秘	mi	3932054122
嘆	tan	3932012641
窩	wo	3931971160
偏	pian	3931929679
叹	tan	3931888198
窝	wo	3931846717
詩	shi	3931805236
穩	wen	3931763755
晨	chen	3931722274
淨	jing	3931680793
凈	jing	3931639312
净	jing	3931597831
诗	shi	3931556350
稳	wen	3931514869
暴	bao	3931473388
潮	chao	3931431907
喂	wei	3931390426
殖	zhi	3931348945
協	xie	3931307464
登	deng	3931265983
迷	mi	3931224502
协	xie	3931183021
畢	bi	3931141540
壁	bi	3931100059
毕	bi	3931058578
紛	fen	3931017097
闊	kuo	3930975616
陰	yin	3930934135
浮	fu	3930892654
附	fu	3930851173
纷	fen	3930809692
阔	kuo	3930768211
阴	yin	3930726730
榮	rong	3930685249
滾	gun	3930643768
哼	heng	3930602287
井	jing	3930560806
拼	pin	3930519325
巧	qiao	3930477844
滚	gun	3930436363
荣	rong	3930394882
異	yi	3930353401
麥	mai	3930311920
厲	li	3930270439
厉	li	3930228958
麦	mai	3930187477
异	yi	3930145996
慣	guan	3930104515
谷	gu	3930063034
寒	han	3930021553
穀	gu	3929980072
惯	guan	3929938591
丟	diu	3929897110
肅	su	3929855629
載	zai	3929814148
泛	fan	3929772667
培	pei	3929731186
宇	yu	3929689705
嗯	ng	3929648224
丢	diu	3929606743
肃	su	3929565262
载	zai	3929523781
舒	shu	3929482300
錄	lu	3929440819
録	lu	3929399338
录	lu	3929357857
搬	ban	3929316376
健	jian	3929274895
禁	jin	3929233414
婆	po	3929191933
駝	tuo	3929150452
補	bu	3929108971
灌	guan	3929067490
补	bu	3929026009
驼	tuo	3928984528
撲	pu	3928943047
促	cu	3928901566
刷	shua	3928860085
析	xi	3928818604
珠	zhu	3928777123
扑	pu	3928735642
旅	lv	3928694161
愈	yu	3928652680
躍	yue	3928611199
跃	yue	3928569718
拔	ba	3928528237
彩	cai	3928486756
凝	ning	3928445275
袖	xiu	3928403794
戴	dai	3928362313
航	hang	3928320832
幕	mu	3928279351
庭	ting	3928237870
援	yuan	3928196389
溝	gou	3928154908
桿	gan	3928113427
呆	dai	3928071946
瓜	gua	3928030465
挖	wa	3927988984
猿	yuan	3927947503
杆	gan	3927906022
沟	gou	3927864541
嚇	xia	3927823060
凡	fan	3927781579
迎	ying	3927740098
吓	xia	3927698617
掃	sao	3927657136
騎	qi	3927615655
憑	ping	3927574174
凭	ping	3927532693
骑	qi	3927491212
扫	sao	3927449731
凍	dong	3927408250
純	chun	3927366769
聞	wen	3927325288
操	cao	3927283807
箱	xiang	3927242326
扎	zha	3927200845
纯	chun	3927159364
冻	dong	3927117883
闻	wen	3927076402
績	ji	3927034921
訊	xun	3926993440
顏	yan	3926951959
踏	ta	3926910478
仔	zi	3926868997
顔	yan	3926827516
绩	ji	3926786035
讯	xun	3926744554
颜	yan	3926703073
搶	qiang	3926661592
橫	heng	3926620111
瘋	feng	3926578630
恨	hen	3926537149
眉	mei	3926495668
序	xu	3926454187
疯	feng	3926412706
横	heng	3926371225
抢	qiang	3926329744
宙	zhou	3926288263
夢	meng	3926246782
銅	tong	3926205301
涼	liang	3926163820
繁	fan	3926122339
距	ju	3926080858
卷	juan	3926039377
氧	yang	3925997896
捲	juan	3925956415
凉	liang	3925914934
梦	meng	3925873453
铜	tong	3925831972
損	sun	3925790491
攝	she	3925749010
割	ge	3925707529
瓶	ping	3925666048
摔	shuai	3925624567
仗	zhang	3925583086
摄	she	3925541605
损	sun	3925500124
尋	xun	3925458643
繩	sheng	3925417162
悲	bei	3925375681
豆	dou	3925334200
昏	hun	3925292719
疼	teng	3925251238
绳	sheng	3925209757
寻	xun	3925168276
煩	fan	3925126795
爛	lan	3925085314
藍	lan	3925043833
訂	ding	3925002352
订	ding	3924960871
烦	fan	3924919390
蓝	lan	3924877909
烂	lan	3924836428
側	ce	3924794947
慮	lv	3924753466
軟	ruan	3924711985
鞏	gong	3924670504
着	zhuo	3924629023
著	zhuo	3924587542
侧	ce	3924546061
巩	gong	3924504580
虑	lv	3924463099
软	ruan	3924421618
貼	tie	3924380137
賽	sai	3924338656
尺	chi	3924297175
匆	cong	3924255694
躲	duo	3924214213
域	yu	3924172732
赛	sai	3924131251
贴	tie	3924089770
釋	shi	3924048289
駛	shi	3924006808
劇	ju	3923965327
狠	hen	3923923846
恰	qia	3923882365
惟	wei	3923840884
役	yi	3923799403
剧	ju	3923757922
驶	shi	3923716441
释	shi	3923674960
擁	yong	3923633479
謀	mou	3923591998
俺	an	3923550517
杯	bei	3923509036
幅	fu	3923467555
授	shou	3923426074
兄	xiong	3923384593
尊	zun	3923343112
谋	mou	3923301631
拥	yong	3923260150
勸	quan	3923218669
博	bo	3923177188
劝	quan	3923135707
睜	zheng	3923094226
網	wang	3923052745
觸	chu	3923011264
儀	yi	3922969783
捧	peng	3922928302
触	chu	3922886821
网	wang	3922845340
仪	yi	3922803859
睁	zheng	3922762378
騰	teng	3922720897
腾	teng	3922679416
夾	jia	3922637935
抖	dou	3922596454
匪	fei	3922554973
腐	fu	3922513492
稼	jia	3922472011
揭	jie	3922430530
稍	shao	3922389049
夹	jia	3922347568
閉	bi	3922306087
闭	bi	3922264606
濃	nong	3922223125
脈	mai	3922181644
駱	luo	3922140163
胞	bao	3922098682
骆	luo	3922057201
脉	mai	3922015720
浓	nong	3921974239
監	jian	3921932758
臟	zang	3921891277
貧	pin	3921849796
鍋	guo	3921808315
皺	zhou	3921766834
髒	zang	3921725353
惜	xi	3921683872
刑	xing	3921642391
蒸	zheng	3921600910
锅	guo	3921559429
监	jian	3921517948
贫	pin	3921476467
脏	zang	3921434986
皱	zhou	3921393505
繞	rao	3921352024
禮	li	3921310543
波	bo	3921269062
私	si	3921227581
炸	zha	3921186100
礼	li	3921144619
绕	rao	3921103138
違	wei	3921061657
磁	ci	3921020176
塑	su	3920978695
违	wei	3920937214
茫	mang	3920895733
玉	yu	3920854252
丈	zhang	3920812771
噴	pen	3920771290
廢	fei	3920729809
憐	lian	3920688328
挨	ai	3920646847
淡	dan	3920605366
恢	hui	3920563885
敲	qiao	3920522404
吐	tu	3920480923
悉	xi	3920439442
废	fei	3920397961
怜	lian	3920356480
喷	pen	3920314999
憶	yi	3920273518
災	zai	3920232037
蜜	mi	3920190556
尤	you	3920149075
忆	yi	3920107594
灾	zai	3920066113
隱	yin	3920024632
恐	kong	3919983151
啥	sha	3919941670
述	shu	3919900189
隐	yin	3919858708
殘	can	3919817227
額	e	3919775746
残	can	3919734265
额	e	3919692784
畝	mu	3919651303
遲	chi	3919609822
膽	dan	3919568341
蹲	dun	3919526860
甲	jia	3919485379
污	wu	3919443898
旋	xuan	3919402417
鏇	xuan	3919360936
迟	chi	3919319455
胆	dan	3919277974
亩	mu	3919236493
縫	feng	3919195012
伴	ban	3919153531
乘	cheng	3919112050
掏	tao	3919070569
缝	feng	3919029088
刮	gua	3918987607
椅	yi	3918946126
颳	gua	3918904645
串	chuan	3918863164
抵	di	3918821683
秒	miao	3918780202
捉	zhuo	3918738721
還	huan	3918697240
捕	bu	3918655759
乏	fa	3918614278
粒	li	3918572797
坡	po	3918531316
舍	she	3918489835
添	tian	3918448354
喔	o	3918406873
噢	o	3918365392
捨	she	3918323911
犧	xi	3918282430
还	huan	3918240949
牺	xi	3918199468
櫃	gui	3918157987
酸	suan	3918116506
哇	wa	3918075025
允	yun	3918033544
柜	gui	3917992063
遺	yi	3917950582
措	cuo	3917909101
寄	ji	3917867620
狂	kuang	3917826139
扔	reng	3917784658
托	tuo	3917743177
遗	yi	3917701696
輝	hui	3917660215
伏	fu	3917618734
勤	qin	3917577253
兔	tu	3917535772
糟	zao	3917494291
珍	zhen	3917452810
辉	hui	3917411329
渾	hun	3917369848
滴	di	3917328367
拾	shi	3917286886
殊	shu	3917245405
浑	hun	3917203924
猜	cai	3917162443
典	dian	3917120962
漠	mo	3917079481
障	zhang	3917038000
峽	xia	3916996519
牽	qian	3916955038
貢	gong	3916913557
棒	bang	3916872076
唇	chun	3916830595
德	de	3916789114
忿	fen	3916747633
滑	hua	3916706152
糖	tang	3916664671
撞	zhuang	3916623190
贡	gong	3916581709
牵	qian	3916540228
峡	xia	3916498747
喲	yo	3916457266
暫	zan	3916415785
殲	jian	3916374304
籠	long	3916332823
聰	cong	3916291342
騙	pian	3916249861
蜂	feng	3916208380
敬	jing	3916166899
斜	xie	3916125418
宜	yi	3916083937
竹	zhu	3916042456
聪	cong	3916000975
歼	jian	3915959494
笼	long	3915918013
骗	pian	3915876532
哟	yo	3915835051
暂	zan	3915793570
詳	xiang	3915752089
貌	mao	3915710608
扭	niu	3915669127
详	xiang	3915627646
峰	feng	3915586165
亡	wang	3915544684
勵	li	3915503203
歸	gui	3915461722
都	du	3915420241
焊	han	3915378760
秀	xiu	3915337279
归	gui	3915295798
励	li	3915254317
喚	huan	3915212836
毀	hui	3915171355
緒	xu	3915129874
銷	xiao	3915088393
脆	cui	3915046912
寸	cun	3915005431
稻	dao	3914963950
唤	huan	3914922469
毁	hui	3914880988
销	xiao	3914839507
绪	xu	3914798026
庫	ku	3914756545
貫	guan	3914715064
爹	die	3914673583
雷	lei	3914632102
渠	qu	3914590621
祝	zhu	3914549140
贯	guan	3914507659
库	ku	3914466178
蒙	meng	3914424697
飄	piao	3914383216
坑	keng	3914341735
埋	mai	3914300254
辛	xin	3914258773
遵	zun	3914217292
懞	meng	3914175811
濛	meng	3914134330
矇	meng	3914092849
飘	piao	3914051368
閑	xian	3914009887
逼	bi	3913968406
婚	hun	3913926925
披	pi	3913885444
趟	tang	3913843963
胃	wei	3913802482
闲	xian	3913761001
扯	che	3913719520
垂	chui	3913678039
狼	lang	3913636558
嚷	rang	3913595077
娃	wa	3913553596
鍛	duan	3913512115
锻	duan	3913470634
膚	fu	3913429153
跡	ji	3913387672
輩	bei	3913346191
凳	deng	3913304710
箭	jian	3913263229
炕	kang	3913221748
卵	luan	3913180267
辈	bei	3913138786
肤	fu	3913097305
迹	ji	3913055824
漲	zhang	3913014343
潔	jie	3912972862
虛	xu	3912931381
耗	hao	3912889900
猴	hou	3912848419
匠	jiang	3912806938
巾	jin	3912765457
陷	xian	3912723976
洁	jie	3912682495
虚	xu	3912641014
涨	zhang	3912599533
獄	yu	3912558052
療	liao	3912516571
鈴	ling	3912475090
霧	wu	3912433609
飽	bao	3912392128
吵	chao	3912350647
翅	chi	3912309166
搭	da	3912267685
皇	huang	3912226204
脾	pi	3912184723
漂	piao	3912143242
森	sen	3912101761
饱	bao	3912060280
疗	liao	3912018799
铃	ling	3911977318
雾	wu	3911935837
狱	yu	3911894356
揀	jian	3911852875
趁	chen	3911811394
番	fan	3911769913
符	fu	3911728432
牧	mu	3911686951
尚	shang	3911645470
歇	xie	3911603989
掩	yan	3911562508
振	zhen	3911521027
拣	jian	3911479546
曉	xiao	3911438065
綱	gang	3911396584
邁	mai	3911355103
擋	dang	3911313622
豬	zhu	3911272141
遞	di	3911230660
舅	jiu	3911189179
挡	dang	3911147698
递	di	3911106217
纲	gang	3911064736
迈	mai	3911023255
晓	xiao	3910981774
猪	zhu	3910940293
腸	chang	3910898812
淺	qian	3910857331
撤	che	3910815850
壤	rang	3910774369
瘦	shou	3910732888
肠	chang	3910691407
浅	qian	3910649926
塵	chen	3910608445
碑	bei	3910566964
砍	kan	3910525483
妙	miao	3910484002
塘	tang	3910442521
尘	chen	3910401040
給	ji	3910359559
齒	chi	3910318078
薄	bao	3910276597
衡	heng	3910235116
焦	jiao	3910193635
齿	chi	3910152154
劍	jian	3910110673
劑	ji	3910069192
競	jing	3910027711
匹	pi	3909986230
摘	zhai	3909944749
剂	ji	3909903268
剑	jian	3909861787
竞	jing	3909820306
紗	sha	3909778825
堵	du	3909737344
拱	gong	3909695863
盒	he	3909654382
康	kang	3909612901
疲	pi	3909571420
漆	qi	3909529939
售	shou	3909488458
凶	xiong	3909446977
纱	sha	3909405496
楊	yang	3909364015
緣	yuan	3909322534
蘋	ping	3909281053
轟	hong	3909239572
瞪	deng	3909198091
逗	dou	3909156610
盟	meng	3909115129
泡	pao	3909073648
斯	si	3909032167
坦	tan	3908990686
轰	hong	3908949205
苹	ping	3908907724
杨	yang	3908866243
缘	yuan	3908824762
掙	zheng	3908783281
簽	qian	3908741800
龍	long	3908700319
籤	qian	3908658838
喘	chuan	3908617357
嘿	hei	3908575876
棚	peng	3908534395
享	xiang	3908492914
龙	long	3908451433
签	qian	3908409952
挣	zheng	3908368471
悶	men	3908326990
潑	po	3908285509
艙	cang	3908244028
餅	bing	3908202547
溉	gai	3908161066
降	xiang	3908119585
塞	sai	3908078104
甜	tian	3908036623
饼	bing	3907995142
舱	cang	3907953661
闷	men	3907912180
泼	po	3907870699
籃	lan	3907829218
鉛	qian	3907787737
蘆	lu	3907746256
棍	gun	3907704775
捏	nie	3907663294
盼	pan	3907621813
愉	yu	3907580332
篮	lan	3907538851
芦	lu	3907497370
铅	qian	3907455889
匯	hui	3907414408
宮	gong	3907372927
窯	yao	3907331446
訪	fang	3907289965
彙	hui	3907248484
隸	li	3907207003
版	ban	3907165522
脖	bo	3907124041
聚	ju	3907082560
奴	nu	3907041079
牌	pai	3906999598
炭	tan	3906958117
访	fang	3906916636
宫	gong	3906875155
汇	hui	3906833674
隶	li	3906792193
窑	yao	3906750712
獵	lie	3906709231
詞	ci	3906667750
軌	gui	3906626269
釣	diao	3906584788
顫	chan	3906543307
攤	tan	3906501826
礙	ai	3906460345
池	chi	3906418864
臭	chou	3906377383
咐	fu	3906335902
昆	kun	3906294421
桶	tong	3906252940
碍	ai	3906211459
颤	chan	3906169978
词	ci	3906128497
钓	diao	3906087016
轨	gui	3906045535
猎	lie	3906004054
摊	tan	3905962573
擇	ze	3905921092
鋒	feng	3905879611
虧	kui	3905838130
仇	chou	3905796649
苗	miao	3905755168
智	zhi	3905713687
锋	feng	3905672206
亏	kui	3905630725
择	ze	3905589244
屆	jie	3905547763
崗	gang	3905506282
嶺	ling	3905464801
譯	yi	3905423320
鹽	yan	3905381839
抄	chao	3905340358
慰	wei	3905298877
岩	yan	3905257396
仰	yang	3905215915
岗	gang	3905174434
届	jie	3905132953
岭	ling	3905091472
盐	yan	3905049991
译	yi	3905008510
叢	cong	3904967029
徑	jing	3904925548
烏	wu	3904884067
蒼	cang	3904842586
輯	ji	3904801105
湊	cou	3904759624
獎	jiang	3904718143
釐	li	3904676662
荷	he	3904635181
陪	pei	3904593700
妻	qi	3904552219
欠	qian	3904510738
悟	wu	3904469257
血	xie	3904427776
奬	jiang	3904386295
苍	cang	3904344814
丛	cong	3904303333
凑	cou	3904261852
辑	ji	3904220371
奖	jiang	3904178890
径	jing	3904137409
厘	li	3904095928
乌	wu	3904054447
撈	lao	3904012966
潤	run	3903971485
糾	jiu	3903930004
鎖	suo	3903888523
辟	pi	3903847042
瓷	ci	3903805561
核	he	3903764080
漏	lou	3903722599
叛	pan	3903681118
撒	sa	3903639637
蛇	she	3903598156
株	zhu	3903556675
柱	zhu	3903515194
闢	pi	3903473713
纠	jiu	3903432232
捞	lao	3903390751
润	run	3903349270
锁	suo	3903307789
厭	yan	3903266308
盪	dang	3903224827
蝕	shi	3903183346
驕	jiao	3903141865
蕩	dang	3903100384
殼	ke	3903058903
傲	ao	3903017422
扶	fu	3902975941
估	gu	3902934460
捆	kun	3902892979
裂	lie	3902851498
宗	zong	3902810017
荡	dang	3902768536
骄	jiao	3902727055
壳	ke	3902685574
蚀	shi	3902644093
厌	yan	3902602612
撥	bo	3902561131
銳	rui	3902519650
鳴	ming	3902478169
臂	bi	3902436688
挽	wan	3902395207
掀	xian	3902353726
幼	you	3902312245
輓	wan	3902270764
鋭	rui	3902229283
拨	bo	3902187802
鸣	ming	3902146321
锐	rui	3902104840
盯	ding	3902063359
胳	ge	3902021878
款	kuan	3901980397
懇	ken	3901938916
綜	zong	3901897435
鯨	jing	3901855954
踩	cai	3901814473
稿	gao	3901772992
呵	he	3901731511
晃	huang	3901690030
寂	ji	3901648549
眯	mi	3901607068
模	mu	3901565587
偶	ou	3901524106
屈	qu	3901482625
歪	wai	3901441144
秧	yang	3901399663
瞇	mi	3901358182
鲸	jing	3901316701
恳	ken	3901275220
综	zong	3901233739
彈	tan	3901192258
樸	pu	3901150777
扁	bian	3901109296
吼	hou	3901067815
莫	mo	3901026334
哦	e	3900984853
嗓	sang	3900943372
欣	xin	3900901891
朴	pu	3900860410
攏	long	3900818929
褲	ku	3900777448
灘	tan	3900735967
蠶	can	3900694486
貓	mao	3900653005
幻	huan	3900611524
蝗	huang	3900570043
扣	kou	3900528562
跨	kua	3900487081
牢	lao	3900445600
榴	liu	3900404119
掠	lve	3900362638
腔	qiang	3900321157
溶	rong	3900279676
傻	sha	3900238195
霜	shuang	3900196714
蚕	can	3900155233
裤	ku	3900113752
拢	long	3900072271
猫	mao	3900030790
滩	tan	3899989309
晴	qing	3899947828
搜	sou	3899906347
冶	ye	3899864866
宅	zhai	3899823385
遮	zhe	3899781904
啓	qi	3899740423
擱	ge	3899698942
碼	ma	3899657461
鍵	jian	3899615980
彼	bi	3899574499
筋	jin	3899533018
漫	man	3899491537
敏	min	3899450056
宿	su	3899408575
啟	qi	3899367094
搁	ge	3899325613
键	jian	3899284132
码	ma	3899242651
启	qi	3899201170
廳	ting	3899159689
釘	ding	3899118208
駕	jia	3899076727
襖	ao	3899035246
蔽	bi	3898993765
吊	diao	3898952284
旱	han	3898910803
拒	ju	3898869322
欺	qi	3898827841
琴	qin	3898786360
舌	she	3898744879
桃	tao	3898703398
燕	yan	3898661917
袄	ao	3898620436
钉	ding	3898578955
驾	jia	3898537474
厅	ting	3898495993
審	shen	3898454512
幣	bi	3898413031
攔	lan	3898371550
澆	jiao	3898330069
賞	shang	3898288588
鴉	ya	3898247107
便	pian	3898205626
摧	cui	3898164145
率	shuai	3898122664
丘	qiu	3898081183
撕	si	3898039702
愣	leng	3897998221
币	bi	3897956740
浇	jiao	3897915259
拦	lan	3897873778
赏	shang	3897832297
审	shen	3897790816
鸦	ya	3897749335
傘	san	3897707854
猶	you	3897666373
晶	jing	3897624892
涉	she	3897583411
蛙	wa	3897541930
伞	san	3897500449
犹	you	3897458968
憲	xian	3897417487
頑	wan	3897376006
驢	lv	3897334525
肝	gan	3897293044
朗	lang	3897251563
僚	liao	3897210082
隆	long	3897168601
描	miao	3897127120
柔	rou	3897085639
裳	shang	3897044158
嗡	weng	3897002677
稀	xi	3896961196
瞎	xia	3896919715
丫	ya	3896878234
哏	gen	3896836753
橘	ju	3896795272
驴	lv	3896753791
顽	wan	3896712310
宪	xian	3896670829
湯	tang	3896629348
辮	bian	3896587867
闖	chuang	3896546386
頗	po	3896504905
廟	miao	3896463424
哀	ai	3896421943
倡	chang	3896380462
崇	chong	3896338981
堤	di	3896297500
耕	geng	3896256019
跪	gui	3896214538
碳	tan	3896173057
童	tong	3896131576
延	yan	3896090095
姨	yi	3896048614
辫	bian	3896007133
闯	chuang	3895965652
庙	miao	3895924171
颇	po	3895882690
汤	tang	3895841209
嘩	hua	3895799728
脅	xie	3895758247
脹	zhang	3895716766
樂	yue	3895675285
勃	bo	3895633804
孤	gu	3895592323
荒	huang	3895550842
嫁	jia	3895509361
膜	mo	3895467880
拳	quan	3895426399
洒	sa	3895384918
盛	sheng	3895343437
耀	yao	3895301956
栽	zai	3895260475
曬	shai	3895218994
灑	sa	3895177513
哗	hua	3895136032
晒	shai	3895094551
胁	xie	3895053070
胀	zhang	3895011589
燭	zhu	3894970108
簾	lian	3894928627
督	du	3894887146
逢	feng	3894845665
患	huan	3894804184
截	jie	3894762703
梅	mei	3894721222
魔	mo	3894679741
攀	pan	3894638260
填	tian	3894596779
亭	ting	3894555298
妥	tuo	3894513817
抑	yi	3894472336
咧	lie	3894430855
帘	lian	3894389374
烛	zhu	3894347893
懸	xuan	3894306412
盜	dao	3894264931
綁	bang	3894223450
伐	fa	3894181969
肺	fei	3894140488
戚	qi	3894099007
媳	xi	3894057526
煮	zhu	3894016045
绑	bang	3893974564
盗	dao	3893933083
悬	xuan	3893891602
偵	zhen	3893850121
幟	zhi	3893808640
慘	can	3893767159
慶	qing	3893725678
竄	cuan	3893684197
誠	cheng	3893642716
豈	qi	3893601235
拋	pao	3893559754
棄	qi	3893518273
港	gang	3893476792
喉	hou	3893435311
浸	jin	3893393830
末	mo	3893352349
哨	shao	3893310868
俗	su	3893269387
眨	zha	3893227906
租	zu	3893186425
醉	zui	3893144944
惨	can	3893103463
诚	cheng	3893061982
窜	cuan	3893020501
抛	pao	3892979020
岂	qi	3892937539
弃	qi	3892896058
庆	qing	3892854577
侦	zhen	3892813096
帜	zhi	3892771615
樁	zhuang	3892730134
盞	zhan	3892688653
錦	jin	3892647172
刊	kan	3892605691
抹	mo	3892564210
墨	mo	3892522729
踢	ti	3892481248
肖	xiao	3892439767
炎	yan	3892398286
锦	jin	3892356805
盏	zhan	3892315324
桩	zhuang	3892273843
貝	bei	3892232362
顛	dian	3892190881
辨	bian	3892149400
筐	kuang	3892107919
柳	liu	3892066438
啪	pa	3892024957
葡	pu	3891983476
惹	re	3891941995
塔	ta	3891900514
萄	tao	3891859033
罩	zhao	3891817552
紫	zi	3891776071
贝	bei	3891734590
颠	dian	3891693109
綸	lun	3891651628
蟬	chan	3891610147
覽	lan	3891568666
閥	fa	3891527185
頻	pin	3891485704
僞	wei	3891444223
廚	chu	3891402742
鞭	bian	3891361261
愁	chou	3891319780
返	fan	3891278299
吩	fen	3891236818
渴	ke	3891195337
溜	liu	3891153856
眠	mian	3891112375
屁	pi	3891070894
晌	shang	3891029413
甩	shuai	3890987932
妄	wang	3890946451
冤	yuan	3890904970
粥	zhou	3890863489
姿	zi	3890822008
偽	wei	3890780527
蝉	chan	3890739046
厨	chu	3890697565
阀	fa	3890656084
览	lan	3890614603
纶	lun	3890573122
频	pin	3890531641
伪	wei	3890490160
倉	cang	3890448679
壺	hu	3890407198
紋	wen	3890365717
傍	bang	3890324236
跌	die	3890282755
汗	han	3890241274
泉	quan	3890199793
怨	yuan	3890158312
窄	zhai	3890116831
仓	cang	3890075350
壶	hu	3890033869
纹	wen	3889992388
墳	fen	3889950907
襯	chen	3889909426
襲	xi	3889867945
諒	liang	3889826464
嘍	lou	3889784983
蝦	xia	3889743502
扮	ban	3889702021
裹	guo	3889660540
洪	hong	3889619059
魂	hun	3889577578
扛	kang	3889536097
咳	hai	3889494616
瓦	wa	3889453135
脂	zhi	3889411654
秩	zhi	3889370173
衬	chen	3889328692
坟	fen	3889287211
谅	liang	3889245730
袭	xi	3889204249
虾	xia	3889162768
喽	lou	3889121287
矮	ai	3889079806
膊	bo	3889038325
倘	tang	3888996844
筒	tong	3888955363
卧	wo	3888913882
乙	yi	3888872401
臥	wo	3888830920
欄	lan	3888789439
沒	mo	3888747958
磚	zhuan	3888706477
昂	ang	3888664996
餐	can	3888623515
痕	hen	3888582034
疾	ji	3888540553
膨	peng	3888499072
揉	rou	3888457591
栏	lan	3888416110
没	mo	3888374629
砖	zhuan	3888333148
渦	wo	3888291667
縱	zong	3888250186
飲	yin	3888208705
齡	ling	3888167224
薄	bo	3888125743
拆	chai	3888084262
兜	dou	3888042781
斧	fu	3888001300
肌	ji	3887959819
夸	kua	3887918338
沫	mo	3887876857
趴	pa	3887835376
胖	pang	3887793895
盛	cheng	3887752414
崖	ya	3887710933
欲	yu	3887669452
誇	kua	3887627971
龄	ling	3887586490
涡	wo	3887545009
饮	yin	3887503528
纵	zong	3887462047
撐	cheng	3887420566
鉤	gou	3887379085
禦	yu	3887337604
襪	wa	3887296123
裁	cai	3887254642
丹	dan	3887213161
袱	fu	3887171680
甘	gan	3887130199
勾	gou	3887088718
戒	jie	3887047237
譬	pi	3887005756
鼠	shu	3886964275
拴	shuan	3886922794
嘻	xi	3886881313
朽	xiu	3886839832
鈎	gou	3886798351
鋁	lv	3886756870
撑	cheng	3886715389
钩	gou	3886673908
铝	lv	3886632427
袜	wa	3886590946
御	yu	3886549465
擰	ning	3886507984
攪	jiao	3886466503
漁	yu	3886425022
緯	wei	3886383541
購	gou	3886342060
鴨	ya	3886300579
催	cui	3886259098
筷	kuai	3886217617
盲	mang	3886176136
熊	xiong	3886134655
淹	yan	3886093174
咦	yi	3886051693
购	gou	3886010212
搅	jiao	3885968731
拧	ning	3885927250
纬	wei	3885885769
鸭	ya	3885844288
渔	yu	3885802807
噁	wu	3885761326
恆	heng	3885719845
獸	shou	3885678364
螞	ma	3885636883
誕	dan	3885595402
飾	shi	3885553921
惡	wu	3885512440
蟻	yi	3885470959
蠟	la	3885429478
呈	cheng	3885387997
逮	dai	3885346516
殿	dian	3885305035
罐	guan	3885263554
哄	hong	3885222073
慧	hui	3885180592
兼	jian	3885139111
淋	lin	3885097630
娶	qu	3885056149
氏	shi	3885014668
梯	ti	3884973187
溪	xi	3884931706
予	yu	3884890225
诞	dan	3884848744
恒	heng	3884807263
蜡	la	3884765782
蚂	ma	3884724301
饰	shi	3884682820
兽	shou	3884641339
蚁	yi	3884599858
繪	hui	3884558377
聳	song	3884516896
蠅	ying	3884475415
軸	zhou	3884433934
疊	die	3884392453
碧	bi	3884350972
槽	cao	3884309491
蹬	deng	3884268010
悔	hui	3884226529
剪	jian	3884185048
咳	ke	3884143567
嗽	sou	3884102086
豫	yu	3884060605
叠	die	3884019124
绘	hui	3883977643
耸	song	3883936162
蝇	ying	3883894681
轴	zhou	3883853200
嘗	chang	3883811719
潛	qian	3883770238
詫	cha	3883728757
竊	qie	3883687276
艷	yan	3883645795
黴	mei	3883604314
雕	diao	3883562833
叮	ding	3883521352
缸	gang	3883479871
和	huo	3883438390
圾	ji	3883396909
脊	ji	3883355428
酷	ku	3883313947
垮	kua	3883272466
垃	la	3883230985
慎	shen	3883189504
胎	tai	3883148023
膝	xi	3883106542
咽	yan	3883065061
皂	zao	3883023580
沾	zhan	3882982099
肢	zhi	3882940618
诧	cha	3882899137
尝	chang	3882857656
霉	mei	3882816175
潜	qian	3882774694
窃	qie	3882733213
艳	yan	3882691732
岡	gang	3882650251
膠	jiao	3882608770
閨	gui	3882567289
飢	ji	3882525808
饅	man	3882484327
饑	ji	3882442846
拌	ban	3882401365
瓣	ban	3882359884
豁	huo	3882318403
揪	jiu	3882276922
愧	kui	3882235441
勉	mian	3882193960
晰	xi	3882152479
隙	xi	3882110998
嫌	xian	3882069517
巷	xiang	3882028036
症	zheng	3881986555
吆	yao	3881945074
踱	duo	3881903593
燦	can	3881862112
癥	zheng	3881820631
灿	can	3881779150
冈	gang	3881737669
闺	gui	3881696188
饥	ji	3881654707
胶	jiao	3881613226
馒	man	3881571745
債	zhai	3881530264
恥	chi	3881488783
糞	fen	3881447302
貿	mao	3881405821
醬	jiang	3881364340
鑄	zhu	3881322859
飼	si	3881281378
譽	yu	3881239897
旦	dan	3881198416
墩	dun	3881156935
弓	gong	3881115454
烤	kao	3881073973
李	li	3881032492
熄	xi	3880991011
砸	za	3880949530
唰	shua	3880908049
耻	chi	3880866568
粪	fen	3880825087
酱	jiang	3880783606
贸	mao	3880742125
饲	si	3880700644
誉	yu	3880659163
债	zhai	3880617682
铸	zhu	3880576201
嬰	ying	3880534720
鄰	lin	3880493239
頁	ye	3880451758
馳	chi	3880410277
囑	zhu	3880368796
癌	ai	3880327315
笨	ben	3880285834
甭	beng	3880244353
斥	chi	3880202872
蝶	die	3880161391
妨	fang	3880119910
豪	hao	3880078429
蝴	hu	3880036948
籍	ji	3879995467
框	kuang	3879953986
硫	liu	3879912505
芒	mang	3879871024
寞	mo	3879829543
袍	pao	3879788062
爽	shuang	3879746581
仙	xian	3879705100
押	ya	3879663619
亦	yi	3879622138
哧	chi	3879580657
驰	chi	3879539176
邻	lin	3879497695
页	ye	3879456214
婴	ying	3879414733
嘱	zhu	3879373252
勻	yun	3879331771
嶄	zhan	3879290290
滲	shen	3879248809
縛	fu	3879207328
鑿	zao	3879165847
遷	qian	3879124366
赤	chi	3879082885
瞅	chou	3879041404
僵	jiang	3878999923
君	jun	3878958442
枯	ku	3878916961
扇	shan	3878875480
宵	xiao	3878833999
焰	yan	3878792518
宴	yan	3878751037
倚	yi	3878709556
枕	zhen	3878668075
蜘	zhi	3878626594
蛛	zhu	3878585113
缚	fu	3878543632
迁	qian	3878502151
渗	shen	3878460670
匀	yun	3878419189
凿	zao	3878377708
崭	zhan	3878336227
囌	su	3878294746
訝	ya	3878253265
鑒	jian	3878211784
駐	zhu	3878170303
蘇	su	3878128822
埃	ai	3878087341
挫	cuo	3878045860
耽	dan	3878004379
慨	kai	3877962898
雀	que	3877921417
砂	sha	3877879936
蔬	shu	3877838455
淘	tao	3877796974
削	xiao	3877755493
躁	zao	3877714012
渣	zha	3877672531
鉴	jian	3877631050
苏	su	3877589569
讶	ya	3877548088
驻	zhu	3877506607
擾	rao	3877465126
朧	long	3877423645
瞞	man	3877382164
纏	chan	3877340683
葦	wei	3877299202
診	zhen	3877257721
遼	liao	3877216240
郵	you	3877174759
怖	bu	3877133278
陌	mo	3877091797
呸	pei	3877050316
塌	ta	3877008835
侮	wu	3876967354
循	xun	3876925873
燥	zao	3876884392
啾	jiu	3876842911
朦	meng	3876801430
缠	chan	3876759949
辽	liao	3876718468
瞒	man	3876676987
扰	rao	3876635506
苇	wei	3876594025
邮	you	3876552544
诊	zhen	3876511063
胧	long	3876469582
懶	lan	3876428101
狹	xia	3876386620
虜	lu	3876345139
賊	zei	3876303658
輔	fu	3876262177
輻	fu	3876220696
頌	song	3876179215
醜	chou	3876137734
鹼	jian	3876096253
凹	ao	3876054772
扒	ba	3876013291
陡	dou	3875971810
俘	fu	3875930329
宏	hong	3875888848
碱	jian	3875847367
陵	ling	3875805886
梢	shao	3875764405
逝	shi	3875722924
凸	tu	3875681443
芽	ya	3875639962
嗨	hai	3875598481
黏	nian	3875557000
丑	chou	3875515519
辐	fu	3875474038
辅	fu	3875432557
懒	lan	3875391076
虏	lu	3875349595
颂	song	3875308114
狭	xia	3875266633
贼	zei	3875225152
嶼	yu	3875183671
濁	zhuo	3875142190
燙	tang	3875100709
翹	qiao	3875059228
誒	ei	3875017747
誼	yi	3874976266
貪	tan	3874934785
殻	qiao	3874893304
洶	xiong	3874851823
繃	beng	3874810342
豎	shu	3874768861
殼	qiao	3874727380
丙	bing	3874685899
哆	duo	3874644418
竿	gan	3874602937
黎	li	3874561456
遣	qian	3874519975
梳	shu	3874478494
艘	sou	3874437013
吞	tun	3874395532
蚊	wen	3874354051
夕	xi	3874312570
邀	yao	3874271089
州	zhou	3874229608
嗦	suo	3874188127
竪	shu	3874146646
綳	beng	3874105165
澱	dian	3874063684
绷	beng	3874022203
淀	dian	3873980722
翘	qiao	3873939241
竖	shu	3873897760
贪	tan	3873856279
烫	tang	3873814798
汹	xiong	3873773317
谊	yi	3873731836
屿	yu	3873690355
浊	zhuo	3873648874
诶	ei	3873607393
爍	shuo	3873565912
華	hua	3873524431
賤	jian	3873482950
鏟	chan	3873441469
晝	zhou	3873399988
柄	bing	3873358507
矩	ju	3873317026
堪	kan	3873275545
聊	liao	3873234064
茂	mao	3873192583
乓	pang	3873151102
佩	pei	3873109621
乒	ping	3873068140
耍	shua	3873026659
潭	tan	3872985178
毯	tan	3872943697
膛	tang	3872902216
橡	xiang	3872860735
铲	chan	3872819254
华	hua	3872777773
贱	jian	3872736292
烁	shuo	3872694811
昼	zhou	3872653330
壘	lei	3872611849
壟	long	3872570368
瀝	li	3872528887
聖	sheng	3872487406
賴	lai	3872445925
鑼	luo	3872404444
鵲	que	3872362963
蹦	beng	3872321482
嘲	chao	3872280001
巢	chao	3872238520
囱	cong	3872197039
甸	dian	3872155558
氛	fen	3872114077
寡	gua	3872072596
壕	hao	3872031115
葫	hu	3871989634
炯	jiong	3871948153
倦	juan	3871906672
卡	ka	3871865191
荔	li	3871823710
卸	xie	3871782229
囪	cong	3871740748
赖	lai	3871699267
垒	lei	3871657786
沥	li	3871616305
垄	long	3871574824
锣	luo	3871533343
鹊	que	3871491862
圣	sheng	3871450381
攙	chan	3871408900
絡	luo	3871367419
絨	rong	3871325938
訟	song	3871284457
轎	jiao	3871242976
馱	tuo	3871201495
惱	nao	3871160014
霸	ba	3871118533
拜	bai	3871077052
辟	bi	3871035571
脯	pu	3870994090
竭	jie	3870952609
磷	lin	3870911128
昧	mei	3870869647
乃	nai	3870828166
署	shu	3870786685
旺	wang	3870745204
忠	zhong	3870703723
滋	zi	3870662242
搀	chan	3870620761
轿	jiao	3870579280
络	luo	3870537799
恼	nao	3870496318
绒	rong	3870454837
讼	song	3870413356
驮	tuo	3870371875
亞	ya	3870330394
嚨	long	3870288913
撿	jian	3870247432
紐	niu	3870205951
罰	fa	3870164470
謙	qian	3870122989
謬	miu	3870081508
頃	qing	3870040027
駁	bo	3869998546
爾	er	3869957065
搏	bo	3869915584
泊	po	3869874103
差	chai	3869832622
奠	dian	3869791141
煌	huang	3869749660
郊	jiao	3869708179
窟	ku	3869666698
盔	kui	3869625217
劣	lie	3869583736
窿	long	3869542255
嫩	nen	3869500774
衫	shan	3869459293
枉	wang	3869417812
猩	xing	3869376331
徐	xu	3869334850
粘	zhan	3869293369
奏	zou	3869251888
喃	nan	3869210407
驳	bo	3869168926
尔	er	3869127445
罚	fa	3869085964
捡	jian	3869044483
咙	long	3869003002
谬	miu	3868961521
纽	niu	3868920040
谦	qian	3868878559
顷	qing	3868837078
亚	ya	3868795597
傑	jie	3868754116
儲	chu	3868712635
彌	mi	3868671154
摟	lou	3868629673
滌	di	3868588192
賺	zhuan	3868546711
鈔	chao	3868505230
錫	xi	3868463749
闡	chan	3868422268
參	shen	3868380787
瀰	mi	3868339306
竈	zao	3868297825
蘿	luo	3868256344
叭	ba	3868214863
卜	bo	3868173382
沸	fei	3868131901
奉	feng	3868090420
雇	gu	3868048939
磺	huang	3868007458
剿	jiao	3867965977
喇	la	3867924496
辣	la	3867883015
氓	mang	3867841534
融	rong	3867800053
誓	shi	3867758572
旬	xun	3867717091
毅	yi	3867675610
揍	zou	3867634129
僱	gu	3867592648
蔔	bo	3867551167
阐	chan	3867509686
钞	chao	3867468205
储	chu	3867426724
涤	di	3867385243
杰	jie	3867343762
搂	lou	3867302281
萝	luo	3867260800
弥	mi	3867219319
锡	xi	3867177838
灶	zao	3867136357
赚	zhuan	3867094876
垻	ba	3867053395
墊	dian	3867011914
慚	can	3866970433
綢	chou	3866928952
腫	zhong	3866887471
詢	xun	3866845990
諸	zhu	3866804509
賠	pei	3866763028
躊	chou	3866721547
陳	chen	3866680066
鵝	e	3866638585
壩	ba	3866597104
邏	luo	3866555623
堡	bao	3866514142
躇	chu	3866472661
腹	fu	3866431180
拐	guai	3866389699
恍	huang	3866348218
慕	mu	3866306737
蓬	peng	3866265256
坯	pi	3866223775
剖	pou	3866182294
砌	qi	3866140813
乳	ru	3866099332
伺	ci	3866057851
羡	xian	3866016370
吟	yin	3865974889
址	zhi	3865933408
怦	peng	3865891927
羨	xian	3865850446
坝	ba	3865808965
惭	can	3865767484
陈	chen	3865726003
踌	chou	3865684522
绸	chou	3865643041
垫	dian	3865601560
鹅	e	3865560079
逻	luo	3865518598
赔	pei	3865477117
询	xun	3865435636
肿	zhong	3865394155
诸	zhu	3865352674
悅	yue	3865311193
憂	you	3865269712
搗	dao	3865228231
檔	dang	3865186750
濺	jian	3865145269
稅	shui	3865103788
遙	yao	3865062307
饒	rao	3865020826
辭	ci	3864979345
搓	cuo	3864937864
惑	huo	3864896383
磕	ke	3864854902
泌	mi	3864813421
墓	mu	3864771940
篷	peng	3864730459
歉	qian	3864688978
陶	tao	3864647497
咽	ye	3864606016
翼	yi	3864564535
澡	zao	3864523054
匾	bian	3864481573
蟋	xi	3864440092
蟀	shuai	3864398611
辞	ci	3864357130
档	dang	3864315649
捣	dao	3864274168
溅	jian	3864232687
饶	rao	3864191206
税	shui	3864149725
遥	yao	3864108244
忧	you	3864066763
悦	yue	3864025282
唄	bei	3863983801
喪	sang	3863942320
擬	ni	3863900839
綉	xiu	3863859358
繡	xiu	3863817877
銹	xiu	3863776396
鋤	chu	3863734915
閱	yue	3863693434
寧	ning	3863651953
氨	an	3863610472
炒	chao	3863568991
酬	chou	3863527510
雌	ci	3863486029
醋	cu	3863444548
帆	fan	3863403067
俯	fu	3863361586
躬	gong	3863320105
汞	gong	3863278624
煎	jian	3863237143
鞠	ju	3863195662
廓	kuo	3863154181
奈	nai	3863112700
辱	ru	3863071219
隧	sui	3863029738
淌	tang	3862988257
艇	ting	3862946776
捂	wu	3862905295
骼	ge	3862863814
鏽	xiu	3862822333
閲	yue	3862780852
锄	chu	3862739371
拟	ni	3862697890
宁	ning	3862656409
丧	sang	3862614928
锈	xiu	3862573447
绣	xiu	3862531966
阅	yue	3862490485
呗	bei	3862449004
冊	ce	3862407523
嘯	xiao	3862366042
獅	shi	3862324561
納	na	3862283080
艦	jian	3862241599
謊	huang	3862200118
軋	ya	3862158637
頒	ban	3862117156
騾	luo	3862075675
鵪	an	3862034194
鶉	chun	3861992713
濤	tao	3861951232
趨	qu	3861909751
熬	ao	3861868270
扳	ban	3861826789
敷	fu	3861785308
孵	fu	3861743827
膏	gao	3861702346
憾	han	3861660865
佳	jia	3861619384
呢	ni	3861577903
畔	pan	3861536422
棋	qi	3861494941
熔	rong	3861453460
疏	shu	3861411979
畜	chu	3861370498
姻	yin	3861329017
腈	jing	3861287536
蜓	ting	3861246055
蜻	qing	3861204574
颁	ban	3861163093
册	ce	3861121612
谎	huang	3861080131
舰	jian	3861038650
骡	luo	3860997169
纳	na	3860955688
趋	qu	3860914207
狮	shi	3860872726
涛	tao	3860831245
啸	xiao	3860789764
轧	ya	3860748283
鹌	an	3860706802
鹑	chun	3860665321
壽	shou	3860623840
棗	zao	3860582359
謹	jin	3860540878
閘	zha	3860499397
驟	zhou	3860457916
氈	zhan	3860416435
稱	chen	3860374954
榜	bang	3860333473
慈	ci	3860291992
簇	cu	3860250511
猾	hua	3860209030
奸	jian	3860167549
狡	jiao	3860126068
捷	jie	3860084587
津	jin	3860043106
茸	rong	3860001625
蠕	ru	3859960144
申	shen	3859918663
侍	shi	3859877182
穗	sui	3859835701
滔	tao	3859794220
汪	wang	3859752739
畏	wei	3859711258
翁	weng	3859669777
祥	xiang	3859628296
衙	ya	3859586815
吁	xu	3859545334
蚩	chi	3859503853
姦	jian	3859462372
谨	jin	3859420891
寿	shou	3859379410
枣	zao	3859337929
闸	zha	3859296448
毡	zhan	3859254967
骤	zhou	3859213486
暈	yun	3859172005
藹	ai	3859130524
謠	yao	3859089043
譏	ji	3859047562
鷹	ying	3859006081
龐	pang	3858964600
孫	sun	3858923119
薦	jian	3858881638
柏	bai	3858840157
崩	beng	3858798676
憋	bie	3858757195
敞	chang	3858715714
跺	duo	3858674233
乖	guai	3858632752
逛	guang	3858591271
烘	hong	3858549790
寇	kou	3858508309
咆	pao	3858466828
瀑	pu	3858425347
捎	shao	3858383866
衰	shuai	3858342385
哮	xiao	3858300904
熏	xun	3858259423
舀	yao	3858217942
謡	yao	3858176461
蔼	ai	3858134980
讥	ji	3858093499
荐	jian	3858052018
庞	pang	3858010537
孙	sun	3857969056
谣	yao	3857927575
鹰	ying	3857886094
晕	yun	3857844613
廂	xiang	3857803132
暢	chang	3857761651
濫	lan	3857720170
絹	juan	3857678689
綿	mian	3857637208
縷	lv	3857595727
薩	sa	3857554246
鍍	du	3857512765
攜	xie	3857471284
敘	xu	3857429803
糕	gao	3857388322
梗	geng	3857346841
狐	hu	3857305360
拘	ju	3857263879
俱	ju	3857222398
眶	kuang	3857180917
狸	li	3857139436
摩	mo	3857097955
菩	pu	3857056474
怯	qie	3857014993
沃	wo	3856973512
屹	yi	3856932031
爪	zhao	3856890550
琢	zuo	3856849069
咂	za	3856807588
簸	bo	3856766107
螢	ying	3856724626
糶	tiao	3856683145
畅	chang	3856641664
镀	du	3856600183
绢	juan	3856558702
滥	lan	3856517221
缕	lv	3856475740
绵	mian	3856434259
萨	sa	3856392778
厢	xiang	3856351297
携	xie	3856309816
叙	xu	3856268335
萤	ying	3856226854
粜	tiao	3856185373
屜	ti	3856143892
斃	bi	3856102411
漿	jiang	3856060930
繳	jiao	3856019449
鉗	qian	3855977968
鑲	xiang	3855936487
剎	sha	3855895006
廈	sha	3855853525
灣	wan	3855812044
韁	jiang	3855770563
磅	bang	3855729082
舶	bo	3855687601
粹	cui	3855646120
瘩	da	3855604639
疙	ge	3855563158
撼	han	3855521677
捍	han	3855480196
徊	huai	3855438715
啃	ken	3855397234
碌	lu	3855355753
茅	mao	3855314272
徘	pai	3855272791
劈	pi	3855231310
嵌	qian	3855189829
煞	sha	3855148348
杉	shan	3855106867
薪	xin	3855065386
漾	yang	3855023905
泳	yong	3854982424
裕	yu	3854940943
咋	za	3854899462
繮	jiang	3854857981
毙	bi	3854816500
浆	jiang	3854775019
缴	jiao	3854733538
钳	qian	3854692057
刹	sha	3854650576
屉	ti	3854609095
湾	wan	3854567614
厦	sha	3854526133
镶	xiang	3854484652
缰	jiang	3854443171
槳	jiang	3854401690
歐	ou	3854360209
禍	huo	3854318728
鐺	dang	3854277247
懼	ju	3854235766
癢	yang	3854194285
鄭	zheng	3854152804
鳳	feng	3854111323
糙	cao	3854069842
豺	chai	3854028361
淳	chun	3853986880
叼	diao	3853945399
丁	ding	3853903918
杜	du	3853862437
瑚	hu	3853820956
凰	huang	3853779475
撅	jue	3853737994
挎	kua	3853696513
葵	kui	3853655032
渺	miao	3853613551
姆	mu	3853572070
尿	niao	3853530589
砰	peng	3853489108
瞥	pie	3853447627
凄	qi	3853406146
珊	shan	3853364665
惕	ti	3853323184
舔	tian	3853281703
弦	xian	3853240222
硝	xiao	3853198741
羽	yu	3853157260
樟	zhang	3853115779
稚	zhi	3853074298
偎	wei	3853032817
蚓	yin	3852991336
蚯	qiu	3852949855
淒	qi	3852908374
紳	shen	3852866893
鵑	juan	3852825412
凤	feng	3852783931
祸	huo	3852742450
桨	jiang	3852700969
惧	ju	3852659488
鹃	juan	3852618007
欧	ou	3852576526
绅	shen	3852535045
痒	yang	3852493564
郑	zheng	3852452083
铛	dang	3852410602
娛	yu	3852369121
樞	shu	3852327640
檻	kan	3852286159
莖	jing	3852244678
詭	gui	3852203197
賀	he	3852161716
鈾	you	3852120235
錘	chui	3852078754
鍬	qiao	3852037273
懲	cheng	3851995792
籬	li	3851954311
繫	ji	3851912830
笆	ba	3851871349
雹	bao	3851829868
豹	bao	3851788387
臣	chen	3851746906
秤	cheng	3851705425
捶	chui	3851663944
碟	die	3851622463
褂	gua	3851580982
嚼	jue	3851539501
咀	ju	3851498020
捐	juan	3851456539
撩	liao	3851415058
伶	ling	3851373577
枚	mei	3851332096
宿	xiu	3851290615
蹄	ti	3851249134
屠	tu	3851207653
霞	xia	3851166172
蚜	ya	3851124691
噪	zao	3851083210
怔	zheng	3851041729
漩	xuan	3851000248
蝠	fu	3850958767
蝙	bian	3850917286
竽	yu	3850875805
惩	cheng	3850834324
锤	chui	3850792843
诡	gui	3850751362
贺	he	3850709881
槛	kan	3850668400
茎	jing	3850626919
篱	li	3850585438
锹	qiao	3850543957
枢	shu	3850502476
铀	you	3850460995
娱	yu	3850419514
啞	ya	3850378033
瑩	ying	3850336552
綴	zhui	3850295071
繭	jian	3850253590
誣	wu	3850212109
誦	song	3850170628
諷	feng	3850129147
販	fan	3850087666
鈷	gu	3850046185
鋸	ju	3850004704
鎂	mei	3849963223
鐮	lian	3849921742
剎	cha	3849880261
屍	shi	3849838780
擲	zhi	3849797299
曠	kuang	3849755818
蘊	yun	3849714337
蝟	wei	3849672856
隘	ai	3849631375
泵	beng	3849589894
哺	bu	3849548413
蹭	ceng	3849506932
矗	chu	3849465451
咕	gu	3849423970
硅	gui	3849382489
唬	hu	3849341008
疆	jiang	3849299527
蕉	jiao	3849258046
角	jue	3849216565
梨	li	3849175084
埋	man	3849133603
抿	min	3849092122
泣	qi	3849050641
腮	sai	3849009160
搔	sao	3848967679
屎	shi	3848926198
嘶	si	3848884717
搪	tang	3848843236
藤	teng	3848801755
涕	ti	3848760274
唾	tuo	3848718793
惋	wan	3848677312
桅	wei	3848635831
芯	xin	3848594350
嗅	xiu	3848552869
畜	xu	3848511388
悠	you	3848469907
呃	e	3848428426
嘀	di	3848386945
愕	e	3848345464
榕	rong	3848303983
髦	mao	3848262502
嗐	hai	3848221021
藴	yun	3848179540
鰐	e	3848138059
鱷	e	3848096578
鸝	li	3848055097
贩	fan	3848013616
讽	feng	3847972135
茧	jian	3847930654
锯	ju	3847889173
旷	kuang	3847847692
镰	lian	3847806211
镁	mei	3847764730
刹	cha	3847723249
尸	shi	3847681768
诵	song	3847640287
诬	wu	3847598806
哑	ya	3847557325
莹	ying	3847515844
蕴	yun	3847474363
掷	zhi	3847432882
缀	zhui	3847391401
猬	wei	3847349920
钴	gu	3847308439
鹂	li	3847266958
鳄	e	3847225477
吶	na	3847183996
墜	zhui	3847142515
撫	fu	3847101034
氫	qing	3847059553
狽	bei	3847018072
癟	bie	3846976591
禿	tu	3846935110
銜	xian	3846893629
錠	ding	3846852148
鑰	yao	3846810667
頸	jing	3846769186
鷗	ou	3846727705
巒	luan	3846686224
薑	jiang	3846644743
鬱	yu	3846603262
邦	bang	3846561781
卑	bei	3846520300
鄙	bi	3846478819
氮	dan	3846437338
惶	huang	3846395857
吉	ji	3846354376
襟	jin	3846312895
勘	kan	3846271414
慷	kang	3846229933
勒	lei	3846188452
廉	lian	3846146971
酶	mei	3846105490
瞄	miao	3846064009
帕	pa	3846022528
崎	qi	3845981047
掐	qia	3845939566
塞	se	3845898085
桑	sang	3845856604
呻	shen	3845815123
拭	shi	3845773642
薯	shu	3845732161
暑	shu	3845690680
蹋	ta	3845649199
丸	wan	3845607718
犀	xi	3845566237
伊	yi	3845524756
宰	zai	3845483275
舟	zhou	3845441794
帚	zhou	3845400313
拄	zhu	3845358832
嗬	he	3845317351
嘈	cao	3845275870
檐	yan	3845234389
嶇	qu	3845192908
絢	xuan	3845151427
譴	qian	3845109946
鋅	xin	3845068465
狈	bei	3845026984
瘪	bie	3844985503
锭	ding	3844944022
抚	fu	3844902541
姜	jiang	3844861060
颈	jing	3844819579
峦	luan	3844778098
呐	na	3844736617
鸥	ou	3844695136
谴	qian	3844653655
氢	qing	3844612174
秃	tu	3844570693
衔	xian	3844529212
锌	xin	3844487731
绚	xuan	3844446250
郁	yu	3844404769
钥	yao	3844363288
坠	zhui	3844321807
岖	qu	3844280326
傳	zhuan	3844238845
瑣	suo	3844197364
篩	shai	3844155883
締	di	3844114402
誘	you	3844072921
蹤	zong	3844031440
驅	qu	3843989959
鯉	li	3843948478
鳧	fu	3843906997
嬌	jiao	3843865516
稈	gan	3843824035
埠	bu	3843782554
忱	chen	3843741073
揣	chuai	3843699592
炊	chui	3843658111
佃	dian	3843616630
峨	e	3843575149
俄	e	3843533668
甫	fu	3843492187
赴	fu	3843450706
蛤	ha	3843409225
菇	gu	3843367744
褐	he	3843326263
槐	huai	3843284782
椒	jiao	3843243301
窖	jiao	3843201820
睫	jie	3843160339
峻	jun	3843118858
揩	kai	3843077377
晾	liang	3843035896
撂	liao	3842994415
蔑	mie	3842952934
蘑	mo	3842911453
刨	pao	3842869972
啤	pi	3842828491
峭	qiao	3842787010
圈	juan	3842745529
犬	quan	3842704048
裙	qun	3842662567
剔	ti	3842621086
啼	ti	3842579605
巍	wei	3842538124
巡	xun	3842496643
汛	xun	3842455162
堰	yan	3842413681
吁	yu	3842372200
曰	yue	3842330719
瞻	zhan	3842289238
爪	zhua	3842247757
啄	zhuo	3842206276
耷	da	3842164795
哽	geng	3842123314
惚	hu	3842081833
暄	xuan	3842040352
掰	bai	3841998871
蟆	ma	3841957390
樺	hua	3841915909
籲	yu	3841874428
衊	mie	3841832947
鳬	fu	3841791466
缔	di	3841749985
秆	gan	3841708504
娇	jiao	3841667023
鲤	li	3841625542
驱	qu	3841584061
筛	shai	3841542580
琐	suo	3841501099
诱	you	3841459618
踪	zong	3841418137
凫	fu	3841376656
桦	hua	3841335175
償	chang	3841293694
嗚	wu	3841252213
帥	shuai	3841210732
掄	lun	3841169251
橢	tuo	3841127770
氂	mao	3841086289
穎	ying	3841044808
簫	xiao	3841003327
蝸	wo	3840961846
鈣	gai	3840920365
韌	ren	3840878884
饞	chan	3840837403
鴿	ge	3840795922
龜	gui	3840754441
戀	lian	3840712960
挾	xie	3840671479
濱	bin	3840629998
釁	xin	3840588517
泊	bo	3840547036
悼	dao	3840505555
笛	di	3840464074
惦	dian	3840422593
蛾	e	3840381112
坊	fang	3840339631
浩	hao	3840298150
桔	ju	3840256669
菊	ju	3840215188
掘	jue	3840173707
落	la	3840132226
拇	mu	3840090745
牡	mu	3840049264
碾	nian	3840007783
捻	nian	3839966302
湃	pai	3839924821
澎	peng	3839883340
瓢	piao	3839841859
魄	po	3839800378
沏	qi	3839758897
痰	tan	3839717416
眺	tiao	3839675935
腥	xing	3839634454
蓄	xu	3839592973
靴	xue	3839551492
衍	yan	3839510011
疫	yi	3839468530
佑	you	3839427049
寓	yu	3839385568
折	she	3839344087
芝	zhi	3839302606
咒	zhou	3839261125
攥	zuan	3839219644
瞌	ke	3839178163
蚣	gong	3839136682
蜈	wu	3839095201
跛	bo	3839053720
霎	sha	3839012239
犛	mao	3838970758
舋	xin	3838929277
嚀	ning	3838887796
滨	bin	3838846315
馋	chan	3838804834
偿	chang	3838763353
钙	gai	3838721872
鸽	ge	3838680391
龟	gui	3838638910
恋	lian	3838597429
抡	lun	3838555948
韧	ren	3838514467
帅	shuai	3838472986
椭	tuo	3838431505
蜗	wo	3838390024
呜	wu	3838348543
挟	xie	3838307062
衅	xin	3838265581
颖	ying	3838224100
咛	ning	3838182619
牦	mao	3838141138
箫	xiao	3838099657
噓	xu	3838058176
攢	zan	3838016695
欽	qin	3837975214
潰	kui	3837933733
礫	li	3837892252
賭	du	3837850771
釀	niang	3837809290
頰	jia	3837767809
餃	jiao	3837726328
餡	xian	3837684847
駒	ju	3837643366
廁	ce	3837601885
軀	qu	3837560404
梆	bang	3837518923
痹	bi	3837477442
朝	zhao	3837435961
肪	fang	3837394480
羔	gao	3837352999
皆	jie	3837311518
坎	kan	3837270037
吭	keng	3837228556
犁	li	3837187075
玲	ling	3837145594
鹿	lu	3837104113
穆	mu	3837062632
屏	ping	3837021151
茄	jia	3836979670
蛆	qu	3836938189
吻	wen	3836896708
咸	xian	3836855227
泄	xie	3836813746
屑	xie	3836772265
蘸	zhan	3836730784
蔗	zhe	3836689303
蛀	zhu	3836647822
籽	zi	3836606341
廿	nian	3836564860
崽	zai	3836523379
憬	jing	3836481898
憧	chong	3836440417
姊	zi	3836398936
蚪	dou	3836357455
蝌	ke	3836315974
痺	bi	3836274493
厠	ce	3836233012
墾	ken	3836191531
攆	nian	3836150050
瓏	long	3836108569
誡	jie	3836067088
鹹	xian	3836025607
厕	ce	3835984126
赌	du	3835942645
颊	jia	3835901164
饺	jiao	3835859683
诫	jie	3835818202
驹	ju	3835776721
垦	ken	3835735240
溃	kui	3835693759
砾	li	3835652278
撵	nian	3835610797
酿	niang	3835569316
钦	qin	3835527835
躯	qu	3835486354
馅	xian	3835444873
嘘	xu	3835403392
攒	zan	3835361911
珑	long	3835320430
儉	jian	3835278949
緞	duan	3835237468
輿	yu	3835195987
鏈	lian	3835154506
會	kuai	3835113025
籮	luo	3835071544
蔥	cong	3835030063
賓	bin	3834988582
遜	xun	3834947101
蹈	dao	3834905620
啡	fei	3834864139
辜	gu	3834822658
棺	guan	3834781177
酵	jiao	3834739696
咖	ka	3834698215
磊	lei	3834656734
陋	lou	3834615253
蒜	suan	3834573772
汰	tai	3834532291
豌	wan	3834490810
翔	xiang	3834449329
庸	yong	3834407848
葬	zang	3834366367
汁	zhi	3834324886
茁	zhuo	3834283405
踮	dian	3834241924
宾	bin	3834200443
葱	cong	3834158962
缎	duan	3834117481
俭	jian	3834076000
链	lian	3834034519
箩	luo	3833993038
逊	xun	3833951557
舆	yu	3833910076
稠	chou	3833868595
沛	pei	3833827114
愚	yu	3833785633
黯	an	3833744152
乾	qian	3833702671
吒	zha	3833661190
瀵	fen	3833619709
瑙	nao	3833578228
軎	wei	3833536747
麴	qu	3833495266
㑮	hun	3833453785
㒖	ou	3833412304
㒜	yu	3833370823
㒿	li	3833329342
㓄	zhen	3833287861
㓖	bi	3833246380
㔃	jue	3833204899
㔃	xue	3833163418
㔅	xiao	3833121937
㔋	jian	3833080456
㔋	lan	3833038975
㔝	liang	3832997494
㔢	jue	3832956013
㔢	xue	3832914532
㕒	wei	3832873051
㕢	gai	3832831570
㕢	hai	3832790089
㖦	dong	3832748608
㖮	lun	3832707127
㗙	chu	3832665646
㗙	na	3832624165
㗙	zhou	3832582684
㗢	dong	3832541203
㗢	hong	3832499722
㗣	ti	3832458241
㗰	cong	3832416760
㗶	po	3832375279
㗻	guo	3832333798
㗼	ye	3832292317
㗿	he	3832250836
㗿	xia	3832209355
㘓	lan	3832167874
㘔	sai	3832126393
㘖	yan	3832084912
㘙	yan	3832043431
㘤	wan	3832001950
㙔	han	3831960469
㙔	wei	3831918988
㙡	zong	3831877507
㙢	man	3831836026
㙬	yin	3831794545
㙺	gui	3831753064
㙺	kui	3831711583
㙾	xi	3831670102
㛍	qie	3831628621
㛍	xia	3831587140
㛍	xian	3831545659
㛝	bei	3831504178
㜐	shu	3831462697
㜕	lian	3831421216
㜗	can	3831379735
㜗	sen	3831338254
㜞	can	3831296773
㜞	qian	3831255292
㜥	mai	3831213811
㜮	lan	3831172330
㜰	yue	3831130849
㜷	mi	3831089368
㜷	xian	3831047887
㜺	zan	3831006406
㝞	ya	3830964925
㝟	mao	3830923444
㞞	song	3830881963
㟦	yun	3830840482
㟺	lou	3830799001
㠆	dan	3830757520
㠠	lu	3830716039
㠣	li	3830674558
㡓	kun	3830633077
㡞	lou	3830591596
㡞	lv	3830550115
㢗	qiao	3830508634
㤲	qie	3830467153
㥮	chao	3830425672
㥮	zhou	3830384191
㥷	ye	3830342710
㦊	hua	3830301229
㦖	men	3830259748
㦛	yu	3830218267
㦞	chou	3830176786
㦡	le	3830135305
㦦	xi	3830093824
㦬	luo	3830052343
㦭	ling	3830010862
㨛	shan	3829969381
㨟	hai	3829927900
㨥	na	3829886419
㨻	can	3829844938
㨻	chan	3829803457
㨻	shan	3829761976
㨻	zan	3829720495
㩇	hua	3829679014
㩇	huo	3829637533
㩇	zuo	3829596052
㩋	su	3829554571
㩋	xiao	3829513090
㩌	fei	3829471609
㩭	bo	3829430128
㩵	e	3829388647
㩷	qian	3829347166
㪎	na	3829305685
㪎	shan	3829264204
㪹	lou	3829222723
㬣	dui	3829181242
㬮	nan	3829139761
㮓	gen	3829098280
㮝	he	3829056799
㮲	chou	3829015318
㮿	bi	3828973837
㯂	dai	3828932356
㯆	chan	3828890875
㯆	shan	3828849394
㯗	xian	3828807913
㯤	li	3828766432
㯸	jin	3828724951
㰂	shen	3828683470
㰄	jian	3828641989
㰅	di	3828600508
㰅	zhe	3828559027
㰍	long	3828517546
㰙	nuo	3828476065
㰰	he	3828434584
㰰	qie	3828393103
㰰	xia	3828351622
㰳	ya	3828310141
㲯	ran	3828268660
㲰	ning	3828227179
㲲	die	3828185698
㴸	shan	3828144217
㴿	ding	3828102736
㵍	men	3828061255
㵑	he	3828019774
㵒	bi	3827978293
㵒	fei	3827936812
㵒	pai	3827895331
㵗	ping	3827853850
㵤	sha	3827812369
㵾	jing	3827770888
㵾	qing	3827729407
㶆	chu	3827687926
㶆	zhu	3827646445
㶌	lian	3827604964
㶍	xian	3827563483
㶏	yin	3827522002
㶒	shan	3827480521
㶒	shen	3827439040
㶒	tan	3827397559
㶕	jian	3827356078
㷃	chui	3827314597
㷍	lun	3827273116
㷶	bei	3827231635
㷻	wu	3827190154
㸅	ji	3827148673
㸅	jie	3827107192
㸊	la	3827065711
㸊	lai	3827024230
㸐	ran	3826982749
㹓	yao	3826941268
㹽	chan	3826899787
㺑	sao	3826858306
㺑	shan	3826816825
㺜	nong	3826775344
㻶	bi	3826733863
㻽	sui	3826692382
㻽	xuan	3826650901
㼈	luo	3826609420
㼻	cong	3826567939
㾵	ji	3826526458
㾺	ma	3826484977
㿉	tui	3826443496
㿎	fen	3826402015
㿖	lu	3826360534
㿗	tui	3826319053
㿹	ta	3826277572
䀍	kan	3826236091
䀴	keng	3826194610
䀴	ya	3826153129
䀴	ying	3826111648
䀹	jia	3826070167
䀹	jie	3826028686
䀹	she	3825987205
䀹	ya	3825945724
䀹	zha	3825904243
䁝	ying	3825862762
䁱	kou	3825821281
䁻	li	3825779800
䁻	shuo	3825738319
䂎	cuan	3825696838
䂎	zuan	3825655357
䃁	ya	3825613876
䃕	lao	3825572395
䃕	luo	3825530914
䃘	keng	3825489433
䃢	qin	3825447952
䃣	hui	3825406471
䃤	su	3825364990
䃮	da	3825323509
䃴	zhu	3825282028
䅐	jian	3825240547
䅘	lai	3825199066
䅳	chu	3825157585
䅳	zou	3825116104
䆅	zi	3825074623
䆉	ba	3825033142
䇓	xu	3824991661
䉆	diao	3824950180
䉍	jian	3824908699
䉐	ku	3824867218
䉑	wu	3824825737
䉬	fei	3824784256
䉱	ou	3824742775
䉶	shuang	3824701294
䊜	tuan	3824659813
䊟	men	3824618332
䊭	chou	3824576851
䊭	dao	3824535370
䊲	chan	3824493889
䊵	qiu	3824452408
䊺	hu	3824410927
䋃	mao	3824369446
䋋	min	3824327965
䋎	zhan	3824286484
䋏	zha	3824245003
䋏	zuo	3824203522
䋐	yue	3824162041
䋑	lie	3824120560
䋔	bi	3824079079
䋘	chuo	3824037598
䋞	wang	3823996117
䋦	fan	3823954636
䋫	zheng	3823913155
䋱	lai	3823871674
䋼	ting	3823830193
䋼	ying	3823788712
䋽	beng	3823747231
䋾	na	3823705750
䋾	zha	3823664269
䌁	yao	3823622788
䌇	hui	3823581307
䌈	ta	3823539826
䌌	qi	3823498345
䌏	mi	3823456864
䌐	mi	3823415383
䌝	jin	3823373902
䌞	lian	3823332421
䌟	bi	3823290940
䌟	bo	3823249459
䌨	ca	3823207978
䌨	cai	3823166497
䌪	yan	3823125016
䌬	chong	3823083535
䍤	ji	3823042054
䍷	wei	3823000573
䍽	li	3822959092
䎘	su	3822917611
䎙	pin	3822876130
䎱	ba	3822834649
䎱	bei	3822793168
䏊	long	3822751687
䐢	chu	3822710206
䐢	zhou	3822668725
䐢	zhu	3822627244
䐣	sun	3822585763
䐷	dan	3822544282
䐹	sao	3822502801
䐹	sou	3822461320
䐹	xiao	3822419839
䐽	man	3822378358
䑗	dang	3822336877
䑼	zhou	3822295396
䓣	liang	3822253915
䔇	ai	3822212434
䔇	qi	3822170953
䔈	gong	3822129472
䔡	yu	3822087991
䕏	e	3822046510
䕡	lv	3822005029
䕤	ji	3821963548
䕹	za	3821922067
䕼	ran	3821880586
䖅	ling	3821839105
䖚	wu	3821797624
䗃	zhan	3821756143
䗅	chang	3821714662
䗥	zong	3821673181
䗻	jie	3821631700
䗽	wei	3821590219
䗿	ning	3821548738
䙔	ou	3821507257
䙡	hui	3821465776
䙡	kui	3821424295
䙱	du	3821382814
䙼	jiao	3821341333
䙼	shao	3821299852
䚆	ying	3821258371
䚉	qi	3821216890
䚕	li	3821175409
䚞	dai	3821133928
䚩	jiao	3821092447
䚩	qiao	3821050966
䚳	zhi	3821009485
䚵	tou	3820968004
䚽	hao	3820926523
䛀	ban	3820885042
䛀	fan	3820843561
䛄	yuan	3820802080
䛅	xia	3820760599
䛌	pao	3820719118
䛌	tao	3820677637
䛍	fei	3820636156
䛔	na	3820594675
䛘	nin	3820553194
䛘	ren	3820511713
䛛	hui	3820470232
䛞	han	3820428751
䛠	dou	3820387270
䛤	cu	3820345789
䛩	e	3820304308
䛩	qia	3820262827
䛩	wu	3820221346
䛬	tao	3820179865
䛭	xing	3820138384
䛳	yan	3820096903
䛴	ji	3820055422
䛴	qi	3820013941
䛽	cha	3819972460
䛽	sa	3819930979
䛽	zha	3819889498
䛿	ge	3819848017
䜄	chi	3819806536
䜉	chi	3819765055
䜊	zao	3819723574
䜋	hui	3819682093
䜍	liao	3819640612
䜎	lao	3819599131
䜏	tuo	3819557650
䜒	ao	3819516169
䜖	tan	3819474688
䜙	an	3819433207
䜙	e	3819391726
䜚	ta	3819350245
䜝	tuan	3819308764
䝏	lou	3819267283
䝕	zhe	3819225802
䝭	gou	3819184321
䝯	yi	3819142840
䝼	jing	3819101359
䝼	qing	3819059878
䞀	hou	3819018397
䞁	yan	3818976916
䞂	ruan	3818935435
䞉	sheng	3818893954
䞋	chen	3818852473
䞓	cheng	3818810992
䟃	ca	3818769511
䟃	can	3818728030
䟆	bi	3818686549
䟏	li	3818645068
䟐	li	3818603587
䟺	bei	3818562106
䟺	pei	3818520625
䠆	chang	3818479144
䠟	die	3818437663
䠠	chi	3818396182
䠠	dai	3818354701
䠩	gui	3818313220
䠮	teng	3818271739
䠱	zhu	3818230258
䡁	long	3818188777
䡅	chun	3818147296
䡅	xun	3818105815
䡇	yue	3818064334
䡊	fan	3818022853
䡐	tuo	3817981372
䡗	gong	3817939891
䡘	tian	3817898410
䡝	yuan	3817856929
䡝	yun	3817815448
䡟	pi	3817773967
䡦	sang	3817732486
䡩	keng	3817691005
䡩	zhen	3817649524
䡰	gu	3817608043
䡰	keng	3817566562
䡴	chong	3817525081
䡵	sui	3817483600
䡶	bei	3817442119
䡶	pi	3817400638
䡷	kai	3817359157
䡷	ke	3817317676
䡹	zhi	3817276195
䡻	min	3817234714
䡾	nie	3817193233
䡾	ye	3817151752
䡾	yi	3817110271
䢈	chen	3817068790
䢈	hui	3817027309
䢨	cong	3816985828
䢨	zong	3816944347
䤌	qiang	3816902866
䤍	mi	3816861385
䤝	ying	3816819904
䤠	zhi	3816778423
䤤	kai	3816736942
䤥	gui	3816695461
䤥	wei	3816653980
䤨	pi	3816612499
䤩	cha	3816571018
䤪	duo	3816529537
䤬	sha	3816488056
䤭	shi	3816446575
䤵	fei	3816405094
䤵	pi	3816363613
䤸	zuan	3816322132
䤻	duo	3816280651
䤼	xian	3816239170
䥄	cu	3816197689
䥈	mu	3816156208
䥑	mai	3816114727
䥑	wan	3816073246
䥓	qi	3816031765
䥔	su	3815990284
䥕	pie	3815948803
䥖	tian	3815907322
䥗	kuan	3815865841
䥛	jie	3815824360
䥛	qi	3815782879
䥝	ao	3815741398
䥞	jiao	3815699917
䥯	ba	3815658436
䥯	bei	3815616955
䥶	li	3815575474
䥷	zha	3815533993
䥸	mi	3815492512
䦌	chu	3815451031
䦎	guan	3815409550
䦎	kang	3815368069
䦖	xia	3815326588
䦖	xie	3815285107
䦜	wu	3815243626
䦝	huo	3815202145
䦟	chuai	3815160664
䦟	wen	3815119183
䦣	fu	3815077702
䦪	ya	3815036221
䦯	zhi	3814994740
䦱	kua	3814953259
䦱	wei	3814911778
䧞	fu	3814870297
䧞	ma	3814828816
䧢	ou	3814787335
䧢	qu	3814745854
䨴	dui	3814704373
䩤	xie	3814662892
䩫	liang	3814621411
䪊	long	3814579930
䪍	lan	3814538449
䪏	da	3814496968
䪏	na	3814455487
䪐	bi	3814414006
䪓	die	3814372525
䪘	di	3814331044
䪘	wei	3814289563
䪜	chan	3814248082
䪜	yan	3814206601
䪝	hu	3814165120
䪥	xie	3814123639
䪴	dan	3814082158
䪴	zhen	3814040677
䪼	zhuo	3813999196
䪾	zhen	3813957715
䫀	gen	3813916234
䫂	duo	3813874753
䫈	cen	3813833272
䫈	chen	3813791791
䫈	zen	3813750310
䫉	mao	3813708829
䫌	pi	3813667348
䫏	qi	3813625867
䫐	lin	3813584386
䫖	chen	3813542905
䫖	shen	3813501424
䫜	ao	3813459943
䫟	hun	3813418462
䫠	pi	3813376981
䫥	kui	3813335500
䫩	san	3813294019
䫫	lou	3813252538
䫲	han	3813211057
䫲	kan	3813169576
䫶	fan	3813128095
䫺	hong	3813086614
䫻	yu	3813045133
䫼	xue	3813003652
䫽	pao	3812962171
䫾	bi	3812920690
䬀	you	3812879209
䬂	xue	3812837728
䬅	li	3812796247
䬅	lie	3812754766
䬅	xie	3812713285
䬍	hu	3812671804
䬎	guo	3812630323
䬎	xu	3812588842
䬐	rui	3812547361
䬓	an	3812505880
䬔	yu	3812464399
䬟	liu	3812422918
䬣	ge	3812381437
䬣	qi	3812339956
䬣	xi	3812298475
䬦	dou	3812256994
䬦	she	3812215513
䬧	yuan	3812174032
䬪	bo	3812132551
䬫	ti	3812091070
䬬	ying	3812049589
䬯	nian	3812008108
䬯	tian	3811966627
䬰	shao	3811925146
䬲	gou	3811883665
䬳	ban	3811842184
䬶	en	3811800703
䬹	zhi	3811759222
䬾	ti	3811717741
䭃	nie	3811676260
䭃	ren	3811634779
䭅	hu	3811593298
䭇	ye	3811551817
䭇	yi	3811510336
䭈	jian	3811468855
䭉	sui	3811427374
䭑	lian	3811385893
䭑	qian	3811344412
䭑	xian	3811302931
䭒	xi	3811261450
䭓	en	3811219969
䭔	dui	3811178488
䭕	jian	3811137007
䭕	zan	3811095526
䭘	ying	3811054045
䭞	yi	3811012564
䭡	en	3810971083
䭢	ning	3810929602
䭣	ci	3810888121
䭤	qian	3810846640
䭭	shou	3810805159
䭷	mao	3810763678
䭾	tuo	3810722197
䮂	ba	3810680716
䮄	xuan	3810639235
䮈	chi	3810597754
䮗	an	3810556273
䮗	yan	3810514792
䮧	han	3810473311
䮫	lou	3810431830
䮫	lv	3810390349
䮰	zhe	3810348868
䮲	huang	3810307387
䮴	deng	3810265906
䮴	teng	3810224425
䮸	wo	3810182944
䮽	biao	3810141463
䮾	long	3810099982
䮿	jian	3810058501
䯤	kuai	3810017020
䰎	kui	3809975539
䰐	lan	3809934058
䰖	zuan	3809892577
䰫	chao	3809851096
䰫	zhao	3809809615
䰲	ya	3809768134
䰳	ding	3809726653
䰷	bang	3809685172
䰻	yu	3809643691
䰽	bei	3809602210
䰾	ba	3809560729
䱀	yang	3809519248
䱁	qiao	3809477767
䱂	you	3809436286
䱅	mo	3809394805
䱇	shan	3809353324
䱊	mi	3809311843
䱋	gong	3809270362
䱌	yi	3809228881
䱍	geng	3809187400
䱎	geng	3809145919
䱐	fu	3809104438
䱒	ye	3809062957
䱓	ting	3809021476
䱗	can	3808979995
䱚	lu	3808938514
䱛	huo	3808897033
䱛	xu	3808855552
䱛	yi	3808814071
䱜	cuo	3808772590
䱝	bei	3808731109
䱝	pai	3808689628
䱟	ju	3808648147
䱡	ju	3808606666
䱤	xian	3808565185
䱥	ji	3808523704
䱥	zhi	3808482223
䱭	geng	3808440742
䱱	di	3808399261
䱱	ti	3808357780
䱴	geng	3808316299
䱵	weng	3808274818
䱸	qiu	3808233337
䱸	sou	3808191856
䱹	zha	3808150375
䱻	hua	3808108894
䱾	lou	3808067413
䲀	zhi	3808025932
䲅	gui	3807984451
䲉	si	3807942970
䲎	nei	3807901489
䲏	lao	3807860008
䲑	yi	3807818527
䲕	pu	3807777046
䲗	xian	3807735565
䲙	jie	3807694084
䲚	lai	3807652603
䲛	meng	3807611122
䲨	hong	3807569641
䲸	jie	3807528160
䲹	pi	3807486679
䲼	sheng	3807445198
䳂	chao	3807403717
䳂	diao	3807362236
䳂	tiao	3807320755
䳂	xiao	3807279274
䳅	zhi	3807237793
䳆	bai	3807196312
䳇	wu	3807154831
䳍	gong	3807113350
䳏	gui	3807071869
䳏	jue	3807030388
䳑	you	3806988907
䳒	yuan	3806947426
䳓	lao	3806905945
䳕	fu	3806864464
䳚	he	3806822983
䳚	kan	3806781502
䳜	tu	3806740021
䳟	ming	3806698540
䳡	yan	3806657059
䳡	zhui	3806615578
䳢	qi	3806574097
䳤	bie	3806532616
䳧	hou	3806491135
䳨	huang	3806449654
䳫	kui	3806408173
䳭	ji	3806366692
䳮	mo	3806325211
䳲	zhen	3806283730
䳺	yan	3806242249
䳽	he	3806200768
䳾	deng	3806159287
䴀	tong	3806117806
䴇	ling	3806076325
䴈	ao	3806034844
䴉	huan	3805993363
䴉	xuan	3805951882
䴊	yi	3805910401
䴋	huan	3805868920
䴋	xuan	3805827439
䴌	meng	3805785958
䴏	yan	3805744477
䴚	gang	3805702996
䴛	xiao	3805661515
䴝	chuai	3805620034
䴭	cai	3805578553
䴮	shan	3805537072
䴱	tuo	3805495591
䴲	mo	3805454110
䴳	hua	3805412629
䴴	nian	3805371148
䴴	tie	3805329667
䴵	bing	3805288186
䴷	huan	3805246705
䴷	hun	3805205224
䴸	fu	3805163743
䴹	guo	3805122262
䴹	hun	3805080781
䴹	luo	3805039300
䴺	bu	3804997819
䴽	pi	3804956338
䴾	cuo	3804914857
䵂	zhi	3804873376
䵃	huang	3804831895
䵃	kuang	3804790414
䵆	meng	3804748933
䵐	chan	3804707452
䵘	shai	3804665971
䵳	wei	3804624490
䵴	ying	3804583009
䵴	yun	3804541528
䵴	zeng	3804500047
䵶	gou	3804458566
䵶	qu	3804417085
䵷	wa	3804375604
䶕	ba	3804334123
䶗	ke	3804292642
䶗	qia	3804251161
䶢	jian	3804209680
䶢	xian	3804168199
䶣	ai	3804126718
䶣	gai	3804085237
䶦	ze	3804043756
䶧	yao	3804002275
䶨	zhan	3803960794
䶪	cha	3803919313
䶱	tong	3803877832
䶲	nan	3803836351
佇	zhu	3803794870
侖	lun	3803753389
侶	lv	3803711908
俓	jing	3803670427
俔	qian	3803628946
俔	xian	3803587465
俥	che	3803545984
俥	ju	3803504503
倀	chang	3803463022
倈	lai	3803421541
倈	lie	3803380060
倫	lun	3803338579
倲	dong	3803297098
偩	fu	3803255617
側	zhai	3803214136
傖	cang	3803172655
傪	ca	3803131174
傪	can	3803089693
傪	san	3803048212
傪	sen	3803006731
傱	shuang	3802965250
傱	song	3802923769
傴	yu	3802882288
僀	di	3802840807
僆	lian	3802799326
働	dong	3802757845
僑	qiao	3802716364
僓	tui	3802674883
僗	lao	3802633402
僤	dan	3802591921
僥	jiao	3802550440
僨	fen	3802508959
僩	xian	3802467478
僴	xian	3802425997
僾	ai	3802384516
儂	nong	3802343035
儅	dang	3802301554
儐	bin	3802260073
儖	lan	3802218592
儢	lv	3802177111
儥	di	3802135630
儥	du	3802094149
儥	yu	3802052668
儩	si	3802011187
儮	li	3801969706
儰	wei	3801928225
儱	long	3801886744
儸	luo	3801845263
儹	zan	3801803782
儺	nuo	3801762301
兌	dui	3801720820
冪	mi	3801679339
凔	cang	3801637858
凔	chuang	3801596377
凙	duo	3801554896
凜	lin	3801513415
凟	du	3801471934
凱	kai	3801430453
凴	ping	3801388972
剗	chan	3801347491
剝	bao	3801306010
剮	gua	3801264529
剴	kai	3801223048
剸	tuan	3801181567
劊	gui	3801140086
劗	jian	3801098605
劗	zuan	3801057124
勁	jing	3801015643
勑	chi	3800974162
勑	lai	3800932681
勛	xun	3800891200
勣	ji	3800849719
勴	lv	3800808238
匰	dan	3800766757
匱	gui	3800725276
匱	kui	3800683795
匵	du	3800642314
卨	xie	3800600833
厱	lan	3800559352
厱	qian	3800517871
吳	wu	3800476390
呂	lv	3800434909
唄	bai	3800393428
唊	jia	3800351947
唊	qian	3800310466
唓	che	3800268985
唚	qin	3800227504
唻	lai	3800186023
喎	wai	3800144542
喡	wei	3800103061
嗆	qiang	3800061580
嗇	se	3800020099
嗩	suo	3799978618
嗶	bi	3799937137
嗹	lian	3799895656
嗿	tan	3799854175
嘄	dao	3799812694
嘄	jiao	3799771213
嘇	can	3799729732
嘇	shan	3799688251
嘇	shen	3799646770
嘓	guo	3799605289
嘔	ou	3799563808
嘖	ze	3799522327
嘪	mai	3799480846
嘮	lao	3799439365
嘰	ji	3799397884
嘳	kui	3799356403
嘵	xiao	3799314922
嘸	fu	3799273441
嘸	mu	3799231960
嘸	wu	3799190479
嘺	qiao	3799148998
嘽	chan	3799107517
嘽	dan	3799066036
嘽	tan	3799024555
嘽	tuo	3798983074
噁	wo	3798941593
噞	yan	3798900112
噠	da	3798858631
噥	nong	3798817150
噦	hui	3798775669
噦	yue	3798734188
噧	xie	3798692707
噯	ai	3798651226
噲	kuai	3798609745
嚂	han	3798568264
嚂	lan	3798526783
嚈	ye	3798485302
嚌	ji	3798443821
嚍	jin	3798402340
嚐	chang	3798360859
嚕	lu	3798319378
嚛	hu	3798277897
嚛	yo	3798236416
嚝	hong	3798194935
嚠	liu	3798153454
嚧	lu	3798111973
嚩	mo	3798070492
嚪	dan	3798029011
嚫	chen	3797987530
嚬	pin	3797946049
嚱	xi	3797904568
嚸	dian	3797863087
嚽	chuo	3797821606
嚿	huo	3797780125
囀	zhuan	3797738644
囁	nie	3797697163
囂	xiao	3797655682
囃	ca	3797614201
囃	za	3797572720
囃	zha	3797531239
囇	li	3797489758
囈	yi	3797448277
囋	can	3797406796
囋	za	3797365315
囋	zan	3797323834
囐	e	3797282353
囐	nie	3797240872
囐	yan	3797199391
囐	za	3797157910
囒	lan	3797116429
囕	lan	3797074948
圞	luan	3797033467
垷	xian	3796991986
垻	bei	3796950505
埉	jia	3796909024
埉	xia	3796867543
埨	lun	3796826062
埬	dong	3796784581
堈	gang	3796743100
堚	hun	3796701619
堯	yao	3796660138
塋	ying	3796618657
塢	wu	3796577176
塸	ou	3796535695
塹	qian	3796494214
塼	zhuan	3796452733
塿	lou	3796411252
墆	di	3796369771
墆	zhi	3796328290
墋	chen	3796286809
墏	qiang	3796245328
墝	qiao	3796203847
墠	shan	3796162366
墢	ba	3796120885
墢	fei	3796079404
墧	qiao	3796037923
墧	que	3795996442
墷	ye	3795954961
墿	tu	3795913480
墿	yi	3795871999
壍	qian	3795830518
壏	lan	3795789037
壏	xian	3795747556
壐	xi	3795706075
壒	ai	3795664594
壔	dao	3795623113
壗	jin	3795581632
壚	lu	3795540151
壛	yan	3795498670
壝	wei	3795457189
壢	li	3795415708
壣	lin	3795374227
壧	yan	3795332746
奧	ao	3795291265
奫	yun	3795249784
奯	huo	3795208303
奲	che	3795166822
奲	duo	3795125341
妝	zhuang	3795083860
娙	xing	3795042379
婡	lai	3795000898
婭	ya	3794959417
婸	dang	3794917936
婸	yang	3794876455
媁	wei	3794834974
媈	hui	3794793493
媜	zheng	3794752012
媰	chu	3794710531
媰	zou	3794669050
嫈	ying	3794627569
嫗	yu	3794586088
嫢	gui	3794544607
嫢	zui	3794503126
嫥	tuan	3794461645
嫥	zhuan	3794420164
嫧	ce	3794378683
嫧	ze	3794337202
嬅	hua	3794295721
嬇	kui	3794254240
嬈	rao	3794212759
嬋	chan	3794171278
嬐	jin	3794129797
嬐	xian	3794088316
嬐	yan	3794046835
嬒	hui	3794005354
嬙	qiang	3793963873
嬝	niao	3793922392
嬟	yi	3793880911
嬣	ning	3793839430
嬤	ma	3793797949
嬦	chou	3793756468
嬧	jin	3793714987
嬪	pin	3793673506
嬮	yan	3793632025
嬻	du	3793590544
嬾	lan	3793549063
孄	lan	3793507582
孆	ying	3793466101
孇	shuang	3793424620
孋	li	3793383139
孎	chuo	3793341658
孎	shu	3793300177
孎	zhu	3793258696
孏	lan	3793217215
孲	ya	3793175734
孻	lai	3793134253
孻	nai	3793092772
孾	ying	3793051291
寠	ju	3793009810
寢	qin	3792968329
寪	wei	3792926848
寵	chong	3792885367
寷	feng	3792843886
將	qiang	3792802405
尷	gan	3792760924
屓	xie	3792719443
屨	ju	3792677962
屩	jue	3792636481
崍	lai	3792595000
崙	lun	3792553519
崠	dong	3792512038
崢	zheng	3792470557
崱	ze	3792429076
崵	dang	3792387595
崵	yang	3792346114
嵷	song	3792304633
嵸	zong	3792263152
嵽	di	3792221671
嵽	die	3792180190
嵾	cen	3792138709
嶈	qiang	3792097228
嶔	qin	3792055747
嶠	jiao	3792014266
嶤	yao	3791972785
嶩	nao	3791931304
嶪	ye	3791889823
嶹	dao	3791848342
嶽	yue	3791806861
巃	long	3791765380
巄	long	3791723899
巆	hong	3791682418
巆	rong	3791640937
巆	ying	3791599456
巊	ying	3791557975
巑	cuan	3791516494
巔	dian	3791475013
巖	yan	3791433532
巗	yan	3791392051
巘	yan	3791350570
巚	yan	3791309089
巠	jing	3791267608
巠	xing	3791226127
帴	jian	3791184646
帴	san	3791143165
幀	zhen	3791101684
幀	zheng	3791060203
幃	wei	3791018722
幓	qiao	3790977241
幓	shan	3790935760
幓	shen	3790894279
幘	ze	3790852798
幠	hu	3790811317
幩	fen	3790769836
幬	chou	3790728355
幬	dao	3790686874
幰	xian	3790645393
幱	lan	3790603912
庲	lai	3790562431
廔	lou	3790520950
廕	yin	3790479469
廗	dai	3790437988
廞	xin	3790396507
廡	wu	3790355026
廥	kuai	3790313545
廧	qiang	3790272064
廩	lin	3790230583
廮	ying	3790189102
弳	jing	3790147621
強	jiang	3790106140
彄	kou	3790064659
彍	guo	3790023178
彥	yan	3789981697
徿	long	3789940216
悏	qie	3789898735
悓	qian	3789857254
悵	chang	3789815773
惀	lun	3789774292
愇	wei	3789732811
愜	qie	3789691330
愩	gong	3789649849
愩	hong	3789608368
愴	chuang	3789566887
愷	kai	3789525406
愾	kai	3789483925
慐	gong	3789442444
慐	hong	3789400963
慖	guo	3789359482
慙	can	3789318001
慯	shang	3789276520
慱	tuan	3789235039
慲	man	3789193558
慳	qian	3789152077
慸	chi	3789110596
慸	di	3789069115
慹	zhe	3789027634
慹	zhi	3788986153
慺	lou	3788944672
慺	lv	3788903191
憅	tong	3788861710
憍	jiao	3788820229
憒	kui	3788778748
憚	dan	3788737267
憢	jiao	3788695786
憢	xiao	3788654305
憦	lao	3788612824
憪	xian	3788571343
憴	sheng	3788529862
憸	xian	3788488381
憹	nang	3788446900
憹	nao	3788405419
憹	nong	3788363938
懓	ai	3788322457
懕	yan	3788280976
懕	ye	3788239495
懘	chi	3788198014
懙	yu	3788156533
懜	meng	3788115052
懠	qi	3788073571
懣	men	3788032090
懨	yan	3787990609
懩	yang	3787949128
懫	zhi	3787907647
懭	kuang	3787866166
懰	liu	3787824685
懾	she	3787783204
戁	nan	3787741723
戃	tang	3787700242
戇	gang	3787658761
戇	zhuang	3787617280
戧	qiang	3787575799
捫	men	3787534318
掁	cheng	3787492837
掆	gang	3787451356
掗	ya	3787409875
掚	liang	3787368394
搊	chou	3787326913
搎	sun	3787285432
摀	wu	3787243951
摃	gang	3787202470
摃	kang	3787160989
摋	sa	3787119508
摋	sha	3787078027
摋	shai	3787036546
摐	chuang	3786995065
摑	guai	3786953584
摑	guo	3786912103
摕	di	3786870622
摕	tu	3786829141
摕	zhi	3786787660
摙	lian	3786746179
摪	jiang	3786704698
摪	qiang	3786663217
摫	gui	3786621736
摯	zhi	3786580255
摲	chan	3786538774
摲	shan	3786497293
摳	kou	3786455812
摶	tuan	3786414331
摻	can	3786372850
摻	chan	3786331369
摻	shan	3786289888
摼	keng	3786248407
摼	qian	3786206926
撊	xian	3786165445
撋	ruan	3786123964
撌	gui	3786082483
撏	xian	3786041002
撓	nao	3785999521
撝	hui	3785958040
撟	jiao	3785916559
撣	dan	3785875078
撧	jue	3785833597
撳	qin	3785792116
撶	hua	3785750635
撻	ta	3785709154
撾	wo	3785667673
撾	zhua	3785626192
擃	nang	3785584711
擄	lu	3785543230
擇	zhai	3785501749
擈	pu	3785460268
擟	mi	3785418787
擣	dao	3785377306
擥	lan	3785335825
擧	ju	3785294344
擪	ye	3785252863
擫	ye	3785211382
擳	jie	3785169901
擳	zhi	3785128420
擷	xie	3785086939
擻	sou	3785045458
攋	la	3785003977
攋	lai	3784962496
攎	lu	3784921015
攎	luo	3784879534
攑	qian	3784838053
攖	ying	3784796572
攛	cuan	3784755091
攞	luo	3784713610
攢	cuan	3784672129
攦	li	3784630648
攦	shai	3784589167
攧	dian	3784547686
攩	dang	3784506205
攬	lan	3784464724
攳	xun	3784423243
敳	ai	3784381762
敺	qu	3784340281
敿	jiao	3784298800
斁	yi	3784257319
斂	lian	3784215838
斄	li	3784174357
斄	tai	3784132876
斬	zhan	3784091395
斸	zhu	3784049914
旝	guai	3784008433
旝	kuai	3783966952
旟	yu	3783925471
昜	yang	3783883990
晉	jin	3783842509
晛	xian	3783801028
暉	hui	3783759547
暊	xu	3783718066
暐	wei	3783676585
暟	kai	3783635104
暫	zhan	3783593623
曇	tan	3783552142
曊	fei	3783510661
曭	tang	3783469180
曮	yan	3783427699
柵	shan	3783386218
柵	zha	3783344737
桱	jing	3783303256
梖	bei	3783261775
梜	jia	3783220294
梟	xiao	3783178813
棆	lun	3783137332
棟	dong	3783095851
棧	zhan	3783054370
椏	ya	3783012889
椚	men	3782971408
椲	hui	3782929927
椲	wei	3782888446
楇	guo	3782846965
楇	huo	3782805484
楇	kua	3782764003
楎	hui	3782722522
楎	hun	3782681041
楓	feng	3782639560
楨	zhen	3782598079
榝	sha	3782556598
榝	xie	3782515117
榯	shi	3782473636
槫	quan	3782432155
槫	shuan	3782390674
槫	tuan	3782349193
槮	sen	3782307712
槻	gui	3782266231
樅	cong	3782224750
樠	man	3782183269
樠	men	3782141788
樢	mu	3782100307
樢	niao	3782058826
樲	er	3782017345
樻	kui	3781975864
樿	shan	3781934383
樿	zhan	3781892902
橃	fa	3781851421
橃	fei	3781809940
橅	mo	3781768459
橈	rao	3781726978
橚	su	3781685497
橨	fei	3781644016
橨	fen	3781602535
橯	lao	3781561054
橺	xian	3781519573
檂	nong	3781478092
檋	ju	3781436611
檒	feng	3781395130
檛	zhua	3781353649
檜	gui	3781312168
檜	hui	3781270687
檡	shi	3781229206
檡	tu	3781187725
檡	zhai	3781146244
檣	qiang	3781104763
檥	yi	3781063282
檰	mian	3781021801
檲	tuan	3780980320
檳	bin	3780938839
檳	bing	3780897358
檵	ji	3780855877
檵	qi	3780814396
檻	jian	3780772915
檾	qing	3780731434
檿	yan	3780689953
櫅	ji	3780648472
櫍	zhi	3780606991
櫎	gu	3780565510
櫎	guang	3780524029
櫎	guo	3780482548
櫎	huang	3780441067
櫏	qian	3780399586
櫓	lu	3780358105
櫚	lv	3780316624
櫛	jie	3780275143
櫛	zhi	3780233662
櫝	du	3780192181
櫞	yuan	3780150700
櫟	li	3780109219
櫠	fei	3780067738
櫢	sou	3780026257
櫦	qing	3779984776
櫩	yan	3779943295
櫬	chen	3779901814
櫯	su	3779860333
櫱	nie	3779818852
櫳	long	3779777371
櫴	lai	3779735890
櫶	xian	3779694409
櫹	xiao	3779652928
櫻	ying	3779611447
櫽	yin	3779569966
欆	shuang	3779528485
欇	she	3779487004
欏	luo	3779445523
欐	li	3779404042
欑	cuan	3779362561
欑	zuan	3779321080
欓	dang	3779279599
欓	tang	3779238118
欘	zhu	3779196637
欞	ling	3779155156
歄	gua	3779113675
歍	wu	3779072194
歍	yang	3779030713
歕	pen	3778989232
歗	xiao	3778947751
歛	han	3778906270
歛	lian	3778864789
歞	e	3778823308
殞	yun	3778781827
殢	ti	3778740346
殨	hui	3778698865
殨	kui	3778657384
殫	dan	3778615903
殮	lian	3778574422
毄	ji	3778532941
毆	ou	3778491460
毊	xiao	3778449979
毚	chan	3778408498
毿	san	3778367017
氀	dou	3778325536
氀	lv	3778284055
氀	shu	3778242574
氀	yu	3778201093
氂	li	3778159612
氌	lu	3778118131
氭	dong	3778076650
浹	jia	3778035169
浿	pei	3777993688
涇	jing	3777952207
涷	dong	3777910726
淪	lun	3777869245
淵	yuan	3777827764
渙	huan	3777786283
渦	guo	3777744802
湯	shang	3777703321
溡	shi	3777661840
溤	ma	3777620359
溰	ai	3777578878
滄	cang	3777537397
滎	xing	3777495916
滭	bi	3777454435
滯	zhi	3777412954
滸	hu	3777371473
漍	guo	3777329992
漎	cong	3777288511
漐	zhi	3777247030
漙	tuan	3777205549
漚	ou	3777164068
漣	lian	3777122587
漬	zi	3777081106
潁	ying	3777039625
潣	min	3776998144
潬	shan	3776956663
潬	tan	3776915182
澀	se	3776873701
澇	lao	3776832220
澒	hong	3776790739
澕	he	3776749258
澖	xian	3776707777
澗	jian	3776666296
澠	mian	3776624815
澠	sheng	3776583334
澢	dang	3776541853
澤	ze	3776500372
澩	xiao	3776458891
澩	xue	3776417410
澫	man	3776375929
澫	wan	3776334448
澬	zi	3776292967
澰	lian	3776251486
濄	guo	3776210005
濄	wo	3776168524
濆	fen	3776127043
濇	se	3776085562
濊	hui	3776044081
濘	ning	3776002600
濰	wei	3775961119
濴	ying	3775919638
濾	lv	3775878157
濿	li	3775836676
瀁	yang	3775795195
瀄	zhi	3775753714
瀆	du	3775712233
瀇	wang	3775670752
瀈	hui	3775629271
瀉	xie	3775587790
瀏	liu	3775546309
瀕	bin	3775504828
瀗	xian	3775463347
瀙	qin	3775421866
瀢	dui	3775380385
瀢	wei	3775338904
瀧	long	3775297423
瀧	shuang	3775255942
瀭	shu	3775214461
瀯	ying	3775172980
瀳	jian	3775131499
瀴	ying	3775090018
瀾	lan	3775048537
灍	jue	3775007056
灍	que	3774965575
灒	zan	3774924094
灓	luan	3774882613
灟	zhu	3774841132
灠	lan	3774799651
灦	xian	3774758170
烴	ting	3774716689
焛	lin	3774675208
煇	hui	3774633727
煈	feng	3774592246
煥	huan	3774550765
煬	yang	3774509284
煼	chao	3774467803
熂	xi	3774426322
熅	yun	3774384841
熒	ying	3774343360
熕	gong	3774301879
熞	jian	3774260398
熰	ou	3774218917
熾	chi	3774177436
燀	chan	3774135955
燁	ye	3774094474
燆	qiao	3774052993
燆	xiao	3774011512
燌	ben	3773970031
燌	fen	3773928550
燖	xun	3773887069
燘	mei	3773845588
燜	men	3773804107
燡	yi	3773762626
燰	wei	3773721145
燵	da	3773679664
燽	chou	3773638183
燾	dao	3773596702
爁	lan	3773555221
爃	rong	3773513740
爄	li	3773472259
爄	lie	3773430778
爓	yan	3773389297
爖	long	3773347816
爗	ye	3773306335
爣	tang	3773264854
爥	zhu	3773223373
爧	ling	3773181892
牋	jian	3773140411
牘	du	3773098930
牼	keng	3773057449
犅	gang	3773015968
犓	chu	3772974487
犞	qiao	3772933006
犞	se	3772891525
犢	du	3772850044
犤	pai	3772808563
猌	yin	3772767082
猍	lai	3772725601
猧	wo	3772684120
猻	sun	3772642639
獊	cang	3772601158
獑	chan	3772559677
獖	ben	3772518196
獖	fen	3772476715
獟	xiao	3772435234
獟	yao	3772393753
獢	xiao	3772352272
獩	hui	3772310791
獰	ning	3772269310
獹	lu	3772227829
獺	ta	3772186348
玂	qi	3772144867
珼	bei	3772103386
琖	zhan	3772061905
瑒	chang	3772020424
瑒	dang	3771978943
瑒	yang	3771937462
瑤	yao	3771895981
瑪	ma	3771854500
瑻	kun	3771813019
瑽	cong	3771771538
璊	men	3771730057
璍	ye	3771688576
璕	xun	3771647095
璗	dang	3771605614
璛	su	3771564133
璝	gui	3771522652
璣	ji	3771481171
璹	shu	3771439690
璼	lan	3771398209
璽	xi	3771356728
璾	ji	3771315247
璾	zi	3771273766
瓄	du	3771232285
瓅	li	3771190804
瓐	lu	3771149323
瓓	lan	3771107842
瓕	mi	3771066361
瓕	xi	3771024880
甊	lou	3770983399
甌	ou	3770941918
甒	wu	3770900437
甖	ying	3770858956
疇	chou	3770817475
痙	jing	3770775994
痮	zhang	3770734513
瘑	guo	3770693032
瘒	wen	3770651551
瘞	yi	3770610070
瘡	chuang	3770568589
瘧	nve	3770527108
瘧	yao	3770485627
瘱	yi	3770444146
瘲	zong	3770402665
癆	lao	3770361184
癈	fei	3770319703
癉	dan	3770278222
癎	xian	3770236741
癐	gui	3770195260
癠	ji	3770153779
癤	jie	3770112298
癩	lai	3770070817
癪	ji	3770029336
癬	xuan	3769987855
癭	ying	3769946374
癮	yin	3769904893
癱	tan	3769863412
癲	dian	3769821931
癴	luan	3769780450
皪	li	3769738969
皾	du	3769697488
盧	lu	3769656007
盨	xu	3769614526
盪	tang	3769573045
眥	zi	3769531564
睍	xian	3769490083
睔	gun	3769448602
睔	huan	3769407121
睔	lun	3769365640
睪	yi	3769324159
睴	gun	3769282678
瞓	fen	3769241197
瞓	xun	3769199716
瞘	kou	3769158235
瞛	cong	3769116754
瞜	lou	3769075273
瞜	lv	3769033792
瞡	gui	3768992311
瞤	run	3768950830
瞤	shun	3768909349
瞯	jian	3768867868
瞯	xian	3768826387
瞱	ye	3768784906
瞶	gui	3768743425
瞶	kui	3768701944
瞶	wei	3768660463
瞷	jian	3768618982
矉	pin	3768577501
矊	mian	3768536020
矑	lu	3768494539
矓	long	3768453058
矕	man	3768411577
矖	li	3768370096
矖	xi	3768328615
矘	tang	3768287134
矲	ba	3768245653
硯	yan	3768204172
碙	gang	3768162691
碙	nao	3768121210
碢	tuo	3768079729
碩	shuo	3768038248
磑	ai	3767996767
磑	wei	3767955286
磒	yun	3767913805
磣	chen	3767872324
磧	qi	3767830843
磯	ji	3767789362
磱	lao	3767747881
磵	jian	3767706400
磽	qiao	3767664919
磾	di	3767623438
礋	ze	3767581957
礏	ye	3767540476
礐	hu	3767498995
礐	que	3767457514
礚	ke	3767416033
礛	jian	3767374552
礥	xian	3767333071
礥	xin	3767291590
礩	zhi	3767250109
礪	li	3767208628
礮	pao	3767167147
礰	li	3767125666
礱	long	3767084185
礲	long	3767042704
礹	yan	3767001223
祿	lu	3766959742
禓	shang	3766918261
禓	yang	3766876780
禜	yong	3766835299
禪	chan	3766793818
禪	shan	3766752337
禬	gui	3766710856
禯	nong	3766669375
禵	ti	3766627894
稦	yi	3766586413
穌	su	3766544932
穖	ji	3766503451
穠	nong	3766461970
穡	se	3766420489
穢	hui	3766379008
穧	ji	3766337527
穨	tui	3766296046
穬	kuang	3766254565
窱	tiao	3766213084
窵	diao	3766171603
窶	ju	3766130122
窺	kui	3766088641
竀	cheng	3766047160
竅	qiao	3766005679
竇	dou	3765964198
竉	long	3765922717
竱	zhuan	3765881236
筴	ce	3765839755
箂	lai	3765798274
箋	jian	3765756793
箏	zheng	3765715312
箹	chuo	3765673831
箹	yao	3765632350
箹	yue	3765590869
篋	qie	3765549388
篢	gong	3765507907
篢	long	3765466426
篤	du	3765424945
篸	can	3765383464
篸	cen	3765341983
篸	zan	3765300502
篿	tuan	3765259021
篿	zhuan	3765217540
簂	gui	3765176059
簂	guo	3765134578
簜	dang	3765093097
簞	dan	3765051616
簢	min	3765010135
簥	jiao	3764968654
簵	du	3764927173
簵	lu	3764885692
簻	ke	3764844211
簻	zhua	3764802730
籋	mi	3764761249
籋	nie	3764719768
籌	chou	3764678287
籙	lu	3764636806
籚	lu	3764595325
籟	lai	3764553844
籢	lian	3764512363
籣	lan	3764470882
籦	zhong	3764429401
籫	zuan	3764387920
籭	si	3764346439
籯	ying	3764304958
粯	xian	3764263477
粵	yue	3764221996
粻	zhang	3764180515
糮	xian	3764139034
糲	li	3764097553
糷	lan	3764056072
糺	jiu	3764014591
糽	zheng	3763973110
紁	cha	3763931629
紂	zhou	3763890148
紃	xun	3763848667
約	yao	3763807186
紆	yu	3763765705
紇	ge	3763724224
紇	he	3763682743
紈	wan	3763641262
紉	ren	3763599781
紌	qiu	3763558300
紑	fou	3763516819
紒	ji	3763475338
紒	jie	3763433857
紓	shu	3763392376
紕	pi	3763350895
紞	dan	3763309414
紟	jin	3763267933
紤	jiu	3763226452
紨	fu	3763184971
紩	zhi	3763143490
紬	chou	3763102009
紭	hong	3763060528
紲	xie	3763019047
紶	qu	3762977566
紸	zhu	3762936085
紽	tuo	3762894604
紾	zhen	3762853123
絀	chu	3762811642
絁	shi	3762770161
絃	xian	3762728680
絅	jiong	3762687199
絆	ban	3762645718
絇	qu	3762604237
絍	ren	3762562756
絑	zhu	3762521275
絓	gua	3762479794
絓	kua	3762438313
絖	kuang	3762396832
絘	ci	3762355351
絙	geng	3762313870
絙	huan	3762272389
絚	geng	3762230908
絟	quan	3762189427
絠	ai	3762147946
絠	gai	3762106465
絡	lao	3762064984
絣	beng	3762023503
絣	bing	3761982022
絤	xian	3761940541
絥	fu	3761899060
絧	dong	3761857579
絧	tong	3761816098
絪	yin	3761774617
絯	gai	3761733136
絯	hai	3761691655
絰	die	3761650174
絳	jiang	3761608693
絸	jian	3761567212
絺	chi	3761525731
絻	mian	3761484250
絼	zhen	3761442769
絽	lv	3761401288
絾	cheng	3761359807
絿	qiu	3761318326
綄	huan	3761276845
綄	wan	3761235364
綅	qin	3761193883
綈	ti	3761152402
綉	tou	3761110921
綊	xie	3761069440
綋	hong	3761027959
綍	fu	3760986478
綎	ting	3760944997
綏	sui	3760903516
綕	zhi	3760862035
綖	yan	3760820554
綘	feng	3760779073
綜	zeng	3760737592
綝	chen	3760696111
綝	shen	3760654630
綟	li	3760613149
綟	lie	3760571668
綠	lu	3760530187
綡	liang	3760488706
綣	quan	3760447225
綧	zhun	3760405744
綪	qian	3760364263
綬	shou	3760322782
綰	wan	3760281301
綴	chuo	3760239820
綵	cai	3760198339
綷	cui	3760156858
綷	zu	3760115377
綺	qi	3760073896
綻	zhan	3760032415
綼	bi	3759990934
綽	chao	3759949453
綽	chuo	3759907972
綾	ling	3759866491
緀	qi	3759825010
緁	jie	3759783529
緁	qie	3759742048
緂	chan	3759700567
緂	tan	3759659086
緂	tian	3759617605
緅	zou	3759576124
緆	xi	3759534643
緇	zi	3759493162
緉	liang	3759451681
緌	rui	3759410200
緎	yu	3759368719
総	zong	3759327238
緗	xiang	3759285757
緘	jian	3759244276
緛	ruan	3759202795
緝	ji	3759161314
緝	qi	3759119833
緟	chong	3759078352
緟	zhong	3759036871
緢	mao	3758995390
緢	miao	3758953909
緤	xie	3758912428
緧	qiu	3758870947
緪	geng	3758829466
緫	cong	3758787985
緬	mian	3758746504
緮	fu	3758705023
緵	zong	3758663542
緷	gun	3758622061
緷	yun	3758580580
緹	ti	3758539099
緺	gua	3758497618
緼	wen	3758456137
緼	yun	3758414656
緾	chan	3758373175
縈	ying	3758331694
縌	ni	3758290213
縍	bang	3758248732
縎	gu	3758207251
縎	hu	3758165770
縐	zhou	3758124289
縑	jian	3758082808
縒	ci	3758041327
縒	cuo	3757999846
縒	suo	3757958365
縓	quan	3757916884
縖	xia	3757875403
縚	tao	3757833922
縜	yun	3757792441
縞	gao	3757750960
縡	zai	3757709479
縩	cai	3757667998
縪	bi	3757626517
縭	li	3757585036
縯	yan	3757543555
縯	yin	3757502074
縰	xi	3757460593
縵	man	3757419112
縸	mo	3757377631
縸	mu	3757336150
縼	xuan	3757294669
縿	shan	3757253188
繀	cui	3757211707
繀	sui	3757170226
繂	lv	3757128745
繆	miao	3757087264
繆	mou	3757045783
繈	qiang	3757004302
繎	ran	3756962821
繐	sui	3756921340
繑	jue	3756879859
繑	qiao	3756838378
繒	zeng	3756796897
繖	san	3756755416
繗	lin	3756713935
繘	yu	3756672454
繙	fan	3756630973
繚	liao	3756589492
繜	zun	3756548011
繟	chan	3756506530
繣	hua	3756465049
繨	da	3756423568
繬	se	3756382087
繰	qiao	3756340606
繰	sao	3756299125
繰	zao	3756257644
繲	xie	3756216163
繵	chan	3756174682
繵	dan	3756133201
繵	tan	3756091720
繶	yi	3756050239
繷	nong	3756008758
繹	yi	3755967277
繻	xu	3755925796
繾	qian	3755884315
纀	fu	3755842834
纀	pu	3755801353
纁	xun	3755759872
纃	qi	3755718391
纆	mo	3755676910
纈	xie	3755635429
纊	kuang	3755593948
纋	you	3755552467
纑	lu	3755510986
纓	ying	3755469505
纕	rang	3755428024
纕	xiang	3755386543
纗	zui	3755345062
纙	luo	3755303581
纚	li	3755262100
纚	xi	3755220619
纜	lan	3755179138
缽	bo	3755137657
罆	guan	3755096176
罌	ying	3755054695
罏	lu	3755013214
罼	bi	3754971733
羂	juan	3754930252
羆	pi	3754888771
羈	ji	3754847290
羵	fen	3754805809
翜	sha	3754764328
翬	hui	3754722847
翿	dao	3754681366
耬	lou	3754639885
聵	kui	3754598404
聹	ning	3754556923
聻	jian	3754515442
聻	ni	3754473961
聾	long	3754432480
脈	mo	3754390999
脛	jing	3754349518
腎	shen	3754308037
腡	luo	3754266556
膒	ou	3754225075
膕	guo	3754183594
膞	chuan	3754142113
膞	chun	3754100632
膞	zhuan	3754059151
膩	ni	3754017670
膮	xiao	3753976189
膴	hu	3753934708
膶	run	3753893227
膷	xiang	3753851746
膹	fen	3753810265
膿	nong	3753768784
臍	qi	3753727303
臚	lu	3753685822
臡	luan	3753644341
臡	ni	3753602860
臢	za	3753561379
臢	zang	3753519898
臤	qian	3753478417
臤	qin	3753436936
臤	xian	3753395455
艛	lou	3753353974
艜	dai	3753312493
艫	lu	3753271012
艭	shuang	3753229531
芻	chu	3753188050
茲	zi	3753146569
莢	jia	3753105088
莧	xian	3753063607
菕	lun	3753022126
萊	lai	3752980645
萯	bei	3752939164
萯	fu	3752897683
葝	jing	3752856202
葝	qing	3752814721
葷	hun	3752773240
葷	xun	3752731759
葻	lan	3752690278
蒍	e	3752648797
蒍	hua	3752607316
蒍	kui	3752565835
蒍	wei	3752524354
蒒	shi	3752482873
蒔	shi	3752441392
蒭	chu	3752399911
蒳	na	3752358430
蒶	fen	3752316949
蓮	lian	3752275468
蓲	fu	3752233987
蓲	ou	3752192506
蓲	qiu	3752151025
蓲	xu	3752109544
蓽	bi	3752068063
蔄	man	3752026582
蔎	she	3751985101
蔞	lou	3751943620
蔠	zhong	3751902139
蔣	jiang	3751860658
蔦	niao	3751819177
蔪	jian	3751777696
蔪	shan	3751736215
蔭	yin	3751694734
蔮	guo	3751653253
蔯	chen	3751611772
蔱	sha	3751570291
蕁	qian	3751528810
蕁	tan	3751487329
蕁	xun	3751445848
蕄	meng	3751404367
蕑	jian	3751362886
蕝	jue	3751321405
蕟	fa	3751279924
蕟	fei	3751238443
蕡	fen	3751196962
蕧	fu	3751155481
蕪	wu	3751114000
蕭	xiao	3751072519
蕳	jian	3751031038
蕽	nong	3750989557
薆	ai	3750948076
薉	hui	3750906595
薉	wei	3750865114
薊	ji	3750823633
薋	ci	3750782152
薋	zi	3750740671
薔	qiang	3750699190
薖	ke	3750657709
薟	kan	3750616228
薟	lian	3750574747
薟	xian	3750533266
薟	yan	3750491785
薠	fan	3750450304
薱	dui	3750408823
薲	pin	3750367342
薵	chou	3750325861
薵	dao	3750284380
薵	zhou	3750242899
薺	ji	3750201418
薺	qi	3750159937
藇	xu	3750118456
藖	qian	3750076975
藖	xian	3750035494
藘	lv	3749994013
藚	xu	3749952532
藣	bei	3749911051
藪	sou	3749869570
藬	tui	3749828089
藭	qiong	3749786608
藰	liu	3749745127
藷	shu	3749703646
藺	lin	3749662165
藾	lai	3749620684
蘈	tui	3749579203
蘋	pin	3749537722
蘚	xian	3749496241
蘞	lian	3749454760
蘟	yin	3749413279
蘡	ying	3749371798
蘢	long	3749330317
蘫	han	3749288836
蘫	lan	3749247355
蘬	gui	3749205874
蘬	hui	3749164393
蘬	kui	3749122912
蘭	lan	3749081431
蘱	lei	3749039950
蘵	zhi	3748998469
蘹	huai	3748956988
虅	teng	3748915507
虉	yi	3748874026
虦	zhan	3748832545
蛵	xing	3748791064
蛻	tui	3748749583
蛼	che	3748708102
蜦	lun	3748666621
蜸	qian	3748625140
蜽	liang	3748583659
蝀	dong	3748542178
蝁	e	3748500697
蝜	fu	3748459216
蝸	gua	3748417735
螄	si	3748376254
螘	yi	3748334773
螴	chen	3748293292
螹	chan	3748251811
螹	jian	3748210330
蟂	xiao	3748168849
蟈	guo	3748127368
蟘	te	3748085887
蟜	jiao	3748044406
蟡	gui	3748002925
蟦	ben	3747961444
蟦	fei	3747919963
蟯	nao	3747878482
蟱	mou	3747837001
蟱	wu	3747795520
蟳	xun	3747754039
蟶	cheng	3747712558
蟷	dang	3747671077
蟽	da	3747629596
蠀	ci	3747588115
蠀	ji	3747546634
蠁	xiang	3747505153
蠈	zei	3747463672
蠌	ze	3747422191
蠒	jian	3747380710
蠙	bin	3747339229
蠙	pin	3747297748
蠞	jie	3747256267
蠣	li	3747214786
蠦	lu	3747173305
蠨	xiao	3747131824
蠪	long	3747090343
蠱	gu	3747048862
蠳	ying	3747007381
蠾	shu	3746965900
蠾	zhu	3746924419
裊	niao	3746882938
裌	jia	3746841457
裲	liang	3746799976
褌	kun	3746758495
褭	niao	3746717014
褳	lian	3746675533
褺	die	3746634052
褻	xie	3746592571
襀	ji	3746551090
襂	sen	3746509609
襂	shan	3746468128
襓	rao	3746426647
襗	duo	3746385166
襗	yi	3746343685
襗	ze	3746302204
襘	gui	3746260723
襘	hui	3746219242
襛	nong	3746177761
襝	chan	3746136280
襝	lian	3746094799
襠	dang	3746053318
襨	dui	3746011837
襭	xie	3745970356
襰	lai	3745928875
襱	long	3745887394
襵	zhe	3745845913
襸	cuan	3745804432
襸	zan	3745762951
襹	shi	3745721470
襼	yi	3745679989
覒	mao	3745638508
覓	mi	3745597027
覔	mi	3745555546
覕	mie	3745514065
覕	pie	3745472584
覗	si	3745431103
覘	chan	3745389622
覘	zhan	3745348141
覛	mi	3745306660
覜	tiao	3745265179
覟	zhi	3745223698
覠	jun	3745182217
覢	shan	3745140736
覤	xi	3745099255
覩	du	3745057774
親	qing	3745016293
覫	pang	3744974812
覬	ji	3744933331
覭	ming	3744891850
覮	ying	3744850369
覰	qu	3744808888
覲	jin	3744767407
覴	deng	3744725926
覶	luan	3744684445
覶	luo	3744642964
覷	qu	3744601483
覸	jian	3744560002
覹	wei	3744518521
覻	qu	3744477040
覼	luo	3744435559
觴	shang	3744394078
觷	xue	3744352597
觹	xi	3744311116
觻	li	3744269635
觻	lu	3744228154
觽	xi	3744186673
訆	jiao	3744145192
訉	fan	3744103711
訌	hong	3744062230
訍	cha	3744020749
訍	chai	3743979268
訏	xu	3743937787
訑	yi	3743896306
訕	shan	3743854825
訖	qi	3743813344
託	tuo	3743771863
訛	e	3743730382
訜	bin	3743688901
訜	fen	3743647420
訞	yao	3743605939
訢	xin	3743564458
訣	jue	3743522977
訥	ne	3743481496
訦	chen	3743440015
訧	you	3743398534
訨	zhi	3743357053
訬	chao	3743315572
訯	sa	3743274091
訰	zhun	3743232610
訶	he	3743191129
訷	shen	3743149648
訸	he	3743108167
訹	xu	3743066686
訽	gou	3743025205
詃	jian	3742983724
詄	die	3742942243
詅	ling	3742900762
詇	yang	3742859281
詉	na	3742817800
詉	nao	3742776319
詉	nu	3742734838
詊	pan	3742693357
詌	gan	3742651876
詍	yi	3742610395
詏	yao	3742568914
詐	zha	3742527433
詑	tuo	3742485952
詑	yi	3742444471
詒	yi	3742402990
詓	qu	3742361509
詔	zhao	3742320028
詖	bi	3742278547
詗	xiong	3742237066
詘	qu	3742195585
詜	tao	3742154104
詝	zhu	3742112623
詠	yong	3742071142
詥	ge	3742029661
詥	he	3741988180
詨	jiao	3741946699
詨	xiao	3741905218
詪	hen	3741863737
詮	quan	3741822256
詯	hui	3741780775
詰	jie	3741739294
詴	wei	3741697813
詶	chou	3741656332
詶	zhou	3741614851
詷	dong	3741573370
詷	tong	3741531889
詺	ming	3741490408
詻	e	3741448927
詼	hui	3741407446
誁	bing	3741365965
誂	tiao	3741324484
誃	chi	3741283003
誃	yi	3741241522
誅	zhu	3741200041
誆	kuang	3741158560
誋	ji	3741117079
誎	cu	3741075598
誏	lang	3741034117
誐	e	3740992636
誑	kuang	3740951155
誔	ting	3740909674
誗	chan	3740868193
誙	keng	3740826712
誜	shua	3740785231
誧	bu	3740743750
誧	pu	3740702269
誨	hui	3740660788
誩	jing	3740619307
說	shui	3740577826
誫	zhen	3740536345
誰	shei	3740494864
誳	jue	3740453383
誳	qu	3740411902
誴	cong	3740370421
誷	wang	3740328940
誺	chi	3740287459
誺	lai	3740245978
誻	ta	3740204497
誽	na	3740163016
誽	ni	3740121535
諁	zhuo	3740080054
諂	chan	3740038573
諃	chen	3739997092
諄	zhun	3739955611
諆	qi	3739914130
諈	zhui	3739872649
諉	wei	3739831168
諌	dong	3739789687
諌	jian	3739748206
諍	zheng	3739706725
諎	cuo	3739665244
諎	jie	3739623763
諎	ze	3739582282
諎	zha	3739540801
諎	zuo	3739499320
諑	zhuo	3739457839
諓	jian	3739416358
諔	chu	3739374877
諔	ji	3739333396
諕	hao	3739291915
諘	biao	3739250434
諛	yu	3739208953
諜	die	3739167472
諟	shi	3739125991
諠	xuan	3739084510
諢	hun	3739043029
諣	gua	3739001548
諣	hua	3738960067
諥	zhong	3738918586
諧	xie	3738877105
諫	jian	3738835624
諭	yu	3738794143
諯	zhuan	3738752662
諰	ai	3738711181
諰	shai	3738669700
諰	xi	3738628219
諱	hui	3738586738
諲	yin	3738545257
諳	an	3738503776
諴	xian	3738462295
諵	nan	3738420814
諹	yang	3738379333
諻	huang	3738337852
諼	xuan	3738296371
諾	nuo	3738254890
謁	ye	3738213409
謅	zhou	3738171928
謆	shan	3738130447
謉	dui	3738088966
謉	gui	3738047485
謉	kui	3738006004
謉	tui	3737964523
謋	huo	3737923042
謌	ge	3737881561
謍	ying	3737840080
謎	mi	3737798599
謏	sou	3737757118
謏	xiao	3737715637
謐	mi	3737674156
謑	xi	3737632675
謔	nve	3737591194
謔	xue	3737549713
謗	bang	3737508232
謜	quan	3737466751
謜	yuan	3737425270
謞	he	3737383789
謞	xiao	3737342308
謟	tao	3737300827
謣	xu	3737259346
謣	yu	3737217865
謥	cong	3737176384
謨	mo	3737134903
謫	zhe	3737093422
謯	jie	3737051941
謯	zha	3737010460
謯	zu	3736968979
謰	lian	3736927498
謱	lou	3736886017
謱	lv	3736844536
謲	can	3736803055
謲	chen	3736761574
謲	san	3736720093
謲	zao	3736678612
謴	gun	3736637131
謵	che	3736595650
謵	xi	3736554169
謶	shu	3736512688
謶	zhe	3736471207
謶	zhuo	3736429726
謸	ao	3736388245
謻	chi	3736346764
謻	yi	3736305283
謼	hu	3736263802
謾	man	3736222321
譀	han	3736180840
譀	xian	3736139359
譁	hua	3736097878
譂	chan	3736056397
譂	dan	3736014916
譄	zeng	3735973435
譅	se	3735931954
譆	xi	3735890473
譇	zha	3735848992
譈	dui	3735807511
譊	nao	3735766030
譌	e	3735724549
譌	gui	3735683068
譌	wa	3735641587
譎	jue	3735600106
譐	zun	3735558625
譑	jiao	3735517144
譑	qiao	3735475663
譒	bo	3735434182
譓	hui	3735392701
譔	zhuan	3735351220
譖	zen	3735309739
識	zhi	3735268258
譙	qiao	3735226777
譚	tan	3735185296
譜	pu	3735143815
譞	xuan	3735102334
譟	zao	3735060853
譠	tan	3735019372
譡	dang	3734977891
譢	sui	3734936410
譧	lian	3734894929
譧	zhan	3734853448
譨	nang	3734811967
譨	nou	3734770486
譩	yi	3734729005
譳	nou	3734687524
譸	zhou	3734646043
譹	hao	3734604562
譺	ai	3734563081
譺	ni	3734521600
譺	yi	3734480119
譻	ying	3734438638
譼	jian	3734397157
譾	jian	3734355676
譿	hui	3734314195
讀	dou	3734272714
讂	xuan	3734231233
讆	wei	3734189752
讇	chan	3734148271
讉	tui	3734106790
讉	yi	3734065309
讌	yan	3734023828
讎	chou	3733982347
讑	yao	3733940866
讒	chan	3733899385
讔	yin	3733857904
讕	lan	3733816423
讘	nie	3733774942
讙	huan	3733733461
讚	zan	3733691980
讛	yi	3733650499
讜	dang	3733609018
讝	zhan	3733567537
讟	du	3733526056
豄	du	3733484575
豅	long	3733443094
豈	kai	3733401613
豵	zong	3733360132
貗	ju	3733318651
貗	yu	3733277170
貞	zhen	3733235689
貣	te	3733194208
貤	yi	3733152727
貦	wan	3733111246
貯	zhu	3733069765
貱	bi	3733028284
貲	zi	3732986803
貳	er	3732945322
貶	bian	3732903841
貸	dai	3732862360
貽	yi	3732820879
貾	chi	3732779398
賁	ben	3732737917
賁	bi	3732696436
賂	lu	3732654955
賄	hui	3732613474
賅	gai	3732571993
賈	gu	3732530512
賈	jia	3732489031
賏	ying	3732447550
賑	zhen	3732406069
賕	qiu	3732364588
賗	chuan	3732323107
賚	lai	3732281626
賛	zan	3732240145
賜	ci	3732198664
賝	chen	3732157183
賢	xian	3732115702
賥	sui	3732074221
賦	fu	3732032740
賨	cong	3731991259
賬	zhang	3731949778
賮	jin	3731908297
賲	bao	3731866816
賶	cang	3731825335
賸	sheng	3731783854
賹	ai	3731742373
賹	yi	3731700892
賺	zuan	3731659411
賾	ze	3731617930
贅	zhui	3731576449
贆	biao	3731534968
贈	zeng	3731493487
贉	dan	3731452006
贉	tan	3731410525
贍	shan	3731369044
贏	ying	3731327563
贐	jin	3731286082
贑	gan	3731244601
贓	zang	3731203120
贔	bi	3731161639
贕	du	3731120158
贖	shu	3731078677
贙	xuan	3731037196
贚	long	3730995715
贛	gan	3730954234
趙	zhao	3730912753
趫	qiao	3730871272
趬	qiao	3730829791
趲	zan	3730788310
踚	lun	3730746829
蹌	qiang	3730705348
蹔	zan	3730663867
蹔	zhan	3730622386
蹕	bi	3730580905
蹛	dai	3730539424
蹛	dan	3730497943
蹛	die	3730456462
蹛	zhi	3730414981
蹟	ji	3730373500
蹡	qiang	3730332019
蹥	lian	3730290538
蹪	tui	3730249057
蹳	bo	3730207576
蹺	qiao	3730166095
蹻	jue	3730124614
蹻	qiao	3730083133
躀	guan	3730041652
躀	kuang	3730000171
躂	da	3729958690
躉	dun	3729917209
躋	ji	3729875728
躒	li	3729834247
躘	long	3729792766
躡	nie	3729751285
躧	xi	3729709804
躪	lin	3729668323
軂	lao	3729626842
軃	duo	3729585361
軃	tuo	3729543880
軇	dao	3729502399
車	ju	3729460918
軋	ga	3729419437
軋	zha	3729377956
軏	yue	3729336475
軒	xuan	3729294994
軓	fan	3729253513
軕	shan	3729212032
軖	kuang	3729170551
軘	tun	3729129070
軚	dai	3729087589
軛	e	3729046108
軜	na	3729004627
軝	qi	3728963146
軞	mao	3728921665
軥	qu	3728880184
軧	chi	3728838703
軧	di	3728797222
軨	ling	3728755741
軫	zhen	3728714260
軬	ben	3728672779
軬	fan	3728631298
軮	yang	3728589817
軯	peng	3728548336
軱	gu	3728506855
軳	pao	3728465374
軵	fu	3728423893
軵	rong	3728382412
軷	ba	3728340931
軻	ke	3728299450
軼	yi	3728257969
軾	shi	3728216488
軿	ping	3728175007
輀	er	3728133526
輁	gong	3728092045
輂	ju	3728050564
輆	kai	3728009083
輊	zhi	3727967602
輋	she	3727926121
輐	wan	3727884640
輐	yuan	3727843159
輑	qun	3727801678
輑	yin	3727760197
輒	zhe	3727718716
輖	zhou	3727677235
輗	ni	3727635754
輘	leng	3727594273
輘	ling	3727552792
輙	zhe	3727511311
輚	zhan	3727469830
輜	zi	3727428349
輟	chuo	3727386868
輠	guo	3727345387
輡	kan	3727303906
輢	yi	3727262425
輣	peng	3727220944
輤	qian	3727179463
輥	gun	3727137982
輦	nian	3727096501
輨	guan	3727055020
輫	pai	3727013539
輮	rou	3726972058
輲	chuan	3726930577
輴	chun	3726889096
輵	ge	3726847615
輶	you	3726806134
輷	hong	3726764653
輹	fu	3726723172
輾	zhan	3726681691
轁	kan	3726640210
轁	tao	3726598729
轂	gu	3726557248
轃	zhen	3726515767
轄	xia	3726474286
轅	yuan	3726432805
轆	lu	3726391324
轇	jiao	3726349843
轇	jiu	3726308362
轈	chao	3726266881
轊	wei	3726225400
轍	che	3726183919
轍	zhe	3726142438
轏	zhan	3726100957
轐	bu	3726059476
轑	lao	3726017995
轒	fen	3725976514
轓	fan	3725935033
轕	ge	3725893552
轖	se	3725852071
轗	kan	3725810590
轘	huan	3725769109
轙	yi	3725727628
轚	ji	3725686147
轛	zhui	3725644666
轝	yu	3725603185
轞	jian	3725561704
轞	xian	3725520223
轠	lei	3725478742
轡	pei	3725437261
轢	li	3725395780
轣	li	3725354299
轥	lin	3725312818
逕	jing	3725271337
逿	dang	3725229856
逿	tang	3725188375
遉	zhen	3725146894
遰	di	3725105413
遱	lou	3725063932
遶	rao	3725022451
邐	li	3724980970
郲	lai	3724939489
鄟	zhuan	3724898008
鄡	qiao	3724856527
鄦	xu	3724815046
鄧	deng	3724773565
鄩	xin	3724732084
鄩	xun	3724690603
鄪	bi	3724649122
鄬	wei	3724607641
鄮	mao	3724566160
鄲	dan	3724524679
鄳	meng	3724483198
酈	li	3724441717
醆	zhan	3724400236
醦	chan	3724358755
醦	chen	3724317274
醧	ou	3724275793
醧	yu	3724234312
醱	fa	3724192831
醱	po	3724151350
醲	nong	3724109869
醳	shi	3724068388
醳	yi	3724026907
醶	jian	3723985426
醶	lian	3723943945
醶	xian	3723902464
醶	yan	3723860983
醻	chou	3723819502
醻	dao	3723778021
醻	shou	3723736540
釅	yan	3723695059
釚	qiu	3723653578
釛	ba	3723612097
釟	ba	3723570616
釥	jiao	3723529135
釥	qiao	3723487654
釦	kou	3723446173
釨	zi	3723404692
釪	hua	3723363211
釪	yu	3723321730
釫	hua	3723280249
釫	wu	3723238768
釬	han	3723197287
釭	gang	3723155806
釮	qi	3723114325
釰	jian	3723072844
釰	ren	3723031363
釰	ri	3722989882
釱	di	3722948401
釲	si	3722906920
釴	yi	3722865439
釵	chai	3722823958
釺	qian	3722782477
釽	pi	3722740996
釽	zhao	3722699515
釾	ya	3722658034
釾	ye	3722616553
釿	jin	3722575072
釿	yin	3722533591
鈀	ba	3722492110
鈀	pa	3722450629
鈂	chen	3722409148
鈂	qin	3722367667
鈂	zhen	3722326186
鈆	qian	3722284705
鈆	yan	3722243224
鈇	fu	3722201743
鈊	xin	3722160262
鈌	jue	3722118781
鈍	dun	3722077300
鈏	yin	3722035819
鈓	ren	3721994338
鈕	niu	3721952857
鈖	fen	3721911376
鈗	dui	3721869895
鈗	yun	3721828414
鈘	ji	3721786933
鈘	yi	3721745452
鈚	bi	3721703971
鈚	pi	3721662490
鈛	guo	3721621009
鈜	hong	3721579528
鈞	jun	3721538047
鈤	ri	3721496566
鈨	yuan	3721455085
鈪	e	3721413604
鈱	min	3721372123
鈲	gu	3721330642
鈲	pi	3721289161
鈵	bing	3721247680
鈶	ci	3721206199
鈶	si	3721164718
鈶	tai	3721123237
鈶	yi	3721081756
鈸	bo	3721040275
鈼	zuo	3720998794
鈽	bu	3720957313
鈿	dian	3720915832
鈿	tian	3720874351
鉀	jia	3720832870
鉁	zhen	3720791389
鉅	ju	3720749908
鉈	shi	3720708427
鉈	ta	3720666946
鉊	zhao	3720625465
鉋	bao	3720583984
鉌	he	3720542503
鉎	sheng	3720501022
鉏	chu	3720459541
鉐	shi	3720418060
鉐	zu	3720376579
鉒	zhu	3720335098
鉔	za	3720293617
鉘	fu	3720252136
鉙	zhai	3720210655
鉚	mao	3720169174
鉜	fu	3720127693
鉝	li	3720086212
鉞	yue	3720044731
鉟	pi	3720003250
鉠	yang	3719961769
鉡	ban	3719920288
鉥	shu	3719878807
鉧	mu	3719837326
鉨	xi	3719795845
鉮	huan	3719754364
鉮	shen	3719712883
鉲	ka	3719671402
鉵	tong	3719629921
鉵	zhuo	3719588440
鉷	hong	3719546959
鉹	chi	3719505478
鉼	bing	3719463997
鉽	shi	3719422516
鉾	mou	3719381035
銁	jun	3719339554
銂	zhou	3719298073
銃	chong	3719256592
銈	ji	3719215111
銊	hui	3719173630
銊	xu	3719132149
銋	ren	3719090668
銌	zun	3719049187
銍	zhi	3719007706
銏	shan	3718966225
銏	shuo	3718924744
銑	xi	3718883263
銑	xian	3718841782
銔	pi	3718800301
銖	zhu	3718758820
銗	hou	3718717339
銗	xiang	3718675858
銘	ming	3718634377
銙	kua	3718592896
銚	diao	3718551415
銚	yao	3718509934
銡	ji	3718468453
銧	guang	3718426972
銨	an	3718385491
銬	kao	3718344010
銱	diao	3718302529
銲	han	3718261048
銸	nie	3718219567
銸	zhe	3718178086
銻	ti	3718136605
銼	cuo	3718095124
銾	gong	3718053643
銾	hong	3718012162
鋂	mei	3717970681
鋃	lang	3717929200
鋊	yu	3717887719
鋋	chan	3717846238
鋋	yan	3717804757
鋌	ding	3717763276
鋌	ting	3717721795
鋍	bo	3717680314
鋏	jia	3717638833
鋐	hong	3717597352
鋑	cuan	3717555871
鋓	chan	3717514390
鋕	zhi	3717472909
鋗	juan	3717431428
鋗	xuan	3717389947
鋘	hua	3717348466
鋘	wu	3717306985
鋜	chuo	3717265504
鋜	zhuo	3717224023
鋠	shen	3717182542
鋡	han	3717141061
鋦	ju	3717099580
鋧	xian	3717058099
鋲	bing	3717016618
鋹	chang	3716975137
鋾	tao	3716933656
鋿	chang	3716892175
錀	lun	3716850694
錁	guo	3716809213
錁	ke	3716767732
錋	beng	3716726251
錋	peng	3716684770
錍	bei	3716643289
錍	bi	3716601808
錍	pi	3716560327
錐	zhui	3716518846
錑	lei	3716477365
錑	li	3716435884
錔	ta	3716394403
錗	nei	3716352922
錗	wei	3716311441
錗	zhui	3716269960
錙	zi	3716228479
錜	nie	3716186998
錝	zong	3716145517
錞	chun	3716104036
錣	chuo	3716062555
錣	zhui	3716021074
錤	ji	3715979593
錤	qi	3715938112
錥	yu	3715896631
錧	guan	3715855150
錨	mao	3715813669
錪	tian	3715772188
錪	tun	3715730707
錬	lian	3715689226
錭	diao	3715647745
錭	tao	3715606264
錳	meng	3715564783
錴	lu	3715523302
錺	fang	3715481821
錽	jian	3715440340
錽	wan	3715398859
鍂	pian	3715357378
鍉	di	3715315897
鍊	lian	3715274416
鍏	wei	3715232935
鍐	cong	3715191454
鍐	zong	3715149973
鍑	fu	3715108492
鍒	rou	3715067011
鍔	e	3715025530
鍕	jun	3714984049
鍖	chen	3714942568
鍖	zhen	3714901087
鍜	xia	3714859606
鍝	yu	3714818125
鍟	sheng	3714776644
鍟	xing	3714735163
鍠	huang	3714693682
鍡	wei	3714652201
鍢	fu	3714610720
鍣	zhao	3714569239
鍤	cha	3714527758
鍥	qie	3714486277
鍦	she	3714444796
鍦	shi	3714403315
鍧	hong	3714361834
鍨	kui	3714320353
鍭	hou	3714278872
鍯	cong	3714237391
鍱	ye	3714195910
鍴	duan	3714154429
鍷	kui	3714112948
鍸	hu	3714071467
鍹	xuan	3714029986
鍼	zhen	3713988505
鎁	ye	3713947024
鎅	jie	3713905543
鎈	cha	3713864062
鎈	suo	3713822581
鎉	da	3713781100
鎉	ta	3713739619
鎋	xia	3713698138
鎌	lian	3713656657
鎍	suo	3713615176
鎑	ge	3713573695
鎑	ta	3713532214
鎑	ye	3713490733
鎒	nou	3713449252
鎓	weng	3713407771
鎕	tang	3713366290
鎗	qiang	3713324809
鎘	ge	3713283328
鎘	li	3713241847
鎙	shuo	3713200366
鎚	chui	3713158885
鎝	da	3713117404
鎝	sa	3713075923
鎞	bi	3713034442
鎤	huang	3712992961
鎦	liu	3712951480
鎩	sha	3712909999
鎬	gao	3712868518
鎬	hao	3712827037
鎶	ge	3712785556
鏁	suo	3712744075
鏂	kou	3712702594
鏂	ou	3712661113
鏃	zu	3712619632
鏄	tuan	3712578151
鏉	shou	3712536670
鏉	sou	3712495189
鏋	man	3712453708
鏌	mo	3712412227
鏏	wei	3712370746
鏑	di	3712329265
鏒	can	3712287784
鏒	qiao	3712246303
鏒	san	3712204822
鏓	cong	3712163341
鏓	zong	3712121860
鏔	yi	3712080379
鏕	ao	3712038898
鏕	lu	3711997417
鏘	qiang	3711955936
鏙	cui	3711914455
鏚	qi	3711872974
鏛	chang	3711831493
鏜	tang	3711790012
鏝	man	3711748531
鏢	biao	3711707050
鏤	lou	3711665569
鏥	xiu	3711624088
鏦	cong	3711582607
鏨	zan	3711541126
鏩	jian	3711499645
鏩	zan	3711458164
鏱	jin	3711416683
鏱	zhang	3711375202
鏳	cheng	3711333721
鏴	lu	3711292240
鏸	hui	3711250759
鏹	qiang	3711209278
鏻	lin	3711167797
鏾	san	3711126316
鐀	kui	3711084835
鐁	si	3711043354
鐃	nao	3711001873
鐇	fan	3710960392
鐈	qiao	3710918911
鐉	quan	3710877430
鐊	yang	3710835949
鐋	tang	3710794468
鐍	jue	3710752987
鐍	yu	3710711506
鐐	liao	3710670025
鐕	zan	3710628544
鐖	ji	3710587063
鐖	qi	3710545582
鐙	deng	3710504101
鐚	ya	3710462620
鐛	ying	3710421139
鐣	cheng	3710379658
鐤	ding	3710338177
鐧	jian	3710296696
鐩	sui	3710255215
鐪	lu	3710213734
鐫	juan	3710172253
鐬	hui	3710130772
鐰	cao	3710089291
鐰	qiao	3710047810
鐰	sao	3710006329
鐱	jian	3709964848
鐱	qian	3709923367
鐲	zhuo	3709881886
鐳	lei	3709840405
鐴	bei	3709798924
鐴	bi	3709757443
鐸	duo	3709715962
鐹	guo	3709674481
鐺	cheng	3709633000
鐻	ju	3709591519
鐼	ben	3709550038
鐼	fen	3709508557
鐽	bi	3709467076
鐽	da	3709425595
鑀	ai	3709384114
鑅	heng	3709342633
鑇	ji	3709301152
鑉	he	3709259671
鑊	huo	3709218190
鑋	qing	3709176709
鑏	ning	3709135228
鑐	xu	3709093747
鑑	jian	3709052266
鑖	mi	3709010785
鑖	mie	3708969304
鑘	lei	3708927823
鑙	ji	3708886342
鑛	kuang	3708844861
鑞	la	3708803380
鑡	chuo	3708761899
鑢	lv	3708720418
鑣	biao	3708678937
鑧	kuan	3708637456
鑨	long	3708595975
鑪	lu	3708554494
鑮	bo	3708513013
鑯	jian	3708471532
鑰	yue	3708430051
鑱	chan	3708388570
鑴	xi	3708347089
鑵	guan	3708305608
鑷	nie	3708264127
鑸	lei	3708222646
鑹	cuan	3708181165
鑿	zuo	3708139684
钀	nie	3708098203
钀	yi	3708056722
钁	jue	3708015241
钃	shu	3707973760
钃	zhu	3707932279
閂	shuan	3707890798
閄	huo	3707849317
閄	shan	3707807836
閅	men	3707766355
閒	jian	3707724874
閒	xian	3707683393
閔	min	3707641912
閕	xia	3707600431
閖	shui	3707558950
閗	dou	3707517469
閛	peng	3707475988
閜	e	3707434507
閜	xia	3707393026
閝	ling	3707351545
閞	bian	3707310064
閞	guan	3707268583
閟	bi	3707227102
関	guan	3707185621
閣	ge	3707144140
閦	chu	3707102659
閧	hong	3707061178
閩	min	3707019697
閪	se	3706978216
閬	lang	3706936735
閭	lv	3706895254
閯	sha	3706853773
閳	chan	3706812292
閵	lin	3706770811
閷	sha	3706729330
閷	shai	3706687849
閻	yan	3706646368
閼	e	3706604887
闀	hong	3706563406
闀	xiang	3706521925
闃	qu	3706480444
闄	yao	3706438963
闇	an	3706397482
闈	wei	3706356001
闉	yin	3706314520
闋	que	3706273039
闌	lan	3706231558
闍	du	3706190077
闍	she	3706148596
闐	tian	3706107115
闑	nie	3706065634
闔	he	3706024153
闕	que	3705982672
闘	dou	3705941191
闚	kui	3705899710
闛	chang	3705858229
闛	tang	3705816748
闞	kan	3705775267
闟	xi	3705733786
陝	shan	3705692305
陸	liu	3705650824
陿	xia	3705609343
隉	nie	3705567862
隑	ai	3705526381
隑	gai	3705484900
隑	qi	3705443419
隕	yun	3705401938
隖	wu	3705360457
隤	tui	3705318976
隫	fen	3705277495
隮	ji	3705236014
隲	e	3705194533
隲	zhi	3705153052
隴	long	3705111571
雛	chu	3705070090
霣	yun	3705028609
霼	xi	3704987128
靂	li	3704945647
靄	ai	3704904166
靅	fei	3704862685
靚	jing	3704821204
靚	liang	3704779723
靦	mian	3704738242
靦	tian	3704696761
靧	hui	3704655280
靨	ye	3704613799
鞸	bi	3704572318
鞸	bing	3704530837
鞻	lou	3704489356
鞼	gui	3704447875
鞼	hui	3704406394
鞽	jue	3704364913
鞽	qiao	3704323432
鞾	xue	3704281951
韃	da	3704240470
韇	du	3704198989
韊	lan	3704157508
韋	wei	3704116027
韏	juan	3704074546
韏	quan	3704033065
韐	ge	3703991584
韒	qiao	3703950103
韒	shao	3703908622
韓	han	3703867141
韔	chang	3703825660
韗	yun	3703784179
韘	she	3703742698
韚	ge	3703701217
韛	bai	3703659736
韛	fu	3703618255
韜	tao	3703576774
韝	gou	3703535293
韞	yun	3703493812
韠	bi	3703452331
韡	wei	3703410850
韢	hui	3703369369
韢	sui	3703327888
韣	du	3703286407
韻	yun	3703244926
頄	kui	3703203445
頄	qiu	3703161964
頇	han	3703120483
頊	xu	3703079002
頍	kui	3703037521
頎	qi	3702996040
頏	hang	3702954559
頔	di	3702913078
頕	dan	3702871597
頕	dian	3702830116
頖	pan	3702788635
頙	che	3702747154
頛	lei	3702705673
頞	e	3702664192
頟	e	3702622711
頠	wei	3702581230
頡	jie	3702539749
頡	xie	3702498268
頢	kuo	3702456787
頤	yi	3702415306
頦	hai	3702373825
頦	ke	3702332344
頩	ping	3702290863
頪	lei	3702249382
頫	fu	3702207901
頮	hui	3702166420
頯	kui	3702124939
頳	cheng	3702083458
頵	yun	3702041977
頷	han	3702000496
頹	tui	3701959015
顀	chui	3701917534
顁	ding	3701876053
顃	shan	3701834572
顃	tan	3701793091
顄	han	3701751610
顅	qian	3701710129
顇	cui	3701668648
顉	qin	3701627167
顊	yi	3701585686
顋	sai	3701544205
顐	hun	3701502724
顐	wen	3701461243
顑	kan	3701419762
顓	zhuan	3701378281
顕	xian	3701336800
顖	xin	3701295319
顗	yi	3701253838
顙	sang	3701212357
顜	jiang	3701170876
顝	kua	3701129395
顝	kui	3701087914
顠	piao	3701046433
顢	man	3701004952
顣	cu	3700963471
顣	qi	3700921990
顤	qiao	3700880509
顤	yao	3700839028
顥	hao	3700797547
顦	qiao	3700756066
顩	han	3700714585
顩	qian	3700673104
顩	qin	3700631623
顩	yan	3700590142
顪	hui	3700548661
顮	bin	3700507180
顰	pin	3700465699
顱	lu	3700424218
颩	biao	3700382737
颩	diu	3700341256
颬	xia	3700299775
颮	biao	3700258294
颯	sa	3700216813
颰	ba	3700175332
颰	fu	3700133851
颲	lie	3700092370
颴	xuan	3700050889
颹	wei	3700009408
颽	kai	3699967927
颿	fan	3699926446
飁	xi	3699884965
飂	liao	3699843484
飂	liu	3699802003
飆	biao	3699760522
飇	biao	3699719041
飉	liao	3699677560
飊	biao	3699636079
飋	se	3699594598
飍	xiu	3699553117
飝	fei	3699511636
飤	si	3699470155
飦	gan	3699428674
飦	zhan	3699387193
飩	tun	3699345712
飫	yu	3699304231
飭	chi	3699262750
飰	fan	3699221269
飴	yi	3699179788
飵	ze	3699138307
飵	zuo	3699096826
飶	bi	3699055345
飷	jie	3699013864
餀	hai	3698972383
餂	tian	3698930902
餉	xiang	3698889421
餎	ge	3698847940
餎	le	3698806459
餑	bo	3698764978
餒	nei	3698723497
餔	bu	3698682016
餗	su	3698640535
餛	hun	3698599054
餜	guo	3698557573
餞	jian	3698516092
餟	zhui	3698474611
餢	bu	3698433130
餣	ye	3698391649
餤	tan	3698350168
餦	zhang	3698308687
餧	wei	3698267206
餩	e	3698225725
餪	nuan	3698184244
餫	hun	3698142763
餫	yun	3698101282
餬	hu	3698059801
餭	huang	3698018320
餯	hui	3697976839
餰	jian	3697935358
餰	zhan	3697893877
餱	hou	3697852396
餲	ai	3697810915
餲	he	3697769434
餳	tang	3697727953
餳	xing	3697686472
餴	fen	3697644991
餵	wei	3697603510
餹	tang	3697562029
餼	xi	3697520548
餽	kui	3697479067
餾	liu	3697437586
餿	sou	3697396105
饀	tao	3697354624
饀	xian	3697313143
饃	mo	3697271662
饆	bi	3697230181
饇	yu	3697188700
饊	san	3697147219
饋	kui	3697105738
饌	zhuan	3697064257
饍	shan	3697022776
饎	chi	3696981295
饐	yi	3696939814
饗	xiang	3696898333
饘	zhan	3696856852
饙	fen	3696815371
饛	meng	3696773890
饜	yan	3696732409
饟	xiang	3696690928
饠	luo	3696649447
饡	zan	3696607966
饢	nang	3696566485
馩	fen	3696525004
馪	pin	3696483523
馭	yu	3696442042
馮	feng	3696400561
馮	ping	3696359080
馯	han	3696317599
馯	qian	3696276118
馱	duo	3696234637
馲	tuo	3696193156
馲	zhe	3696151675
馴	xun	3696110194
馵	zhu	3696068713
馺	sa	3696027232
馼	wen	3695985751
馽	zhi	3695944270
駂	bao	3695902789
駃	jue	3695861308
駃	kuai	3695819827
駉	jiong	3695778346
駊	po	3695736865
駍	pei	3695695384
駍	peng	3695653903
駏	ju	3695612422
駑	nu	3695570941
駓	pi	3695529460
駔	zang	3695487979
駖	ling	3695446498
駗	zhen	3695405017
駘	tai	3695363536
駙	fu	3695322055
駜	bi	3695280574
駞	tuo	3695239093
駟	si	3695197612
駢	pian	3695156131
駣	tao	3695114650
駤	zhi	3695073169
駥	rong	3695031688
駦	teng	3694990207
駪	shen	3694948726
駫	jiong	3694907245
駬	er	3694865764
駭	hai	3694824283
駮	bo	3694782802
駴	hai	3694741321
駴	xie	3694699840
駷	song	3694658359
駹	mang	3694616878
駺	lang	3694575397
駺	liang	3694533916
駻	han	3694492435
駼	tu	3694450954
駽	xuan	3694409473
駾	tui	3694367992
駿	jun	3694326511
騀	e	3694285030
騁	cheng	3694243549
騂	xing	3694202068
騃	ai	3694160587
騄	lu	3694119106
騆	zhou	3694077625
騇	she	3694036144
騉	kun	3693994663
騊	tao	3693953182
騋	lai	3693911701
騑	fei	3693870220
騕	yao	3693828739
騖	wu	3693787258
騗	pian	3693745777
騛	fei	3693704296
騜	huang	3693662815
騞	huo	3693621334
騠	ti	3693579853
騢	xia	3693538372
騣	zong	3693496891
騥	rou	3693455410
騩	gui	3693413929
騩	tui	3693372448
騫	qian	3693330967
騬	cheng	3693289486
騭	zhi	3693248005
騯	bang	3693206524
騯	peng	3693165043
騱	xi	3693123562
騲	cao	3693082081
騳	du	3693040600
騴	yan	3692999119
騵	yuan	3692957638
騶	zou	3692916157
騷	sao	3692874676
騹	li	3692833195
騹	qi	3692791714
騺	zhi	3692750233
騻	shuang	3692708752
騼	lu	3692667271
騽	xi	3692625790
驀	mo	3692584309
驁	ao	3692542828
驂	can	3692501347
驃	biao	3692459866
驃	piao	3692418385
驈	yu	3692376904
驉	xu	3692335423
驍	xiao	3692293942
驎	lin	3692252461
驐	dun	3692210980
驒	tuo	3692169499
驓	ceng	3692128018
驔	dian	3692086537
驔	tan	3692045056
驖	tie	3692003575
驘	luo	3691962094
驙	zhan	3691920613
驛	yi	3691879132
驞	pin	3691837651
驟	zou	3691796170
驠	yan	3691754689
驡	long	3691713208
驡	zang	3691671727
驥	ji	3691630246
驨	xi	3691588765
驩	huan	3691547284
驪	li	3691505803
髐	xiao	3691464322
鬖	san	3691422841
鬗	man	3691381360
鬜	qian	3691339879
鬝	qian	3691298398
鬞	nang	3691256917
鬠	kuai	3691215436
鬠	kuo	3691173955
鬡	ning	3691132474
鬢	bin	3691090993
鬮	jiu	3691049512
鬹	gui	3691008031
鬹	xie	3690966550
鬺	shang	3690925069
魗	chou	3690883588
魜	ren	3690842107
魝	ji	3690800626
魝	jie	3690759145
魟	gong	3690717664
魟	hong	3690676183
魠	tuo	3690634702
魡	di	3690593221
魡	diao	3690551740
魣	xu	3690510259
魣	yu	3690468778
魤	e	3690427297
魤	hua	3690385816
魥	e	3690344335
魥	ji	3690302854
魥	qie	3690261373
魦	sha	3690219892
魧	hang	3690178411
魪	jie	3690136930
魫	shen	3690095449
魬	ban	3690053968
魬	fan	3690012487
魭	wan	3689971006
魭	yuan	3689929525
魮	bi	3689888044
魮	pi	3689846563
魯	lu	3689805082
魱	hu	3689763601
魵	fen	3689722120
魶	na	3689680639
魺	ge	3689639158
魺	he	3689597677
魻	xia	3689556196
魼	qu	3689514715
魼	xie	3689473234
魽	han	3689431753
魾	pi	3689390272
魿	lin	3689348791
魿	ling	3689307310
鮀	tuo	3689265829
鮁	bo	3689224348
鮂	qiu	3689182867
鮄	fu	3689141386
鮅	bi	3689099905
鮆	ci	3689058424
鮆	ji	3689016943
鮇	wei	3688975462
鮈	gou	3688933981
鮈	ju	3688892500
鮈	qu	3688851019
鮊	ba	3688809538
鮊	bo	3688768057
鮋	chou	3688726576
鮋	you	3688685095
鮌	gun	3688643614
鮍	pi	3688602133
鮏	xing	3688560652
鮏	zheng	3688519171
鮐	tai	3688477690
鮑	bao	3688436209
鮒	fu	3688394728
鮕	gu	3688353247
鮗	dong	3688311766
鮘	chou	3688270285
鮘	dai	3688228804
鮛	shu	3688187323
鮝	xiang	3688145842
鮝	zhen	3688104361
鮟	an	3688062880
鮠	wei	3688021399
鮡	zhao	3687979918
鮤	lie	3687938437
鮥	ge	3687896956
鮥	luo	3687855475
鮧	ti	3687813994
鮧	yi	3687772513
鮨	qi	3687731032
鮨	yi	3687689551
鮫	jiao	3687648070
鮬	ku	3687606589
鮭	gui	3687565108
鮯	ge	3687523627
鮰	hui	3687482146
鮵	duo	3687440665
鮷	ti	3687399184
鮹	shao	3687357703
鮻	suo	3687316222
鮿	zhe	3687274741
鯅	shan	3687233260
鯅	shen	3687191779
鯆	fu	3687150298
鯆	pu	3687108817
鯈	chou	3687067336
鯈	tiao	3687025855
鯊	sha	3686984374
鯋	sha	3686942893
鯌	kao	3686901412
鯍	meng	3686859931
鯎	cheng	3686818450
鯓	ni	3686776969
鯓	shen	3686735488
鯖	qing	3686694007
鯖	zheng	3686652526
鯙	chun	3686611045
鯚	ji	3686569564
鯞	zhou	3686528083
鯠	lai	3686486602
鯡	fei	3686445121
鯤	kun	3686403640
鯥	lu	3686362159
鯦	ai	3686320678
鯦	jiu	3686279197
鯩	lun	3686237716
鯬	li	3686196235
鯮	zong	3686154754
鯶	huan	3686113273
鯶	hun	3686071792
鯸	hou	3686030311
鯹	xing	3685988830
鯻	la	3685947349
鯼	zong	3685905868
鯾	bian	3685864387
鰀	huan	3685822906
鰂	ze	3685781425
鰂	zei	3685739944
鰅	yu	3685698463
鰇	rou	3685656982
鰈	die	3685615501
鰊	lian	3685574020
鰋	yan	3685532539
鰍	qiu	3685491058
鰑	yang	3685449577
鰓	sai	3685408096
鰕	xia	3685366615
鰗	hu	3685325134
鰝	hao	3685283653
鰟	fang	3685242172
鰟	pang	3685200691
鰡	liu	3685159210
鰤	shi	3685117729
鰦	zi	3685076248
鰫	yong	3685034767
鰬	qian	3684993286
鰭	qi	3684951805
鰯	ruo	3684910324
鰲	ao	3684868843
鰴	hui	3684827362
鰶	ji	3684785881
鰺	can	3684744400
鰺	sao	3684702919
鰺	shen	3684661438
鰻	man	3684619957
鰽	qiu	3684578476
鰿	ji	3684536995
鱀	ji	3684495514
鱁	zhu	3684454033
鱃	qiu	3684412552
鱃	xiu	3684371071
鱄	zhuan	3684329590
鱅	yong	3684288109
鱆	zhang	3684246628
鱇	kang	3684205147
鱉	bie	3684163666
鱊	yu	3684122185
鱋	qu	3684080704
鱌	xiang	3684039223
鱍	bo	3683997742
鱎	jiao	3683956261
鱏	xun	3683914780
鱐	su	3683873299
鱑	huang	3683831818
鱒	zun	3683790337
鱓	shan	3683748856
鱕	fan	3683707375
鱗	lin	3683665894
鱙	miao	3683624413
鱚	xi	3683582932
鱞	guan	3683541451
鱟	hou	3683499970
鱠	kuai	3683458489
鱢	sao	3683417008
鱣	zhan	3683375527
鱥	gui	3683334046
鱦	meng	3683292565
鱦	sheng	3683251084
鱦	ying	3683209603
鱬	ru	3683168122
鱮	xu	3683126641
鱲	lie	3683085160
鱴	mie	3683043679
鱵	zhen	3683002198
鱹	guan	3682960717
鱻	xian	3682919236
鳦	yi	3682877755
鳩	jiu	3682836274
鳭	diao	3682794793
鳭	zhao	3682753312
鳱	gan	3682711831
鳱	han	3682670350
鳱	yan	3682628869
鳷	zhi	3682587388
鳸	hu	3682545907
鳺	fu	3682504426
鳺	gui	3682462945
鳻	ban	3682421464
鳻	fen	3682379983
鳽	jian	3682338502
鳽	qian	3682297021
鳽	zhan	3682255540
鳿	yu	3682214059
鴀	fou	3682172578
鴁	ao	3682131097
鴁	yao	3682089616
鴂	jue	3682048135
鴃	jue	3682006654
鴄	pi	3681965173
鴅	huan	3681923692
鴆	zhen	3681882211
鴇	bao	3681840730
鴈	yan	3681799249
鴋	fang	3681757768
鴍	wen	3681716287
鴐	ge	3681674806
鴓	bi	3681633325
鴓	mie	3681591844
鴔	fu	3681550363
鴗	li	3681508882
鴘	bian	3681467401
鴙	zhi	3681425920
鴚	ge	3681384439
鴛	yuan	3681342958
鴞	xiao	3681301477
鴟	chi	3681259996
鴠	dan	3681218515
鴡	ju	3681177034
鴢	yao	3681135553
鴢	you	3681094072
鴥	yu	3681052591
鴦	yang	3681011110
鴩	hu	3680969629
鴩	tie	3680928148
鴫	tian	3680886667
鴮	wu	3680845186
鴰	gua	3680803705
鴱	ai	3680762224
鴳	yan	3680720743
鴴	heng	3680679262
鴶	jia	3680637781
鴸	zhu	3680596300
鴹	xiang	3680554819
鴹	yang	3680513338
鴺	ti	3680471857
鴺	yi	3680430376
鴻	hong	3680388895
鴽	ru	3680347414
鴾	mou	3680305933
鵀	ren	3680264452
鵁	jiao	3680222971
鵃	diao	3680181490
鵃	zhou	3680140009
鵄	chi	3680098528
鵄	zhi	3680057047
鵅	ge	3680015566
鵅	luo	3679974085
鵊	jia	3679932604
鵋	ji	3679891123
鵌	tu	3679849642
鵎	tuo	3679808161
鵏	bu	3679766680
鵏	pu	3679725199
鵓	bo	3679683718
鵔	jun	3679642237
鵕	jun	3679600756
鵕	xun	3679559275
鵖	bi	3679517794
鵗	xi	3679476313
鵙	ju	3679434832
鵛	jing	3679393351
鵟	kuang	3679351870
鵠	gu	3679310389
鵠	hu	3679268908
鵡	wu	3679227427
鵥	pan	3679185946
鵧	pi	3679144465
鵩	fu	3679102984
鵫	zhao	3679061503
鵫	zhuo	3679020022
鵰	diao	3678978541
鵱	lu	3678937060
鵳	jian	3678895579
鵴	ju	3678854098
鵵	tu	3678812617
鵶	ya	3678771136
鵷	yuan	3678729655
鵸	qi	3678688174
鵹	li	3678646693
鵺	ye	3678605212
鵻	zhui	3678563731
鵼	kong	3678522250
鵽	duo	3678480769
鵾	kun	3678439288
鶀	qi	3678397807
鶂	yi	3678356326
鶃	yi	3678314845
鶄	jing	3678273364
鶄	qing	3678231883
鶅	zi	3678190402
鶆	lai	3678148921
鶇	dong	3678107440
鶋	ju	3678065959
鶌	jue	3678024478
鶌	qu	3677982997
鶒	chi	3677941516
鶔	rou	3677900035
鶕	an	3677858554
鶗	ti	3677817073
鶙	ti	3677775592
鶛	jie	3677734111
鶝	bi	3677692630
鶝	fu	3677651149
鶞	chun	3677609668
鶟	tu	3677568187
鶠	yan	3677526706
鶡	he	3677485225
鶢	yuan	3677443744
鶣	bian	3677402263
鶣	pian	3677360782
鶤	kun	3677319301
鶦	hu	3677277820
鶧	ying	3677236339
鶨	chuan	3677194858
鶨	zhi	3677153377
鶩	wu	3677111896
鶭	fang	3677070415
鶯	ying	3677028934
鶰	yuan	3676987453
鶱	xian	3676945972
鶱	xuan	3676904491
鶴	he	3676863010
鶵	chu	3676821529
鶶	tang	3676780048
鶷	xia	3676738567
鶻	gu	3676697086
鶻	hu	3676655605
鶽	sun	3676614124
鶽	xun	3676572643
鶾	han	3676531162
鷂	yao	3676489681
鷃	yan	3676448200
鷅	li	3676406719
鷇	kou	3676365238
鷈	ti	3676323757
鷋	tu	3676282276
鷌	ma	3676240795
鷎	gao	3676199314
鷏	tian	3676157833
鷏	zhen	3676116352
鷐	chen	3676074871
鷑	ji	3676033390
鷒	tuan	3675991909
鷔	ao	3675950428
鷕	yao	3675908947
鷛	yong	3675867466
鷜	lv	3675825985
鷝	bi	3675784504
鷞	shuang	3675743023
鷟	zhuo	3675701542
鷢	jue	3675660061
鷣	yin	3675618580
鷤	tan	3675577099
鷤	ti	3675535618
鷧	yi	3675494137
鷩	bi	3675452656
鷭	fan	3675411175
鷮	jiao	3675369694
鷰	yan	3675328213
鷲	jiu	3675286732
鷵	tu	3675245251
鷶	mai	3675203770
鷷	zun	3675162289
鷸	yu	3675120808
鷺	lu	3675079327
鷻	tuan	3675037846
鷼	xian	3674996365
鷾	yi	3674954884
鷿	pi	3674913403
鸀	chu	3674871922
鸀	shu	3674830441
鸀	zhu	3674788960
鸁	luo	3674747479
鸃	yi	3674705998
鸄	ji	3674664517
鸅	ze	3674623036
鸆	yu	3674581555
鸉	yang	3674540074
鸊	bi	3674498593
鸊	pi	3674457112
鸋	ning	3674415631
鸍	mi	3674374150
鸎	ying	3674332669
鸐	di	3674291188
鸑	yue	3674249707
鸒	yu	3674208226
鸓	lei	3674166745
鸕	lu	3674125264
鸖	he	3674083783
鸗	long	3674042302
鸙	yue	3674000821
鸚	ying	3673959340
鸜	qu	3673917859
鸞	luan	3673876378
麡	qi	3673834897
麧	he	3673793416
麩	fu	3673751935
麪	mian	3673710454
麬	fu	3673668973
麭	pao	3673627492
麮	qu	3673586011
麰	mou	3673544530
麱	fu	3673503049
麲	xian	3673461568
麲	yan	3673420087
麷	feng	3673378606
黂	fen	3673337125
黌	hong	3673295644
黶	yan	3673254163
黷	du	3673212682
黸	lu	3673171201
黿	yuan	3673129720
鼀	cu	3673088239
鼁	qu	3673046758
鼂	chao	3673005277
鼂	zhao	3672963796
鼄	zhu	3672922315
鼅	zhi	3672880834
鼆	meng	3672839353
鼈	bie	3672797872
鼉	tuo	3672756391
鼊	bi	3672714910
鼚	chang	3672673429
鼲	hun	3672631948
齈	nong	3672590467
齌	ji	3672548986
齍	ji	3672507505
齍	zi	3672466024
齎	ji	3672424543
齖	ya	3672383062
齗	ken	3672341581
齗	yin	3672300100
齘	xie	3672258619
齚	cuo	3672217138
齚	ze	3672175657
齜	chai	3672134176
齜	zi	3672092695
齝	chi	3672051214
齞	nian	3672009733
齞	yan	3671968252
齤	quan	3671926771
齥	xie	3671885290
齦	ken	3671843809
齦	yin	3671802328
齧	nie	3671760847
齩	yao	3671719366
齭	chu	3671677885
齮	yi	3671636404
齯	ni	3671594923
齰	cuo	3671553442
齰	ze	3671511961
齱	zou	3671470480
齳	yun	3671428999
齴	yan	3671387518
齵	ou	3671346037
齵	yu	3671304556
齸	yi	3671263075
齹	ci	3671221594
齹	cuo	3671180113
齺	zou	3671138632
齻	dian	3671097151
齼	chu	3671055670
齽	jin	3671014189
齾	ya	3670972708
龏	gong	3670931227
龏	wo	3670889746
龓	long	3670848265
龔	gong	3670806784
龕	kan	3670765303
龖	da	3670723822
龘	da	3670682341
龝	qiu	3670640860
龞	bie	3670599379
龥	yu	3670557898
𠏮	dui	3670516417
𠐊	shu	3670474936
𠐍	su	3670433455
𠐽	gui	3670391974
𠑙	chong	3670350493
𠑲	qian	3670309012
𠖥	chong	3670267531
𠖫	gan	3670226050
𠗿	shen	3670184569
𠘥	yan	3670143088
𠜲	ya	3670101607
𠝿	suo	3670060126
𠞭	lou	3670018645
𠟪	ye	3669977164
𠠏	li	3669935683
𠠝	li	3669894202
𠥨	mou	3669852721
𠩘	xia	3669811240
𠬙	sa	3669769759
𠵹	gang	3669728278
𠶸	jue	3669686797
𠶹	he	3669645316
𠷌	ji	3669603835
𠷌	ze	3669562354
𠷏	wo	3669520873
𠹛	hai	3669479392
𠺖	mu	3669437911
𠼗	zan	3669396430
𠼤	jian	3669354949
𠼮	wei	3669313468
𠾬	jin	3669271987
𠿕	qiao	3669230506
𠿘	zui	3669189025
𡀿	lv	3669147544
𡂒	zhi	3669106063
𡂡	shu	3669064582
𡂿	ou	3669023101
𡃄	lai	3668981620
𡄖	ying	3668940139
𡄤	huan	3668898658
𡅘	la	3668857177
𡅥	die	3668815696
𡍫	ce	3668774215
𡑍	lao	3668732734
𡑎	xun	3668691253
𡑯	jian	3668649772
𡓦	zhan	3668608291
𡗆	lou	3668566810
𡟫	gong	3668525329
𡠚	bi	3668483848
𡢘	ying	3668442367
𡢘	yun	3668400886
𡤢	luo	3668359405
𡤫	qia	3668317924
𡤶	wan	3668276443
𡬘	lao	3668234962
𡷨	keng	3668193481
𡷨	xing	3668152000
𡸗	ya	3668110519
𡹬	tuo	3668069038
𡼱	wei	3668027557
𡼾	kuai	3667986076
𡽳	lan	3667944595
𡿖	nie	3667903114
𡿖	ya	3667861633
𢄋	ying	3667820152
𢄓	wu	3667778671
𢄼	xu	3667737190
𢅡	lan	3667695709
𢉿	ma	3667654228
𢍰	yi	3667612747
𢍰	ze	3667571266
𢐟	qiao	3667529785
𢕕	san	3667488304
𢛔	dong	3667446823
𢜭	ji	3667405342
𢠼	mai	3667363861
𢣏	ai	3667322380
𢣐	pin	3667280899
𢤧	miao	3667239418
𢤩	li	3667197937
𢤱	long	3667156456
𢥞	chong	3667114975
𢯩	ze	3667073494
𢯷	hui	3667032013
𢯷	wei	3666990532
𢱡	suo	3666949051
𢲸	lu	3666907570
𢲾	bi	3666866089
𢳂	pie	3666824608
𢳚	jian	3666783127
𢴦	kang	3666741646
𢴩	bi	3666700165
𢶑	niao	3666658684
𢶒	guai	3666617203
𢸙	shen	3666575722
𢸳	xiao	3666534241
𢸴	yan	3666492760
𢹏	yu	3666451279
𢹼	za	3666409798
𢿡	xie	3666368317
𣀷	li	3666326836
𣀻	shu	3666285355
𣀻	zhu	3666243874
𣄸	huo	3666202393
𣋋	ying	3666160912
𣋞	ai	3666119431
𣙿	fei	3666077950
𣚙	jian	3666036469
𣞐	xie	3665994988
𣡶	yan	3665953507
𣤋	lou	3665912026
𣤶	za	3665870545
𣤶	zan	3665829064
𣤶	zu	3665787583
𣫒	keng	3665746102
𣯩	men	3665704621
𣰛	ye	3665663140
𣰨	bin	3665621659
𣷾	gui	3665580178
𣻑	sha	3665538697
𣻑	shai	3665497216
𤀪	po	3665455735
𤁪	hua	3665414254
𤃷	an	3665372773
𤄷	luo	3665331292
𤅊	yan	3665289811
𤆼	zhu	3665248330
𤇾	ying	3665206849
𤍖	jian	3665165368
𤍜	zao	3665123887
𤎤	lao	3665082406
𤑳	xiao	3665040925
𤑹	yi	3664999444
𤒦	lian	3664957963
𤒦	yan	3664916482
𤒻	ta	3664875001
𤓓	luo	3664833520
𤖛	jiang	3664792039
𤘀	dao	3664750558
𤛮	lao	3664709077
𤛱	zhi	3664667596
𤟤	hui	3664626115
𤟤	xun	3664584634
𤢟	ze	3664543153
𤣎	ying	3664501672
𤥭	che	3664460191
𤩂	lao	3664418710
𤬏	lou	3664377229
𤲓	lai	3664335748
𤷃	jian	3664294267
𤺉	wei	3664252786
𤺔	she	3664211305
𤻜	e	3664169824
𤻜	kai	3664128343
𤻝	ning	3664086862
𤾉	tang	3664045381
𥀬	yan	3664003900
𥀬	ye	3663962419
𥀲	du	3663920938
𥂸	yang	3663879457
𥇔	chang	3663837976
𥇔	zhang	3663796495
𥉸	keng	3663755014
𥋝	meng	3663713533
𥋟	xi	3663672052
𥌚	mai	3663630571
𥌚	shu	3663589090
𥌚	ya	3663547609
𥏝	ya	3663506128
𥔂	geng	3663464647
𥗺	lan	3663423166
𥜐	min	3663381685
𥜰	shi	3663340204
𥞵	jia	3663298723
𥢊	ben	3663257242
𥢶	kuai	3663215761
𥢷	dang	3663174280
𥨍	fu	3663132799
𥪂	lie	3663091318
𥯤	wei	3663049837
𥱸	ou	3663008356
𥴨	ai	3662966875
𥵜	po	3662925394
𥵝	ling	3662883913
𥻤	chou	3662842432
𥻦	sa	3662800951
𥼶	shi	3662759470
𥾂	ling	3662717989
𥾇	niao	3662676508
𥾝	mian	3662635027
𥾝	mie	3662593546
𥾯	diao	3662552065
𥿉	mo	3662510584
𥿉	wa	3662469103
𥿑	guan	3662427622
𥿑	lun	3662386141
𥿯	pai	3662344660
𦀖	jie	3662303179
𦀨	nuo	3662261698
𦁄	chen	3662220217
𦁕	hu	3662178736
𦂅	xi	3662137255
𦂅	xing	3662095774
𦂋	chi	3662054293
𦂔	wan	3662012812
𦃒	sui	3661971331
𦃘	zhi	3661929850
𦄋	diao	3661888369
𦄍	shuang	3661846888
𦄼	xu	3661805407
𦅇	sang	3661763926
𦅈	beng	3661722445
𦅋	qian	3661680964
𦅷	zhu	3661639483
𦆆	lian	3661598002
𦆈	zuan	3661556521
𦆈	zui	3661515040
𦇎	cong	3661473559
𦇛	la	3661432078
𦈃	nang	3661390597
𦎹	lou	3661349116
𦔖	lian	3661307635
𦜖	ya	3661266154
𦝛	wei	3661224673
𦠅	xun	3661183192
𦡖	hui	3661141711
𦣇	luo	3661100230
𦥯	xue	3661058749
𦧴	tan	3661017268
𦧺	lai	3660975787
𦪭	da	3660934306
𦪽	long	3660892825
𦱌	gang	3660851344
𦳝	dang	3660809863
𦳝	tang	3660768382
𦸷	si	3660726901
𦺣	xiang	3660685420
𦽒	zei	3660643939
𦾏	xia	3660602458
𦾵	qiong	3660560977
𦾶	jian	3660519496
𧀦	lu	3660478015
𧁿	du	3660436534
𧁿	shu	3660395053
𧂂	jian	3660353572
𧂅	sen	3660312091
𧎵	xi	3660270610
𧏻	bi	3660229129
𧐐	ji	3660187648
𧐱	cong	3660146167
𧒖	guo	3660104686
𧕟	shuang	3660063205
𧕦	tuo	3660021724
𧛸	zhou	3659980243
𧜁	sha	3659938762
𧜁	shai	3659897281
𧜂	shi	3659855800
𧜣	diao	3659814319
𧞣	yan	3659772838
𧞫	shu	3659731357
𧟌	luo	3659689876
𧠈	cha	3659648395
𧠥	ci	3659606914
𧡍	dong	3659565433
𧡪	dan	3659523952
𧡴	lian	3659482471
𧡸	dou	3659440990
𧢃	lou	3659399509
𧢝	li	3659358028
𧢢	yao	3659316547
𧥣	kou	3659275066
𧥺	jun	3659233585
𧥺	yun	3659192104
𧥼	yun	3659150623
𧦝	hao	3659109142
𧦝	hu	3659067661
𧦧	tuo	3659026180
𧦧	yi	3658984699
𧦭	tuo	3658943218
𧦭	xi	3658901737
𧧝	ya	3658860256
𧧵	shan	3658818775
𧧸	bie	3658777294
𧨊	zha	3658735813
𧨳	zhuo	3658694332
𧨾	shan	3658652851
𧨿	zha	3658611370
𧩦	ji	3658569889
𧩧	duo	3658528408
𧩪	cong	3658486927
𧩼	chi	3658445446
𧩼	zhi	3658403965
𧪞	ge	3658362484
𧪞	he	3658321003
𧪡	chi	3658279522
𧪦	ta	3658238041
𧪮	hua	3658196560
𧪮	xu	3658155079
𧫝	sha	3658113598
𧬁	hao	3658072117
𧬅	zha	3658030636
𧬇	yi	3657989155
𧬌	yan	3657947674
𧬤	zhong	3657906193
𧬨	hui	3657864712
𧬪	gun	3657823231
𧭈	ning	3657781750
𧭞	lie	3657740269
𧭥	luo	3657698788
𧭹	pin	3657657307
𧮆	ying	3657615826
𧮈	jian	3657574345
𧮓	tui	3657532864
𧱻	mi	3657491383
𧴪	suo	3657449902
𧴲	suo	3657408421
𧵊	han	3657366940
𧵊	tan	3657325459
𧵛	ke	3657283978
𧶄	zheng	3657242497
𧶲	duan	3657201016
𧶲	zhuan	3657159535
𧷎	ku	3657118054
𧷛	kui	3657076573
𧷡	lou	3657035092
𧸖	lian	3656993611
𧸖	zhuan	3656952130
𧸘	bian	3656910649
𧸘	jian	3656869168
𧸘	lian	3656827687
𧸦	lan	3656786206
𧸪	zhan	3656744725
𧸫	gun	3656703244
𧹈	reng	3656661763
𧼮	ti	3656620282
𧽢	tuan	3656578801
𧾥	du	3656537320
𨁂	xie	3656495839
𨂐	lai	3656454358
𨃘	qu	3656412877
𨃘	zou	3656371396
𨄉	chan	3656329915
𨄰	zhang	3656288434
𨆅	duo	3656246953
𨆉	tang	3656205472
𨆪	qing	3656163991
𨆱	bing	3656122510
𨇍	nian	3656081029
𨇗	li	3656039548
𨇤	xian	3655998067
𨇯	shuang	3655956586
𨇽	luo	3655915105
𨈀	dian	3655873624
𨈇	lan	3655832143
𨉖	zuan	3655790662
𨉹	guo	3655749181
𨊹	ba	3655707700
𨋚	nian	3655666219
𨋚	ruan	3655624738
𨌄	zang	3655583257
𨌈	tian	3655541776
𨍈	zong	3655500295
𨍏	duo	3655458814
𨍐	xu	3655417333
𨍒	jian	3655375852
𨍒	xian	3655334371
𨍰	ke	3655292890
𨍹	hui	3655251409
𨎌	zhi	3655209928
𨎩	guang	3655168447
𨎪	er	3655126966
𨏒	lei	3655085485
𨏒	luo	3655044004
𨏔	du	3655002523
𨏔	lu	3654961042
𨐃	zhe	3654919561
𨐶	huo	3654878080
𨑊	nong	3654836599
𨘌	huo	3654795118
𨞨	gai	3654753637
𨞪	chou	3654712156
𨞪	shou	3654670675
𨞺	li	3654629194
𨟊	zhi	3654587713
𨟑	li	3654546232
𨢿	dan	3654504751
𨣃	lao	3654463270
𨣈	kui	3654421789
𨣧	ji	3654380308
𨣨	lan	3654338827
𨤡	guang	3654297346
𨥙	jing	3654255865
𨥦	qi	3654214384
𨥺	hong	3654172903
𨦡	yang	3654131422
𨦡	yong	3654089941
𨦱	cong	3654048460
𨧐	tun	3654006979
𨧫	zi	3653965498
𨧰	zu	3653924017
𨨛	he	3653882536
𨨠	ju	3653841055
𨨯	cou	3653799574
𨨯	zhou	3653758093
𨨹	da	3653716612
𨩨	cha	3653675131
𨩰	zu	3653633650
𨪅	jian	3653592169
𨪈	wei	3653550688
𨪕	liu	3653509207
𨫀	zhan	3653467726
𨬒	lan	3653426245
𨬖	chan	3653384764
𨭃	cheng	3653343283
𨭆	hei	3653301802
𨭖	zhan	3653260321
𨭗	guo	3653218840
𨭚	biao	3653177359
𨭛	ge	3653135878
𨭛	la	3653094397
𨮔	yu	3653052916
𨮪	xi	3653011435
𨰠	luo	3652969954
𨰭	zuan	3652928473
𨰵	zhe	3652886992
𨲭	jiao	3652845511
𨲳	nong	3652804030
𨳌	zhen	3652762549
𨳒	diao	3652721068
𨳙	rui	3652679587
𨳚	fen	3652638106
𨳚	xie	3652596625
𨳞	niu	3652555144
𨳿	jian	3652513663
𨳿	ma	3652472182
𨳿	xi	3652430701
𨴑	kuang	3652389220
𨴹	xiao	3652347739
𨴼	ti	3652306258
𨵆	qi	3652264777
𨵌	e	3652223296
𨵗	que	3652181815
𨵦	yu	3652140334
𨵫	nve	3652098853
𨵬	xian	3652057372
𨶈	tang	3652015891
𨶯	e	3651974410
𨶰	guang	3651932929
𨶿	deng	3651891448
𨷻	lan	3651849967
𩅀	dian	3651808486
𩅀	zhi	3651767005
𩅦	dan	3651725524
𩅦	wan	3651684043
𩅾	dan	3651642562
𩉍	jian	3651601081
𩉙	luo	3651559600
𩋬	yang	3651518119
𩋰	zhou	3651476638
𩍜	duo	3651435157
𩎒	han	3651393676
𩎒	jian	3651352195
𩎕	sa	3651310714
𩎖	qian	3651269233
𩎖	qin	3651227752
𩎟	mei	3651186271
𩎟	mo	3651144790
𩎟	wa	3651103309
𩏂	bi	3651061828
𩏂	bing	3651020347
𩏠	zheng	3650978866
𩏴	yu	3650937385
𩏷	jiao	3650895904
𩏷	jiu	3650854423
𩐌	dui	3650812942
𩑃	ye	3650771461
𩑐	chai	3650729980
𩑒	duo	3650688499
𩑔	ku	3650647018
𩑔	ya	3650605537
𩑡	gen	3650564056
𩑡	ku	3650522575
𩑣	you	3650481094
𩑦	mo	3650439613
𩑸	he	3650398132
𩒝	gen	3650356651
𩒺	fu	3650315170
𩒼	hong	3650273689
𩓥	yue	3650232208
𩔇	gao	3650190727
𩔈	po	3650149246
𩔊	zhuan	3650107765
𩔝	qin	3650066284
𩔣	zhan	3650024803
𩔳	ze	3649983322
𩕊	zhan	3649941841
𩖁	nie	3649900360
𩖁	ya	3649858879
𩖰	xin	3649817398
𩖰	xun	3649775917
𩗓	bo	3649734436
𩗩	liu	3649692955
𩗴	beng	3649651474
𩘑	ying	3649609993
𩘻	yu	3649568512
𩙘	long	3649527031
𩛌	shi	3649485550
𩛎	man	3649444069
𩛞	bao	3649402588
𩛞	nei	3649361107
𩛞	piao	3649319626
𩛡	lang	3649278145
𩛡	nang	3649236664
𩛲	mang	3649195183
𩜇	juan	3649153702
𩜰	pi	3649112221
𩜶	tou	3649070740
𩝠	qiu	3649029259
𩝣	da	3648987778
𩝥	su	3648946297
𩝽	jiang	3648904816
𩞃	shang	3648863335
𩞃	xiang	3648821854
𩞆	chuang	3648780373
𩞉	chong	3648738892
𩞧	shang	3648697411
𩞬	deng	3648655930
𩟀	yong	3648614449
𩟂	guo	3648572968
𩟊	nong	3648531487
𩟗	jian	3648490006
𩟠	mo	3648448525
𩡣	yi	3648407044
𩢍	gua	3648365563
𩢖	mo	3648324082
𩢰	fu	3648282601
𩢴	ji	3648241120
𩢴	jie	3648199639
𩢼	kuang	3648158158
𩣊	xu	3648116677
𩣡	bo	3648075196
𩣫	li	3648033715
𩣵	wan	3647992234
𩣵	wo	3647950753
𩤊	jian	3647909272
𩤊	xian	3647867791
𩥅	tao	3647826310
𩥈	wen	3647784829
𩥲	chi	3647743348
𩦐	huo	3647701867
𩦐	shan	3647660386
𩦠	bang	3647618905
𩦺	meng	3647577424
𩧆	la	3647535943
𩧆	lie	3647494462
𩧉	guang	3647452981
𩧐	tuo	3647411500
𩭯	ya	3647370019
𩯃	bi	3647328538
𩯃	fei	3647287057
𩯆	nao	3647245576
𩯳	za	3647204095
𩯳	zan	3647162614
𩯳	zuan	3647121133
𩰹	jing	3647079652
𩱈	chao	3647038171
𩳤	chang	3646996690
𩳤	lang	3646955209
𩴵	gan	3646913728
𩵚	du	3646872247
𩵠	niu	3646830766
𩵠	wei	3646789285
𩵦	mu	3646747804
𩵱	wu	3646706323
𩶁	bing	3646664842
𩶤	xian	3646623361
𩶯	ru	3646581880
𩷓	zhi	3646540399
𩷕	lang	3646498918
𩷕	liang	3646457437
𩷶	mang	3646415956
𩸄	hua	3646374475
𩸞	qi	3646332994
𩸞	yan	3646291513
𩸾	ye	3646250032
𩹂	wei	3646208551
𩹊	you	3646167070
𩹎	an	3646125589
𩹾	na	3646084108
𩺝	ni	3646042627
𩺞	sang	3646001146
𩻗	bu	3645959665
𩻛	cen	3645918184
𩻛	jin	3645876703
𩻟	hui	3645835222
𩻧	guo	3645793741
𩻱	jing	3645752260
𩽇	you	3645710779
𩽴	nian	3645669298
𩽷	ba	3645627817
𩾒	xiao	3645586336
𩾗	diao	3645544855
𩾗	jiao	3645503374
𩾝	han	3645461893
𩾝	yan	3645420412
𩿀	zhong	3645378931
𩿊	huan	3645337450
𩿣	mo	3645295969
𩿤	zha	3645254488
𩿧	fu	3645213007
𩿺	wa	3645171526
𪀉	ge	3645130045
𪀉	ke	3645088564
𪀗	gui	3645047083
𪀘	jiang	3645005602
𪀚	song	3644964121
𪀛	qiong	3644922640
𪀧	lao	3644881159
𪁎	xiao	3644839678
𪁏	chen	3644798197
𪁐	li	3644756716
𪁑	yue	3644715235
𪁕	wo	3644673754
𪁛	yi	3644632273
𪁜	lang	3644590792
𪁱	chuang	3644549311
𪂇	chang	3644507830
𪂈	yan	3644466349
𪂕	yu	3644424868
𪃒	duo	3644383387
𪃦	miao	3644341906
𪃿	ge	3644300425
𪄅	sha	3644258944
𪄆	pi	3644217463
𪄲	shang	3644175982
𪄳	mai	3644134501
𪅂	zhang	3644093020
𪅃	piao	3644051539
𪅖	chong	3644010058
𪅖	zhuang	3643968577
𪅾	qi	3643927096
𪆰	ya	3643885615
𪆱	liu	3643844134
𪆴	kui	3643802653
𪆷	chu	3643761172
𪇄	kou	3643719691
𪇄	ku	3643678210
𪇖	lan	3643636729
𪇘	chou	3643595248
𪇘	tao	3643553767
𪇰	bu	3643512286
𪈼	niao	3643470805
𪉖	lu	3643429324
𪉜	zhan	3643387843
𪉣	lu	3643346362
𪉨	chang	3643304881
𪉮	cou	3643263400
𪉱	bian	3643221919
𪉸	wen	3643180438
𪉿	gan	3643138957
𪊆	ji	3643097476
𪊉	huai	3643055995
𪌘	tou	3643014514
𪌣	ge	3642973033
𪌬	chao	3642931552
𪌬	qu	3642890071
𪌮	sha	3642848590
𪌮	suo	3642807109
𪌰	bo	3642765628
𪌽	hun	3642724147
𪌿	nie	3642682666
𪍅	ye	3642641185
𪍇	chao	3642599704
𪍇	mai	3642558223
𪍇	mo	3642516742
𪍑	chao	3642475261
𪍠	ku	3642433780
𪍣	lou	3642392299
𪍤	mo	3642350818
𪍦	lian	3642309337
𪍲	ti	3642267856
𪍴	lian	3642226375
𪍶	shan	3642184894
𪍿	kuang	3642143413
𪑚	lai	3642101932
𪑚	li	3642060451
𪑳	zhen	3642018970
𪒬	nong	3641977489
𪒿	teng	3641936008
𪓛	yang	3641894527
𪓬	mi	3641853046
𪓰	cu	3641811565
𪓹	ma	3641770084
𪓿	shi	3641728603
𪗋	zi	3641687122
𪗜	hang	3641645641
𪗝	na	3641604160
𪗭	zha	3641562679
𪗻	zhi	3641521198
𪗽	hua	3641479717
𪗽	kuo	3641438236
𪘁	ta	3641396755
𪘁	xia	3641355274
𪘓	cuo	3641313793
𪘥	ji	3641272312
𪘧	zu	3641230831
𪘨	zhai	3641189350
𪘩	kun	3641147869
𪘩	yun	3641106388
𪘬	ya	3641064907
𪘬	yi	3641023426
𪘲	ci	3640981945
𪘲	ya	3640940464
𪘲	yi	3640898983
𪙍	bo	3640857502
𪙏	jia	3640816021
𪙏	jie	3640774540
𪙞	chan	3640733059
𪙤	yin	3640691578
𪚅	jue	3640650097
𪚇	za	3640608616
𪚭	gou	3640567135
𪚮	ran	3640525654
𪚰	jiao	3640484173
藉	ji	3640442692
徵	zhi	3640401211
幺	yao	3640359730
於	wu	3640318249
俠	xia	3640276768
傯	zong	3640235287
僂	lou	3640193806
僂	lv	3640152325
僕	pu	3640110844
價	jie	3640069363
儈	kuai	3640027882
儔	chou	3639986401
劉	liu	3639944920
區	ou	3639903439
參	san	3639861958
喬	qiao	3639820477
單	chan	3639778996
單	shan	3639737515
囉	luo	3639696034
墮	duo	3639654553
壇	tan	3639613072
婁	lou	3639571591
嬀	gui	3639530110
孌	luan	3639488629
孿	luan	3639447148
屢	lv	3639405667
屬	zhu	3639364186
廈	xia	3639322705
廝	si	3639281224
廬	lu	3639239743
從	zong	3639198262
挾	jia	3639156781
搵	wen	3639115300
擯	bin	3639073819
攜	xi	3639032338
攣	luan	3638990857
數	shuo	3638949376
棲	qi	3638907895
殯	bin	3638866414
淺	jian	3638824933
滬	hu	3638783452
潙	gui	3638741971
潙	wei	3638700490
瓊	qiong	3638659009
痾	e	3638617528
痾	ke	3638576047
矯	jiao	3638534566
禱	dao	3638493085
稟	bing	3638451604
窪	wa	3638410123
筍	sun	3638368642
簍	lou	3638327161
籮	shi	3638285680
縕	yun	3638244199
羅	luo	3638202718
腳	jue	3638161237
臘	la	3638119756
荊	jing	3638078275
葉	she	3638036794
蓋	ge	3637995313
蔿	wei	3637953832
虯	qiu	3637912351
螻	lou	3637870870
蟄	zhe	3637829389
蠻	man	3637787908
袞	gun	3637746427
邇	er	3637704946
醞	yun	3637663465
釐	xi	3637621984
鑈	ni	3637580503
鑈	nie	3637539022
鑾	luan	3637497541
钂	tang	3637456060
雋	juan	3637414579
雋	jun	3637373098
鯗	xiang	3637331617
鷉	si	3637290136
鷉	ti	3637248655
鹵	lu	3637207174
齋	zhai	3637165693
𧬞	yun	3637124212
𩿥	qu	3637082731
瘻	lou	3637041250
罈	tan	3636999769
麼	ma	3636958288
麼	mo	3636916807
阿	e	3636875326
唉	ai	3636833845
癌	yan	3636792364
艾	ai	3636750883
鞍	an	3636709402
胺	an	3636667921
肮	ang	3636626440
肮	gang	3636584959
肮	hang	3636543478
盎	ang	3636501997
敖	ao	3636460516
翱	ao	3636419035
懊	ao	3636377554
澳	ao	3636336073
芭	ba	3636294592
捌	ba	3636253111
扒	pa	3636211630
疤	ba	3636170149
跋	ba	3636128668
靶	ba	3636087187
耙	ba	3636045706
耙	pa	3636004225
柏	bo	3635962744
佰	bai	3635921263
稗	bai	3635879782
斑	ban	3635838301
扳	pan	3635796820
般	pan	3635755339
榜	peng	3635713858
膀	pang	3635672377
蚌	bang	3635630896
蚌	beng	3635589415
苞	bao	3635547934
褒	bao	3635506453
堡	pu	3635464972
焙	bei	3635423491
苯	ben	3635382010
迸	beng	3635340529
蓖	bi	3635299048
毖	bi	3635257567
庇	bi	3635216086
敝	bi	3635174605
弊	bi	3635133124
陛	bi	3635091643
扁	pian	3635050162
卞	bian	3635008681
彪	biao	3634967200
膘	biao	3634925719
彬	bin	3634884238
斌	bin	3634842757
秉	bing	3634801276
炳	bing	3634759795
菠	bo	3634718314
箔	bo	3634676833
帛	bo	3634635352
渤	bo	3634593871
卜	bu	3634552390
簿	bu	3634510909
睬	cai	3634469428
蔡	cai	3634427947
藏	zang	3634386466
曹	cao	3634344985
叉	cha	3634303504
茬	cha	3634262023
查	zha	3634220542
碴	cha	3634179061
搽	cha	3634137580
岔	cha	3634096099
差	ci	3634054618
昌	chang	3634013137
猖	chang	3633971656
嘲	zhao	3633930175
掣	che	3633888694
澈	che	3633847213
郴	chen	3633805732
辰	chen	3633764251
橙	cheng	3633722770
乘	sheng	3633681289
澄	cheng	3633639808
澄	deng	3633598327
逞	cheng	3633556846
吃	ji	3633515365
痴	chi	3633473884
匙	chi	3633432403
弛	chi	3633390922
弛	shi	3633349441
侈	chi	3633307960
尺	che	3633266479
仇	qiu	3633224998
臭	xiu	3633183517
滁	chu	3633142036
搐	chu	3633100555
川	chuan	3633059074
椽	chuan	3633017593
幢	chuang	3632976112
幢	zhuang	3632934631
椿	chun	3632893150
醇	chun	3632851669
唇	zhen	3632810188
蠢	chun	3632768707
戳	chuo	3632727226
疵	ci	3632685745
茨	ci	3632644264
囱	chuang	3632602783
篡	cuan	3632561302
崔	cui	3632519821
瘁	cui	3632478340
淬	cui	3632436859
翠	cui	3632395378
磋	cuo	3632353897
撮	cuo	3632312416
歹	dai	3632270935
傣	dai	3632229454
殆	dai	3632187973
怠	dai	3632146492
堤	ti	3632105011
迪	di	3632063530
狄	di	3632022049
翟	di	3631980568
翟	zhai	3631939087
嫡	di	3631897606
底	de	3631856125
蒂	di	3631814644
弟	ti	3631773163
掂	dian	3631731682
滇	dian	3631690201
碘	dian	3631648720
靛	dian	3631607239
碉	diao	3631565758
凋	diao	3631524277
刁	diao	3631482796
迭	die	3631441315
鼎	ding	3631399834
董	dong	3631358353
侗	dong	3631316872
侗	tong	3631275391
恫	dong	3631233910
痘	dou	3631192429
睹	du	3631150948
度	duo	3631109467
妒	du	3631067986
敦	dun	3631026505
囤	dun	3630985024
囤	tun	3630943543
遁	dun	3630902062
掇	duo	3630860581
垛	duo	3630819100
舵	duo	3630777619
剁	duo	3630736138
惰	duo	3630694657
娥	e	3630653176
厄	e	3630611695
扼	e	3630570214
遏	e	3630528733
鄂	e	3630487252
恩	en	3630445771
洱	er	3630404290
筏	fa	3630362809
藩	fan	3630321328
番	pan	3630279847
樊	fan	3630238366
芳	fang	3630196885
菲	fei	3630155404
吠	fei	3630113923
芬	fen	3630072442
酚	fen	3630030961
焚	fen	3629989480
汾	fen	3629947999
烽	feng	3629906518
佛	fo	3629865037
否	pi	3629823556
拂	fu	3629782075
氟	fu	3629740594
涪	fu	3629699113
弗	fu	3629657632
釜	fu	3629616151
脯	fu	3629574670
腑	fu	3629533189
阜	fu	3629491708
噶	ga	3629450227
嘎	ga	3629408746
柑	gan	3629367265
肛	gang	3629325784
杠	gang	3629284303
篙	gao	3629242822
皋	gao	3629201341
戈	ge	3629159860
葛	ge	3629118379
蛤	ge	3629076898
庚	geng	3629035417
羹	geng	3628993936
埂	geng	3628952455
耿	geng	3628910974
恭	gong	3628869493
苟	gou	3628828012
垢	gou	3628786531
箍	gu	3628745050
沽	gu	3628703569
谷	yu	3628662088
冠	guan	3628620607
瑰	gui	3628579126
圭	gui	3628537645
癸	gui	3628496164
桂	gui	3628454683
郭	guo	3628413202
骸	hai	3628371721
氦	hai	3628330240
亥	hai	3628288759
酣	han	3628247278
憨	han	3628205797
邯	han	3628164316
涵	han	3628122835
函	han	3628081354
罕	han	3628039873
翰	han	3627998392
悍	han	3627956911
夯	ben	3627915430
夯	hang	3627873949
杭	hang	3627832468
嚎	hao	3627790987
郝	hao	3627749506
菏	he	3627708025
禾	he	3627666544
和	han	3627625063
和	hu	3627583582
合	ge	3627542101
貉	hao	3627500620
貉	he	3627459139
貉	mo	3627417658
涸	he	3627376177
赫	he	3627334696
亨	heng	3627293215
虹	hong	3627251734
虹	jiang	3627210253
弘	hong	3627168772
侯	hou	3627127291
弧	hu	3627085810
滑	gu	3627044329
淮	huai	3627002848
桓	huan	3626961367
痪	huan	3626919886
痪	tuan	3626878405
豢	huan	3626836924
宦	huan	3626795443
簧	huang	3626753962
幌	huang	3626712481
徽	hui	3626671000
蛔	hui	3626629519
卉	hui	3626588038
惠	hui	3626546557
晦	hui	3626505076
豁	hua	3626463595
霍	huo	3626422114
圾	se	3626380633
畸	ji	3626339152
稽	ji	3626297671
稽	qi	3626256190
箕	ji	3626214709
姬	ji	3626173228
棘	ji	3626131747
汲	ji	3626090266
嫉	ji	3626048785
冀	ji	3626007304
伎	ji	3625965823
祭	ji	3625924342
祭	zhai	3625882861
悸	ji	3625841380
忌	ji	3625799899
妓	ji	3625758418
嘉	jia	3625716937
枷	jia	3625675456
柬	jian	3625633975
碱	xian	3625592494
礁	jiao	3625551013
嚼	jiao	3625509532
剿	chao	3625468051
酵	xiao	3625426570
秸	jie	3625385089
劫	jie	3625343608
桔	jie	3625302127
解	xie	3625260646
芥	jie	3625219165
疥	jie	3625177684
靳	jin	3625136203
兢	jing	3625094722
京	jing	3625053241
粳	jing	3625011760
靖	jing	3624970279
窘	jiong	3624928798
玖	jiu	3624887317
韭	jiu	3624845836
灸	jiu	3624804355
臼	jiu	3624762874
咎	jiu	3624721393
疚	jiu	3624679912
狙	ju	3624638431
疽	ju	3624596950
沮	ju	3624555469
踞	ju	3624513988
句	gou	3624472507
炬	ju	3624431026
娟	juan	3624389545
眷	juan	3624348064
攫	jue	3624306583
抉	jue	3624265102
倔	jue	3624223621
爵	jue	3624182140
俊	jun	3624140659
竣	jun	3624099178
浚	jun	3624057697
郡	jun	3624016216
喀	ka	3623974735
咖	ga	3623933254
咖	jia	3623891773
卡	qia	3623850292
咯	ge	3623808811
咯	lo	3623767330
咯	luo	3623725849
楷	jie	3623684368
楷	kai	3623642887
糠	kang	3623601406
扛	gang	3623559925
亢	kang	3623518444
拷	kao	3623476963
坷	ke	3623435482
苛	ke	3623394001
柯	ke	3623352520
吭	hang	3623311039
胯	kua	3623269558
匡	kuang	3623228077
奎	kui	3623186596
魁	kui	3623145115
傀	gui	3623103634
傀	kui	3623062153
坤	kun	3623020672
括	gua	3622979191
垃	le	3622937710
婪	lan	3622896229
琅	lang	3622854748
榔	lang	3622813267
廊	lang	3622771786
郎	lang	3622730305
佬	lao	3622688824
姥	lao	3622647343
姥	mu	3622605862
酪	lao	3622564381
酪	luo	3622522900
烙	lao	3622481419
勒	le	3622439938
蕾	lei	3622398457
儡	lei	3622356976
擂	lei	3622315495
肋	le	3622274014
肋	lei	3622232533
棱	cheng	3622191052
棱	leng	3622149571
棱	ling	3622108090
楞	leng	3622066609
漓	li	3622025128
莉	li	3621983647
吏	li	3621942166
栗	li	3621900685
傈	li	3621859204
俐	li	3621817723
痢	li	3621776242
粱	liang	3621734761
燎	liao	3621693280
寥	liao	3621651799
潦	lao	3621610318
潦	liao	3621568837
廖	liao	3621527356
琳	lin	3621485875
霖	lin	3621444394
吝	lin	3621402913
拎	lin	3621361432
菱	ling	3621319951
羚	ling	3621278470
凌	ling	3621236989
琉	liu	3621195508
瘤	liu	3621154027
麓	lu	3621112546
露	lou	3621071065
潞	lu	3621029584
戮	lu	3620988103
履	lv	3620946622
氯	lv	3620905141
螺	luo	3620863660
裸	luo	3620822179
洛	luo	3620780698
蔓	man	3620739217
曼	man	3620697736
氓	meng	3620656255
莽	mang	3620614774
卯	mao	3620573293
玫	mei	3620531812
媒	mei	3620490331
寐	mei	3620448850
媚	mei	3620407369
萌	meng	3620365888
檬	meng	3620324407
孟	meng	3620282926
醚	mi	3620241445
靡	mi	3620199964
糜	mei	3620158483
糜	mi	3620117002
秘	bi	3620075521
冕	mian	3620034040
娩	mian	3619992559
娩	wan	3619951078
藐	miao	3619909597
皿	min	3619868116
螟	ming	3619826635
摹	mo	3619785154
牟	mou	3619743673
牟	mu	3619702192
暮	mu	3619660711
募	mu	3619619230
睦	mu	3619577749
哪	nei	3619536268
娜	na	3619494787
娜	nuo	3619453306
氖	nai	3619411825
囊	nang	3619370344
淖	nao	3619328863
妮	ni	3619287382
霓	ni	3619245901
倪	ni	3619204420
尼	ni	3619162939
匿	ni	3619121458
逆	ni	3619079977
溺	ni	3619038496
溺	niao	3618997015
蔫	nian	3618955534
拈	nian	3618914053
尿	sui	3618872572
孽	nie	3618831091
涅	nie	3618789610
弄	long	3618748129
女	ru	3618706648
虐	nve	3618665167
挪	nuo	3618623686
懦	nuo	3618582205
糯	nuo	3618540724
藕	ou	3618499243
啪	pia	3618457762
琶	pa	3618416281
潘	pan	3618374800
磐	pan	3618333319
耪	pang	3618291838
刨	bao	3618250357
炮	bao	3618208876
胚	pei	3618167395
裴	pei	3618125914
抨	peng	3618084433
烹	peng	3618042952
彭	peng	3618001471
硼	peng	3617959990
砒	pi	3617918509
霹	pi	3617877028
琵	pi	3617835547
毗	pi	3617794066
痞	pi	3617752585
僻	pi	3617711104
撇	pie	3617669623
聘	pin	3617628142
坪	ping	3617586661
萍	ping	3617545180
屏	bing	3617503699
粕	po	3617462218
剖	po	3617420737
莆	pu	3617379256
蒲	pu	3617337775
埔	bu	3617296294
埔	pu	3617254813
圃	pu	3617213332
浦	pu	3617171851
曝	bao	3617130370
曝	pu	3617088889
瀑	bao	3617047408
期	ji	3617005927
柒	qi	3616964446
奇	ji	3616922965
歧	qi	3616881484
畦	qi	3616840003
祈	qi	3616798522
祁	qi	3616757041
乞	qi	3616715560
契	qi	3616674079
迄	qi	3616632598
洽	qia	3616591117
扦	qian	3616549636
仟	qian	3616508155
黔	qian	3616466674
嵌	kan	3616425193
羌	qiang	3616383712
橇	qiao	3616342231
鞘	qiao	3616300750
撬	qiao	3616259269
俏	qiao	3616217788
茄	qie	3616176307
秦	qin	3616134826
芹	qin	3616093345
擒	qin	3616051864
禽	qin	3616010383
沁	qin	3615968902
卿	qing	3615927421
擎	qing	3615885940
氰	qing	3615844459
邱	qiu	3615802978
囚	qiu	3615761497
酋	qiu	3615720016
泅	qiu	3615678535
渠	ju	3615637054
醛	quan	3615595573
痊	quan	3615554092
券	quan	3615512611
炔	gui	3615471130
炔	que	3615429649
瘸	que	3615388168
榷	que	3615346687
雀	qiao	3615305206
冉	ran	3615263725
瓤	rang	3615222244
攘	rang	3615180763
壬	ren	3615139282
仁	ren	3615097801
刃	ren	3615056320
妊	ren	3615014839
戎	rong	3614973358
蓉	rong	3614931877
冗	rong	3614890396
茹	ru	3614848915
儒	ru	3614807434
孺	ru	3614765953
汝	ru	3614724472
褥	ru	3614682991
阮	ruan	3614641510
蕊	rui	3614600029
瑞	rui	3614558548
洒	cui	3614517067
洒	sen	3614475586
洒	xi	3614434105
洒	xian	3614392624
洒	xun	3614351143
瑟	se	3614309662
色	shai	3614268181
僧	seng	3614226700
莎	sha	3614185219
莎	suo	3614143738
苫	shan	3614102257
煽	shan	3614060776
擅	shan	3614019295
膳	shan	3613977814
汕	shan	3613936333
墒	shang	3613894852
裳	chang	3613853371
芍	shao	3613811890
勺	shao	3613770409
韶	shao	3613728928
邵	shao	3613687447
奢	she	3613645966
赦	she	3613604485
射	ye	3613563004
射	yi	3613521523
砷	shen	3613480042
娠	shen	3613438561
沈	chen	3613397080
沈	shen	3613355599
甥	sheng	3613314118
省	xing	3613272637
虱	shi	3613231156
石	dan	3613189675
什	she	3613148194
什	shi	3613106713
食	si	3613065232
矢	shi	3613023751
柿	shi	3612982270
嗜	shi	3612940789
噬	shi	3612899308
仕	shi	3612857827
恃	shi	3612816346
抒	shu	3612774865
淑	shu	3612733384
孰	shu	3612691903
熟	shou	3612650422
曙	shu	3612608941
蜀	shu	3612567460
黍	shu	3612525979
戍	shu	3612484498
墅	shu	3612443017
庶	shu	3612401536
漱	shu	3612360055
恕	shu	3612318574
衰	cui	3612277093
栓	shuan	3612235612
吮	shun	3612194131
瞬	shun	3612152650
舜	shun	3612111169
朔	shuo	3612069688
肆	si	3612028207
寺	si	3611986726
嗣	si	3611945245
伺	si	3611903764
巳	si	3611862283
宋	song	3611820802
酥	su	3611779321
粟	su	3611737840
僳	su	3611696359
溯	su	3611654878
隋	sui	3611613397
髓	sui	3611571916
遂	sui	3611530435
祟	sui	3611488954
蓑	suo	3611447473
梭	suo	3611405992
唆	suo	3611364511
苔	tai	3611323030
泰	tai	3611281549
酞	tai	3611240068
坍	tan	3611198587
檀	tan	3611157106
袒	tan	3611115625
棠	tang	3611074144
唐	tang	3611032663
嚏	ti	3610991182
剃	ti	3610949701
恬	tian	3610908220
腆	tian	3610866739
迢	tiao	3610825258
帖	tie	3610783777
汀	ting	3610742296
廷	ting	3610700815
桐	tong	3610659334
酮	tong	3610617853
瞳	tong	3610576372
彤	tong	3610534891
捅	tong	3610493410
湍	tuan	3610451929
褪	tui	3610410448
褪	tun	3610368967
屯	tun	3610327486
屯	zhun	3610286005
臀	tun	3610244524
陀	tuo	3610203043
拓	ta	3610161562
拓	tuo	3610120081
烷	wan	3610078600
皖	wan	3610037119
宛	wan	3609995638
婉	wan	3609954157
腕	wan	3609912676
萎	wei	3609871195
尾	yi	3609829714
蔚	wei	3609788233
蔚	yu	3609746752
魏	wei	3609705271
渭	wei	3609663790
尉	wei	3609622309
尉	yu	3609580828
瘟	wen	3609539347
紊	wen	3609497866
瓮	weng	3609456385
斡	wo	3609414904
巫	wu	3609373423
梧	wu	3609331942
吾	wu	3609290461
毋	wu	3609248980
戊	wu	3609207499
晤	wu	3609166018
勿	wu	3609124537
昔	xi	3609083056
熙	xi	3609041575
硒	xi	3609000094
矽	xi	3608958613
烯	xi	3608917132
汐	xi	3608875651
檄	xi	3608834170
匣	xia	3608792689
暇	xia	3608751208
舷	xian	3608709727
涎	xian	3608668246
腺	xian	3608626765
羡	yi	3608585284
襄	xiang	3608543803
湘	xiang	3608502322
霄	xiao	3608460841
淆	xiao	3608419360
淆	yao	3608377879
孝	xiao	3608336398
校	jiao	3608294917
楔	xie	3608253436
蝎	he	3608211955
蝎	xie	3608170474
邪	xie	3608128993
蟹	xie	3608087512
懈	xie	3608046031
忻	xin	3608004550
惺	xing	3607963069
邢	xing	3607921588
杏	xing	3607880107
匈	xiong	3607838626
羞	xiu	3607797145
墟	xu	3607755664
戌	xu	3607714183
酗	xu	3607672702
旭	xu	3607631221
恤	xu	3607589740
絮	xu	3607548259
婿	xu	3607506778
喧	xuan	3607465297
玄	xuan	3607423816
眩	xuan	3607382335
薛	xue	3607340854
穴	xue	3607299373
殉	xun	3607257892
崖	yai	3607216411
涯	ya	3607174930
雅	ya	3607133449
焉	yan	3607091968
蜒	yan	3607050487
奄	yan	3607009006
雁	yan	3606967525
唁	yan	3606926044
殃	yang	3606884563
佯	yang	3606843082
妖	yao	3606801601
姚	yao	3606760120
椰	ye	3606718639
噎	ye	3606677158
耶	ye	3606635677
掖	ye	3606594196
曳	ye	3606552715
腋	ye	3606511234
液	yi	3606469753
壹	yi	3606428272
揖	yi	3606386791
夷	yi	3606345310
胰	yi	3606303829
沂	yi	3606262348
彝	yi	3606220867
乙	zhe	3606179386
矣	yi	3606137905
邑	yi	3606096424
臆	yi	3606054943
逸	yi	3606013462
肄	yi	3605971981
裔	yi	3605930500
溢	yi	3605889019
翌	yi	3605847538
茵	yin	3605806057
殷	yan	3605764576
殷	yin	3605723095
淫	yin	3605681614
寅	yin	3605640133
尹	yin	3605598652
盈	ying	3605557171
佣	yong	3605515690
臃	yong	3605474209
雍	yong	3605432728
踊	yong	3605391247
蛹	yong	3605349766
涌	chong	3605308285
恿	yong	3605266804
幽	you	3605225323
酉	you	3605183842
釉	you	3605142361
迂	yu	3605100880
淤	yu	3605059399
盂	yu	3605017918
榆	yu	3604976437
虞	yu	3604934956
俞	yu	3604893475
逾	yu	3604851994
渝	yu	3604810513
隅	yu	3604769032
禹	yu	3604727551
芋	yu	3604686070
吁	a	3604644589
喻	yu	3604603108
峪	yu	3604561627
浴	yu	3604520146
垣	yuan	3604478665
袁	yuan	3604437184
苑	yuan	3604395703
岳	yue	3604354222
耘	yun	3604312741
孕	yun	3604271260
匝	za	3604229779
哉	zai	3604188298
咱	za	3604146817
藻	zao	3604105336
蚤	zao	3604063855
怎	ze	3604022374
憎	zeng	3603980893
曾	zeng	3603939412
喳	cha	3603897931
喳	zha	3603856450
札	zha	3603814969
榨	zha	3603773488
咋	ze	3603732007
咋	zha	3603690526
乍	zha	3603649045
寨	zhai	3603607564
詹	zhan	3603566083
粘	nian	3603524602
湛	zhan	3603483121
彰	zhang	3603441640
漳	zhang	3603400159
杖	zhang	3603358678
瘴	zhang	3603317197
昭	zhao	3603275716
沼	zhao	3603234235
兆	zhao	3603192754
肇	zhao	3603151273
召	shao	3603109792
浙	zhe	3603068311
斟	zhen	3603026830
甄	zhen	3602985349
砧	zhen	3602943868
臻	zhen	3602902387
疹	zhen	3602860906
拯	zheng	3602819425
吱	zhi	3602777944
吱	zi	3602736463
侄	zhi	3602694982
趾	zhi	3602653501
旨	zhi	3602612020
峙	zhi	3602570539
炙	zhi	3602529058
痔	zhi	3602487577
窒	zhi	3602446096
盅	zhong	3602404615
衷	zhong	3602363134
仲	zhong	3602321653
粥	yu	3602280172
肘	zhou	3602238691
朱	zhu	3602197210
拽	ye	3602155729
拽	zhuai	3602114248
撰	zhuan	3602072767
篆	zhuan	3602031286
椎	chui	3601989805
椎	zhui	3601948324
追	dui	3601906843
拙	zhuo	3601865362
卓	zhuo	3601823881
琢	zhuo	3601782400
酌	zhuo	3601740919
灼	zhuo	3601699438
咨	zi	3601657957
淄	zi	3601616476
孜	zi	3601574995
仔	zai	3601533514
滓	zi	3601492033
鬃	zong	3601450552
棕	zong	3601409071
卒	cu	3601367590
卒	zu	3601326109
纂	zuan	3601284628
佐	zuo	3601243147
柞	zha	3601201666
柞	zuo	3601160185
亍	chu	3601118704
丌	ji	3601077223
丌	qi	3601035742
兀	wu	3600994261
丐	gai	3600952780
卅	sa	3600911299
丕	pi	3600869818
亘	gen	3600828337
亘	geng	3600786856
亘	huan	3600745375
亘	xuan	3600703894
丞	cheng	3600662413
鬲	ge	3600620932
鬲	li	3600579451
孬	huai	3600537970
孬	nao	3600496489
噩	e	3600455008
丨	gun	3600413527
丨	shu	3600372046
禺	ou	3600330565
禺	yu	3600289084
丿	pie	3600247603
匕	bi	3600206122
乇	tuo	3600164641
乇	zhe	3600123160
夭	yao	3600081679
爻	yao	3600040198
卮	zhi	3599998717
氐	di	3599957236
囟	xin	3599915755
胤	yin	3599874274
馗	kui	3599832793
毓	yu	3599791312
睾	gao	3599749831
鼗	tao	3599708350
丶	dian	3599666869
丶	zhu	3599625388
亟	ji	3599583907
亟	qi	3599542426
鼐	nai	3599500945
乜	mie	3599459464
乩	ji	3599417983
亓	qi	3599376502
孛	bei	3599335021
嘏	gu	3599293540
嘏	jia	3599252059
仄	ze	3599210578
厝	cuo	3599169097
厥	jue	3599127616
匚	fang	3599086135
叵	po	3599044654
卦	gua	3599003173
卣	you	3598961692
刂	dao	3598920211
刈	yi	3598878730
刎	wen	3598837249
刳	ku	3598795768
剌	la	3598754287
剞	ji	3598712806
剡	shan	3598671325
剡	yan	3598629844
剜	wan	3598588363
蒯	kuai	3598546882
剽	piao	3598505401
劂	jue	3598463920
劁	qiao	3598422439
劐	hua	3598380958
劐	huo	3598339477
劓	yi	3598297996
冂	jiong	3598256515
罔	wang	3598215034
亻	ren	3598173553
仃	ding	3598132072
仉	zhang	3598090591
仂	le	3598049110
仨	sa	3598007629
仡	ge	3597966148
仡	yi	3597924667
仫	mu	3597883186
仞	ren	3597841705
仳	pi	3597800224
伢	ya	3597758743
佤	wa	3597717262
仵	wu	3597675781
伉	kang	3597634300
佞	ning	3597592819
佧	ka	3597551338
攸	you	3597509857
佚	yi	3597468376
佝	gou	3597426895
佝	kou	3597385414
佟	tong	3597343933
佗	tuo	3597302452
伲	ni	3597260971
伽	jia	3597219490
佶	ji	3597178009
佴	er	3597136528
佴	nai	3597095047
侑	you	3597053566
侉	kua	3597012085
侃	kan	3596970604
侏	zhu	3596929123
佾	yi	3596887642
佻	tiao	3596846161
佼	jiao	3596804680
侔	mou	3596763199
俅	qiu	3596721718
俚	li	3596680237
俜	ping	3596638756
俑	yong	3596597275
俟	qi	3596555794
俟	si	3596514313
俸	feng	3596472832
倩	qian	3596431351
偌	ruo	3596389870
俳	pai	3596348389
倬	zhuo	3596306908
倏	shu	3596265427
倮	luo	3596223946
倭	wo	3596182465
俾	bi	3596140984
倜	ti	3596099503
倌	guan	3596058022
倥	kong	3596016541
倨	ju	3595975060
偃	yan	3595933579
偕	jie	3595892098
偕	xie	3595850617
偈	ji	3595809136
偈	jie	3595767655
傺	chi	3595726174
僖	xi	3595684693
儆	jing	3595643212
僭	jian	3595601731
僬	jiao	3595560250
僦	jiu	3595518769
僮	tong	3595477288
僮	zhuang	3595435807
儇	xuan	3595394326
儋	dan	3595352845
仝	tong	3595311364
氽	tun	3595269883
佘	she	3595228402
俎	zu	3595186921
龠	yue	3595145440
汆	cuan	3595103959
籴	di	3595062478
籴	za	3595020997
兮	xi	3594979516
巽	xun	3594938035
馘	guo	3594896554
夔	kui	3594855073
勹	bao	3594813592
匍	pu	3594772111
訇	hong	3594730630
匐	fu	3594689149
夙	su	3594647668
兕	si	3594606187
亠	tou	3594564706
亳	bo	3594523225
袤	mao	3594481744
脔	ji	3594440263
脔	luan	3594398782
裒	pou	3594357301
嬴	ying	3594315820
蠃	luo	3594274339
羸	lei	3594232858
冫	bing	3594191377
冱	hu	3594149896
冽	lie	3594108415
冼	xian	3594066934
凇	song	3594025453
冖	mi	3593983972
冢	zhong	3593942491
冥	ming	3593901010
卩	jie	3593859529
卺	jin	3593818048
阝	fu	3593776567
阢	wei	3593735086
阢	wu	3593693605
阡	qian	3593652124
阱	jing	3593610643
阽	dian	3593569162
阽	yan	3593527681
阼	zuo	3593486200
陂	bei	3593444719
陂	pi	3593403238
陂	po	3593361757
陔	gai	3593320276
陟	zhi	3593278795
陬	zou	3593237314
陲	chui	3593195833
陴	pi	3593154352
隈	wei	3593112871
隍	huang	3593071390
隗	wei	3593029909
隰	xi	3592988428
邗	han	3592946947
邛	qiong	3592905466
邙	mang	3592863985
邡	fang	3592822504
邴	bing	3592781023
邳	pi	3592739542
邶	bei	3592698061
邺	qiu	3592656580
邺	ye	3592615099
邸	di	3592573618
邰	tai	3592532137
郅	zhi	3592490656
邾	zhu	3592449175
郄	qie	3592407694
郄	que	3592366213
郄	xi	3592324732
郇	huan	3592283251
郇	xun	3592241770
郢	ying	3592200289
郜	gao	3592158808
郗	chi	3592117327
郗	xi	3592075846
郛	fu	3592034365
郫	pi	3591992884
郯	tan	3591951403
郾	yan	3591909922
鄄	juan	3591868441
鄢	yan	3591826960
鄞	yin	3591785479
鄣	zhang	3591743998
鄱	po	3591702517
鄯	shan	3591661036
鄹	zou	3591619555
酃	ling	3591578074
酆	feng	3591536593
劬	qu	3591495112
劭	shao	3591453631
劾	he	3591412150
哿	ge	3591370669
勐	meng	3591329188
勖	xu	3591287707
勰	xie	3591246226
叟	sou	3591204745
燮	xie	3591163264
矍	jue	3591121783
廴	yin	3591080302
凵	qian	3591038821
凵	qu	3590997340
凼	dang	3590955859
鬯	chang	3590914378
厶	mou	3590872897
厶	si	3590831416
弁	bian	3590789935
畚	ben	3590748454
坌	ben	3590706973
垩	e	3590665492
垩	sheng	3590624011
垡	fa	3590582530
塾	shu	3590541049
墼	ji	3590499568
壅	yong	3590458087
壑	he	3590416606
圩	wei	3590375125
圩	xu	3590333644
圩	yu	3590292163
圬	wu	3590250682
圪	ge	3590209201
圳	zhen	3590167720
圮	pi	3590126239
圯	yi	3590084758
圻	qi	3590043277
坩	gan	3590001796
坫	dian	3589960315
坼	che	3589918834
坻	chi	3589877353
坻	di	3589835872
坨	tuo	3589794391
坭	ni	3589752910
坶	mei	3589711429
坶	mu	3589669948
坳	ao	3589628467
垤	die	3589586986
垌	dong	3589545505
垌	tong	3589504024
埏	shan	3589462543
埏	yan	3589421062
垧	shang	3589379581
垓	gai	3589338100
垠	yin	3589296619
埕	cheng	3589255138
埒	lei	3589213657
埒	lie	3589172176
垸	huan	3589130695
垸	yuan	3589089214
埴	zhi	3589047733
埯	an	3589006252
埯	yan	3588964771
埸	yi	3588923290
埤	pi	3588881809
埝	dian	3588840328
埝	nian	3588798847
埝	nie	3588757366
堋	peng	3588715885
堍	tu	3588674404
埽	sao	3588632923
埭	dai	3588591442
堀	ku	3588549961
堞	die	3588508480
堙	yin	3588466999
塄	leng	3588425518
堠	hou	3588384037
塥	ge	3588342556
塬	yuan	3588301075
墁	man	3588259594
墉	yong	3588218113
墚	liang	3588176632
墀	chi	3588135151
馨	xin	3588093670
鼙	pi	3588052189
懿	yi	3588010708
艹	cao	3587969227
艽	jiao	3587927746
艽	qiu	3587886265
艿	nai	3587844784
芏	du	3587803303
芊	qian	3587761822
芨	ji	3587720341
芄	wan	3587678860
芎	qiong	3587637379
芎	xiong	3587595898
芑	qi	3587554417
芙	fu	3587512936
芫	yan	3587471455
芫	yuan	3587429974
芸	yi	3587388493
芸	yun	3587347012
芾	fei	3587305531
芾	fu	3587264050
芰	ji	3587222569
苊	e	3587181088
苣	ju	3587139607
芘	bi	3587098126
芘	pi	3587056645
芷	zhi	3587015164
芮	rui	3586973683
芩	qin	3586932202
芴	wu	3586890721
芡	qian	3586849240
芪	chi	3586807759
芪	qi	3586766278
芟	shan	3586724797
苄	bian	3586683316
芤	kou	3586641835
苡	yi	3586600354
茉	mo	3586558873
苷	gan	3586517392
苤	pie	3586475911
茇	ba	3586434430
苜	mu	3586392949
苴	ju	3586351468
苒	ran	3586309987
苘	qing	3586268506
茌	chi	3586227025
苻	fu	3586185544
苓	ling	3586144063
茚	yin	3586102582
茆	mao	3586061101
苠	min	3586019620
苕	shao	3585978139
苕	tiao	3585936658
茜	qian	3585895177
茜	xi	3585853696
荑	ti	3585812215
荑	yi	3585770734
茈	ci	3585729253
茈	zi	3585687772
莒	ju	3585646291
茼	tong	3585604810
茴	hui	3585563329
茱	zhu	3585521848
莛	ting	3585480367
茯	fu	3585438886
荏	ren	3585397405
荇	xing	3585355924
荃	quan	3585314443
荀	xun	3585272962
茗	ming	3585231481
茭	jiao	3585190000
茺	chong	3585148519
茳	jiang	3585107038
茛	gen	3585065557
莰	kan	3585024076
荸	bi	3584982595
莠	you	3584941114
莪	e	3584899633
莓	mei	3584858152
莜	di	3584816671
莜	diao	3584775190
莜	you	3584733709
荼	tu	3584692228
莩	fu	3584650747
莩	piao	3584609266
荽	sui	3584567785
荻	di	3584526304
莘	shen	3584484823
莘	xin	3584443342
莞	guan	3584401861
莞	wan	3584360380
莨	lang	3584318899
菁	jing	3584277418
萁	qi	3584235937
菥	si	3584194456
菥	xi	3584152975
菘	song	3584111494
堇	jin	3584070013
萘	nai	3584028532
萋	qi	3583987051
菝	ba	3583945570
菽	shu	3583904089
菖	chang	3583862608
萜	tie	3583821127
萸	yu	3583779646
萑	huan	3583738165
萑	tui	3583696684
萑	zhui	3583655203
萆	bi	3583613722
菔	fu	3583572241
菟	tu	3583530760
萏	dan	3583489279
萃	cui	3583447798
菸	yan	3583406317
菸	yu	3583364836
菹	ju	3583323355
菹	zu	3583281874
菪	dang	3583240393
菅	jian	3583198912
菀	wan	3583157431
菰	gu	3583115950
菡	han	3583074469
葜	qia	3583032988
葑	feng	3582991507
葚	ren	3582950026
葚	shen	3582908545
葙	xiang	3582867064
葳	wei	3582825583
蒈	kai	3582784102
葺	qi	3582742621
葸	xi	3582701140
萼	e	3582659659
葆	bao	3582618178
葩	pa	3582576697
葶	ting	3582535216
蒎	pai	3582493735
萱	xuan	3582452254
葭	jia	3582410773
蓁	zhen	3582369292
蓍	shi	3582327811
蓐	ru	3582286330
蒽	en	3582244849
蓓	bei	3582203368
蓊	weng	3582161887
蒿	hao	3582120406
蒺	ji	3582078925
蒡	bang	3582037444
蒹	jian	3581995963
蒴	shuo	3581954482
蒗	lang	3581913001
蔌	su	3581871520
甍	meng	3581830039
蔸	dou	3581788558
蓰	xi	3581747077
蔟	cu	3581705596
蕖	qu	3581664115
蔻	kou	3581622634
蓿	su	3581581153
蓿	xu	3581539672
蓼	liao	3581498191
蓼	lu	3581456710
蕙	hui	3581415229
蕈	xun	3581373748
蕨	jue	3581332267
蕤	rui	3581290786
蕞	zui	3581249305
蕺	ji	3581207824
瞢	meng	3581166343
蕃	bo	3581124862
蕃	fan	3581083381
蕻	hong	3581041900
薤	xie	3581000419
薨	hong	3580958938
薇	wei	3580917457
薏	yi	3580875976
蕹	weng	3580834495
薜	bi	3580793014
薅	hao	3580751533
薹	tai	3580710052
薷	ru	3580668571
薰	xun	3580627090
藁	gao	3580585609
藜	li	3580544128
藿	huo	3580502647
蘧	qu	3580461166
蘅	heng	3580419685
蘩	fan	3580378204
蘼	mi	3580336723
廾	gong	3580295242
弈	yi	3580253761
夼	kuang	3580212280
奕	yi	3580170799
奚	xi	3580129318
奘	zang	3580087837
奘	zhuang	3580046356
匏	pao	3580004875
尢	wang	3579963394
尥	liao	3579921913
尬	ga	3579880432
扌	shou	3579838951
抻	chen	3579797470
拊	fu	3579755989
拚	pan	3579714508
拚	pin	3579673027
拗	ao	3579631546
拗	niu	3579590065
拮	jie	3579548584
拶	za	3579507103
拶	zan	3579465622
挹	yi	3579424141
捋	luo	3579382660
捋	lv	3579341179
捃	jun	3579299698
掭	tian	3579258217
揶	ye	3579216736
捱	ai	3579175255
捺	na	3579133774
掎	ji	3579092293
捭	bai	3579050812
捭	bi	3579009331
捭	bo	3578967850
掬	ju	3578926369
掊	pou	3578884888
捩	lie	3578843407
掮	qian	3578801926
揲	die	3578760445
揲	she	3578718964
揸	zha	3578677483
揠	ya	3578636002
揄	yu	3578594521
揞	an	3578553040
揎	xuan	3578511559
摒	bing	3578470078
揆	kui	3578428597
掾	yuan	3578387116
摁	en	3578345635
搋	chuai	3578304154
搛	jian	3578262673
搛	lian	3578221192
搠	shuo	3578179711
搌	zhan	3578138230
搦	nuo	3578096749
搡	sang	3578055268
摞	luo	3578013787
摭	zhi	3577972306
撖	han	3577930825
撖	qian	3577889344
撙	zun	3577847863
擀	gan	3577806382
擐	huan	3577764901
擗	pi	3577723420
擤	xing	3577681939
擢	zhuo	3577640458
攉	huo	3577598977
攉	que	3577557496
攮	nang	3577516015
弋	yi	3577474534
忒	te	3577433053
忒	tei	3577391572
甙	dai	3577350091
卟	bu	3577308610
叱	chi	3577267129
叩	kou	3577225648
叨	dao	3577184167
叨	tao	3577142686
叻	le	3577101205
吖	a	3577059724
呋	fu	3577018243
呔	dai	3576976762
呔	tai	3576935281
吡	bi	3576893800
吲	yin	3576852319
咔	ka	3576810838
呷	xia	3576769357
呱	gu	3576727876
呤	ling	3576686395
咚	dong	3576644914
咄	duo	3576603433
呶	nao	3576561952
呦	you	3576520471
哐	kuang	3576478990
咭	ji	3576437509
咭	qia	3576396028
咭	xi	3576354547
哂	shen	3576313066
咴	hai	3576271585
咴	hui	3576230104
呲	ci	3576188623
呲	zi	3576147142
咣	guang	3576105661
咻	xiu	3576064180
咿	yi	3576022699
哌	pai	3575981218
哚	duo	3575939737
咩	mie	3575898256
咪	mi	3575856775
哏	hen	3575815294
哞	mou	3575773813
唔	wu	3575732332
哳	zha	3575690851
唣	zao	3575649370
唏	xi	3575607889
唑	zuo	3575566408
唧	ji	3575524927
唪	feng	3575483446
喏	nuo	3575441965
喏	re	3575400484
喵	miao	3575359003
啉	lin	3575317522
啁	zhao	3575276041
啁	zhou	3575234560
啕	tao	3575193079
唿	hu	3575151598
啐	cui	3575110117
唼	sha	3575068636
唷	yo	3575027155
啖	dan	3574985674
啵	bo	3574944193
啶	ding	3574902712
啷	lang	3574861231
唳	li	3574819750
啜	chuai	3574778269
啜	chuo	3574736788
喋	die	3574695307
嗒	da	3574653826
嗒	ta	3574612345
喱	li	3574570864
喹	kui	3574529383
喈	jie	3574487902
喁	yong	3574446421
喟	kui	3574404940
嗖	sou	3574363459
喑	yin	3574321978
啻	chi	3574280497
嗟	jie	3574239016
嗟	jue	3574197535
喔	wo	3574156054
喙	hui	3574114573
嗪	qin	3574073092
嗷	ao	3574031611
嗉	su	3573990130
嘟	du	3573948649
嗑	ke	3573907168
嗔	chen	3573865687
嗝	ge	3573824206
嗄	a	3573782725
嗄	sha	3573741244
嗯	en	3573699763
嗯	eng	3573658282
嗥	hao	3573616801
嗲	dia	3573575320
嗲	die	3573533839
嗌	ai	3573492358
嗌	wo	3573450877
嗌	yi	3573409396
嗍	shuo	3573367915
嗍	suo	3573326434
嗵	tong	3573284953
嗤	chi	3573243472
嘞	lei	3573201991
嘌	piao	3573160510
嘁	qi	3573119029
嘣	beng	3573077548
嗾	sou	3573036067
嘧	mi	3572994586
嘭	peng	3572953105
噘	jue	3572911624
嘹	liao	3572870143
噗	pu	3572828662
嘬	chuai	3572787181
嘬	zuo	3572745700
噍	jiao	3572704219
噙	qin	3572662738
噌	ceng	3572621257
噌	cheng	3572579776
噔	deng	3572538295
嚆	hao	3572496814
噤	jin	3572455333
噱	jue	3572413852
噱	xue	3572372371
噫	yi	3572330890
噻	sai	3572289409
噼	pi	3572247928
嚅	ru	3572206447
嚓	ca	3572164966
嚓	cha	3572123485
嚯	huo	3572082004
嚯	xue	3572040523
囔	nang	3571999042
囗	wei	3571957561
囝	jian	3571916080
囡	nan	3571874599
囫	hu	3571833118
囹	ling	3571791637
囿	you	3571750156
圄	yu	3571708675
圊	qing	3571667194
圉	yu	3571625713
圜	huan	3571584232
圜	yuan	3571542751
帙	zhi	3571501270
帔	pei	3571459789
帑	tang	3571418308
帷	wei	3571376827
幄	wo	3571335346
幔	man	3571293865
幛	zhang	3571252384
幞	fu	3571210903
幡	fan	3571169422
岌	ji	3571127941
屺	qi	3571086460
岍	qian	3571044979
岐	qi	3571003498
岈	xia	3570962017
岈	ya	3570920536
岑	cen	3570879055
岜	ba	3570837574
岵	hu	3570796093
岢	ke	3570754612
岬	jia	3570713131
岫	xiu	3570671650
岱	dai	3570630169
岣	gou	3570588688
峁	mao	3570547207
岷	min	3570505726
峒	dong	3570464245
峒	tong	3570422764
峋	xun	3570381283
崧	song	3570339802
崦	yan	3570298321
崮	gu	3570256840
崤	xiao	3570215359
崤	yao	3570173878
崞	guo	3570132397
崆	kong	3570090916
崛	jue	3570049435
崾	yao	3570007954
崴	wai	3569966473
崴	wei	3569924992
嵬	wei	3569883511
嵛	yu	3569842030
嵯	cuo	3569800549
嵫	zi	3569759068
嵋	mei	3569717587
嵊	sheng	3569676106
嵩	song	3569634625
嵴	ji	3569593144
嶂	zhang	3569551663
嶙	lin	3569510182
嶝	deng	3569468701
豳	bin	3569427220
嶷	yi	3569385739
彳	chi	3569344258
彷	fang	3569302777
彷	pang	3569261296
徂	cu	3569219815
徇	xun	3569178334
徉	yang	3569136853
徙	xi	3569095372
徜	chang	3569053891
徨	huang	3569012410
徭	yao	3568970929
徼	jiao	3568929448
衢	qu	3568887967
彡	shan	3568846486
彡	xian	3568805005
犭	quan	3568763524
犰	qiu	3568722043
犴	an	3568680562
狃	niu	3568639081
狁	yun	3568597600
狎	xia	3568556119
狍	pao	3568514638
狒	fei	3568473157
狨	rong	3568431676
狩	shou	3568390195
狴	bi	3568348714
狷	juan	3568307233
猁	li	3568265752
狳	yu	3568224271
狺	yin	3568182790
狻	suan	3568141309
猗	yi	3568099828
猓	guo	3568058347
猊	ni	3568016866
猞	she	3567975385
猝	cu	3567933904
猢	hu	3567892423
猹	cha	3567850942
猥	wei	3567809461
猸	mei	3567767980
猱	nao	3567726499
獐	zhang	3567685018
獍	jing	3567643537
獗	jue	3567602056
獠	liao	3567560575
獬	xie	3567519094
獯	xun	3567477613
獾	huan	3567436132
舛	chuan	3567394651
飧	sun	3567353170
夤	yin	3567311689
夂	zhi	3567270208
庀	pi	3567228727
庋	gui	3567187246
庖	pao	3567145765
庥	xiu	3567104284
庠	xiang	3567062803
庹	tuo	3567021322
庵	an	3566979841
庾	yu	3566938360
庳	bi	3566896879
廒	ao	3566855398
廑	jin	3566813917
廛	chan	3566772436
廨	xie	3566730955
膺	ying	3566689474
忄	xin	3566647993
忉	dao	3566606512
忖	cun	3566565031
忏	chan	3566523550
忏	qian	3566482069
忮	zhi	3566440588
忡	chong	3566399107
忤	wu	3566357626
忪	song	3566316145
忪	zhong	3566274664
忭	bian	3566233183
忸	niu	3566191702
怙	hu	3566150221
怵	chu	3566108740
怛	da	3566067259
怏	yang	3566025778
怍	zuo	3565984297
怩	ni	3565942816
怫	fei	3565901335
怫	fu	3565859854
怊	chao	3565818373
怡	yi	3565776892
恂	xun	3565735411
恪	ke	3565693930
悖	bei	3565652449
悚	song	3565610968
悝	kui	3565569487
悝	li	3565528006
悃	kun	3565486525
悒	yi	3565445044
悌	ti	3565403563
悛	quan	3565362082
悻	xing	3565320601
悱	fei	3565279120
惝	chang	3565237639
惝	tang	3565196158
惘	wang	3565154677
惆	chou	3565113196
悴	cui	3565071715
愠	wen	3565030234
愠	yun	3564988753
惴	zhui	3564947272
愀	qiao	3564905791
愎	bi	3564864310
愫	su	3564822829
慊	qian	3564781348
慊	qie	3564739867
慵	yong	3564698386
憔	qiao	3564656905
憷	chu	3564615424
懔	lan	3564573943
懔	lin	3564532462
懵	meng	3564490981
忝	tian	3564449500
隳	hui	3564408019
丬	qiang	3564366538
爿	pan	3564325057
爿	qiang	3564283576
戕	qiang	3564242095
氵	shui	3564200614
汔	qi	3564159133
汜	si	3564117652
汊	cha	3564076171
沅	yuan	3564034690
沐	mu	3563993209
沔	mian	3563951728
沌	dun	3563910247
沌	zhuan	3563868766
汨	mi	3563827285
汩	gu	3563785804
汴	bian	3563744323
汶	wen	3563702842
沆	hang	3563661361
泐	le	3563619880
泔	gan	3563578399
沭	shu	3563536918
泱	yang	3563495437
泗	si	3563453956
沲	tuo	3563412475
泠	ling	3563370994
泖	mao	3563329513
泫	xuan	3563288032
泮	pan	3563246551
沱	tuo	3563205070
泓	hong	3563163589
泯	min	3563122108
洹	huan	3563080627
洧	wei	3563039146
洌	lie	3562997665
洇	yan	3562956184
洇	yin	3562914703
洄	hui	3562873222
洙	zhu	3562831741
洎	ji	3562790260
洫	xu	3562748779
洮	tao	3562707298
洵	xun	3562665817
洚	jiang	3562624336
洳	ru	3562582855
涑	su	3562541374
浯	wu	3562499893
浞	zhuo	3562458412
涓	juan	3562416931
涔	cen	3562375450
浜	bang	3562333969
浜	bin	3562292488
浠	xi	3562251007
浼	mei	3562209526
浣	huan	3562168045
渚	zhu	3562126564
淇	qi	3562085083
淅	xi	3562043602
淞	song	3562002121
涿	zhuo	3561960640
淠	pi	3561919159
淦	gan	3561877678
淝	fei	3561836197
淙	cong	3561794716
涫	guan	3561753235
涮	shuan	3561711754
渫	xie	3561670273
湮	yan	3561628792
湮	yin	3561587311
湎	mian	3561545830
湫	jiao	3561504349
溲	sou	3561462868
湟	huang	3561421387
湓	pen	3561379906
湔	jian	3561338425
渲	xuan	3561296944
渥	wo	3561255463
湄	mei	3561213982
溱	qin	3561172501
溱	zhen	3561131020
溘	ke	3561089539
漭	mang	3561048058
溥	pu	3561006577
溧	li	3560965096
溽	ru	3560923615
溻	ta	3560882134
溷	hun	3560840653
溴	xiu	3560799172
滏	fu	3560757691
溏	tang	3560716210
滂	pang	3560674729
溟	ming	3560633248
潢	huang	3560591767
漤	lan	3560550286
漕	cao	3560508805
滹	hu	3560467324
漯	luo	3560425843
漯	ta	3560384362
漶	huan	3560342881
漪	yi	3560301400
漉	lu	3560259919
澉	gan	3560218438
澍	shu	3560176957
澌	si	3560135476
潸	shan	3560093995
潲	shao	3560052514
潼	tong	3560011033
潺	chan	3559969552
濉	sui	3559928071
澧	li	3559886590
澹	dan	3559845109
澹	tan	3559803628
澶	chan	3559762147
濂	lian	3559720666
濡	ru	3559679185
濮	pu	3559637704
濞	bi	3559596223
濠	hao	3559554742
濯	zhao	3559513261
濯	zhuo	3559471780
瀚	han	3559430299
瀣	xie	3559388818
瀛	ying	3559347337
瀹	yue	3559305856
灞	ba	3559264375
宀	mian	3559222894
宄	gui	3559181413
宕	dang	3559139932
宓	mi	3559098451
宥	you	3559056970
宸	chen	3559015489
甯	ning	3558974008
搴	qian	3558932527
寤	wu	3558891046
寮	liao	3558849565
褰	qian	3558808084
寰	huan	3558766603
蹇	jian	3558725122
謇	jian	3558683641
辶	chuo	3558642160
迓	ya	3558600679
迕	wu	3558559198
迥	jiong	3558517717
迮	ze	3558476236
迤	yi	3558434755
迦	jia	3558393274
迨	dai	3558351793
逅	hou	3558310312
逄	pang	3558268831
逋	bu	3558227350
逑	qiu	3558185869
逍	xiao	3558144388
逖	ti	3558102907
逡	qun	3558061426
逵	kui	3558019945
逶	wei	3557978464
逭	huan	3557936983
逯	lu	3557895502
遄	chuan	3557854021
遑	huang	3557812540
遒	qiu	3557771059
遐	xia	3557729578
遨	ao	3557688097
遘	gou	3557646616
遢	ta	3557605135
遛	liu	3557563654
暹	xian	3557522173
遴	lin	3557480692
遽	ju	3557439211
邂	xie	3557397730
邈	miao	3557356249
邃	sui	3557314768
邋	la	3557273287
邋	lie	3557231806
彐	ji	3557190325
彗	hui	3557148844
彖	tuan	3557107363
彘	zhi	3557065882
尻	kao	3557024401
咫	zhi	3556982920
屐	ji	3556941439
屙	e	3556899958
孱	can	3556858477
孱	chan	3556816996
屣	xi	3556775515
羼	chan	3556734034
弩	nu	3556692553
弭	mi	3556651072
艴	fu	3556609591
弼	bi	3556568110
鬻	yu	3556526629
屮	che	3556485148
妁	shuo	3556443667
妃	fei	3556402186
妍	yan	3556360705
妣	bi	3556319224
妗	jin	3556277743
妞	niu	3556236262
妤	yu	3556194781
姒	si	3556153300
妲	da	3556111819
妯	zhou	3556070338
妾	qie	3556028857
姝	shu	3555987376
姣	jiao	3555945895
姘	pin	3555904414
姹	cha	3555862933
娌	li	3555821452
娉	ping	3555779971
娑	suo	3555738490
娣	di	3555697009
娓	wei	3555655528
婀	e	3555614047
婧	jing	3555572566
婊	biao	3555531085
婕	jie	3555489604
娼	chang	3555448123
婢	bi	3555406642
胬	nu	3555365161
胬	nv	3555323680
媛	yuan	3555282199
婷	ting	3555240718
婺	wu	3555199237
媾	gou	3555157756
嫫	mo	3555116275
媲	pi	3555074794
媸	chi	3555033313
嫠	li	3554991832
嫣	yan	3554950351
嫖	piao	3554908870
嫦	chang	3554867389
嫘	lei	3554825908
嫜	zhang	3554784427
嬉	xi	3554742946
嬗	shan	3554701465
嬖	bi	3554659984
嬲	niao	3554618503
孀	shuang	3554577022
尕	ga	3554535541
尜	ga	3554494060
孚	fu	3554452579
孥	nu	3554411098
孳	zi	3554369617
孑	jie	3554328136
孓	jue	3554286655
孢	bao	3554245174
畿	ji	3554203693
巛	chuan	3554162212
巛	shun	3554120731
甾	zai	3554079250
邕	yong	3554037769
玎	ding	3553996288
玢	bin	3553954807
玢	fen	3553913326
玟	min	3553871845
玟	wen	3553830364
珏	jue	3553788883
珂	ke	3553747402
玷	dian	3553705921
玳	dai	3553664440
珀	po	3553622959
珉	min	3553581478
珈	jia	3553539997
珥	er	3553498516
珙	gong	3553457035
琊	ya	3553415554
珩	heng	3553374073
珧	yao	3553332592
珞	luo	3553291111
琪	qi	3553249630
瑛	ying	3553208149
琦	qi	3553166668
琥	hu	3553125187
琨	kun	3553083706
琰	yan	3553042225
琮	cong	3553000744
琬	wan	3552959263
琛	chen	3552917782
琚	ju	3552876301
瑁	mao	3552834820
瑜	yu	3552793339
瑗	yuan	3552751858
瑕	xia	3552710377
瑭	tang	3552668896
瑾	jin	3552627415
璜	huang	3552585934
璀	cui	3552544453
璁	cong	3552502972
璇	xuan	3552461491
璋	zhang	3552420010
璞	pu	3552378529
璨	can	3552337048
璩	qu	3552295567
璐	lu	3552254086
璧	bi	3552212605
璺	wen	3552171124
杌	wu	3552129643
杓	biao	3552088162
杓	shao	3552046681
杞	qi	3552005200
杈	cha	3551963719
枇	pi	3551922238
杪	miao	3551880757
杳	yao	3551839276
枘	rui	3551797795
杵	chu	3551756314
枋	fang	3551714833
杷	pa	3551673352
杼	zhu	3551631871
柰	nai	3551590390
柘	zhe	3551548909
柩	jiu	3551507428
枰	ping	3551465947
柙	xia	3551424466
枵	xiao	3551382985
柚	you	3551341504
枳	zhi	3551300023
柝	tuo	3551258542
柃	ling	3551217061
枸	gou	3551175580
枸	ju	3551134099
柢	di	3551092618
柁	duo	3551051137
柁	tuo	3551009656
栲	kao	3550968175
栳	lao	3550926694
桎	zhi	3550885213
桄	guang	3550843732
梃	ting	3550802251
栝	gua	3550760770
桕	jiu	3550719289
桁	hang	3550677808
桁	heng	3550636327
桀	jie	3550594846
桊	juan	3550553365
桊	quan	3550511884
桉	an	3550470403
栩	xu	3550428922
梵	fan	3550387441
梏	gu	3550345960
桴	fu	3550304479
桷	jue	3550262998
梓	zi	3550221517
桫	suo	3550180036
楮	chu	3550138555
棼	fen	3550097074
棹	zhao	3550055593
棹	zhuo	3550014112
棰	chui	3549972631
椋	liang	3549931150
楗	jian	3549889669
棣	di	3549848188
椐	ju	3549806707
楱	cou	3549765226
楱	zou	3549723745
椹	shen	3549682264
楠	nan	3549640783
楂	cha	3549599302
楂	zha	3549557821
楝	lian	3549516340
楫	ji	3549474859
榀	pin	3549433378
榘	ju	3549391897
楸	qiu	3549350416
椴	duan	3549308935
槌	chui	3549267454
槎	cha	3549225973
楦	xuan	3549184492
楣	mei	3549143011
楹	ying	3549101530
榛	zhen	3549060049
榧	fei	3549018568
榻	ta	3548977087
榫	sun	3548935606
榭	xie	3548894125
槔	gao	3548852644
榱	cui	3548811163
槁	gao	3548769682
槊	shuo	3548728201
榍	xie	3548686720
槿	jin	3548645239
槭	cu	3548603758
槭	qi	3548562277
樗	chu	3548520796
樘	cheng	3548479315
樘	tang	3548437834
槲	hu	3548396353
橄	gan	3548354872
樾	yue	3548313391
檠	qing	3548271910
橐	tuo	3548230429
橛	jue	3548188948
樵	qiao	3548147467
檎	qin	3548105986
樽	zun	3548064505
樨	xi	3548023024
檑	lei	3547981543
檗	bo	3547940062
檫	cha	3547898581
檫	sa	3547857100
猷	you	3547815619
獒	ao	3547774138
殂	cu	3547732657
殄	tian	3547691176
殍	piao	3547649695
殛	ji	3547608214
殪	yi	3547566733
戛	jia	3547525252
戟	ji	3547483771
戢	ji	3547442290
戡	kan	3547400809
戥	deng	3547359328
戤	gai	3547317847
臧	zang	3547276366
瓴	ling	3547234885
瓿	bu	3547193404
瓿	pou	3547151923
甏	bang	3547110442
甏	beng	3547068961
甑	zeng	3547027480
甓	pi	3546985999
攴	pu	3546944518
旮	ga	3546903037
旯	la	3546861556
旰	gan	3546820075
昊	hao	3546778594
杲	gao	3546737113
昃	ze	3546695632
昕	xin	3546654151
昀	yun	3546612670
炅	gui	3546571189
炅	jiong	3546529708
曷	he	3546488227
昝	zan	3546446746
昴	mao	3546405265
昱	yu	3546363784
昶	chang	3546322303
昵	ni	3546280822
耆	qi	3546239341
晟	cheng	3546197860
晟	sheng	3546156379
晁	chao	3546114898
晏	yan	3546073417
晡	bu	3546031936
晗	han	3545990455
晷	gui	3545948974
暌	kui	3545907493
暝	ming	3545866012
暾	tun	3545824531
曛	xun	3545783050
曜	yao	3545741569
曦	xi	3545700088
曩	nang	3545658607
牮	jian	3545617126
犟	jiang	3545575645
牝	pin	3545534164
牯	gu	3545492683
牾	wu	3545451202
牿	gu	3545409721
犄	ji	3545368240
犋	ju	3545326759
犍	jian	3545285278
犏	pian	3545243797
犒	kao	3545202316
挈	qie	3545160835
挲	sa	3545119354
挲	suo	3545077873
搿	ge	3545036392
擘	bo	3544994911
耄	mao	3544953430
毪	mu	3544911949
毳	cui	3544870468
毽	jian	3544828987
毹	shu	3544787506
氅	chang	3544746025
氆	pu	3544704544
氍	qu	3544663063
氕	pie	3544621582
氘	dao	3544580101
氙	xian	3544538620
氚	chuan	3544497139
氡	dong	3544455658
氤	yin	3544414177
氪	ke	3544372696
氲	yun	3544331215
攵	pu	3544289734
敕	chi	3544248253
敫	jiao	3544206772
敫	qiao	3544165291
牒	die	3544123810
牖	you	3544082329
爰	yuan	3544040848
虢	guo	3543999367
刖	yue	3543957886
肟	wo	3543916405
肜	rong	3543874924
肓	huang	3543833443
肼	jing	3543791962
朊	ruan	3543750481
肽	tai	3543709000
肱	gong	3543667519
肫	zhun	3543626038
肭	na	3543584557
肷	qian	3543543076
肷	xu	3543501595
胩	ka	3543460114
胛	jia	3543418633
胂	shen	3543377152
胄	zhou	3543335671
胙	zuo	3543294190
胍	gua	3543252709
胗	zhen	3543211228
朐	qu	3543169747
胝	zhi	3543128266
胱	guang	3543086785
胴	dong	3543045304
胭	yan	3543003823
脎	sa	3542962342
胲	hai	3542920861
胼	pian	3542879380
朕	zhen	3542837899
脒	mi	3542796418
豚	tun	3542754937
脞	cuo	3542713456
脬	pao	3542671975
脘	guan	3542630494
脘	wan	3542589013
脲	niao	3542547532
腌	a	3542506051
腌	ang	3542464570
腌	yan	3542423089
腓	fei	3542381608
腴	yu	3542340127
腙	zong	3542298646
腚	ding	3542257165
腱	jian	3542215684
腠	cou	3542174203
腩	nan	3542132722
腼	mian	3542091241
腧	shu	3542049760
塍	cheng	3542008279
媵	ying	3541966798
膈	ge	3541925317
膂	lv	3541883836
滕	teng	3541842355
膣	zhi	3541800874
膪	chuai	3541759393
膪	zha	3541717912
膪	zhai	3541676431
臌	gu	3541634950
臊	sao	3541593469
膻	shan	3541551988
臁	lian	3541510507
膦	lin	3541469026
欷	xi	3541427545
欹	qi	3541386064
欹	yi	3541344583
歃	sha	3541303102
歆	xin	3541261621
歙	she	3541220140
殳	shu	3541178659
彀	gou	3541137178
觳	hu	3541095697
斐	fei	3541054216
旆	pei	3541012735
旄	mao	3540971254
旃	zhan	3540929773
旌	jing	3540888292
旎	ni	3540846811
旒	liu	3540805330
旖	yi	3540763849
炖	dun	3540722368
炻	shi	3540680887
烀	hu	3540639406
炷	zhu	3540597925
炫	xuan	3540556444
炱	tai	3540514963
烊	yang	3540473482
焐	wu	3540432001
焓	han	3540390520
焯	chao	3540349039
焯	chuo	3540307558
焯	zhuo	3540266077
焱	yan	3540224596
煳	hu	3540183115
煜	yu	3540141634
煨	wei	3540100153
煅	duan	3540058672
煲	bao	3540017191
煊	xuan	3539975710
煸	bian	3539934229
煺	tui	3539892748
熘	liu	3539851267
熳	man	3539809786
熵	shang	3539768305
熨	yu	3539726824
熨	yun	3539685343
熠	yi	3539643862
燠	yu	3539602381
燔	fan	3539560900
燧	sui	3539519419
燹	xian	3539477938
爝	jue	3539436457
爨	cuan	3539394976
灬	biao	3539353495
灬	huo	3539312014
煦	xu	3539270533
熹	xi	3539229052
戾	li	3539187571
戽	hu	3539146090
扃	jiong	3539104609
扈	hu	3539063128
扉	fei	3539021647
礻	shi	3538980166
祀	si	3538938685
祆	xian	3538897204
祉	zhi	3538855723
祛	qu	3538814242
祜	hu	3538772761
祓	fu	3538731280
祚	zuo	3538689799
祗	zhi	3538648318
祠	ci	3538606837
祧	tiao	3538565356
祺	qi	3538523875
禊	xi	3538482394
禚	zhuo	3538440913
禧	xi	3538399432
禳	rang	3538357951
忑	te	3538316470
忐	tan	3538274989
恝	jia	3538233508
恚	hui	3538192027
恧	nv	3538150546
恁	nen	3538109065
恁	nin	3538067584
恁	ren	3538026103
恙	yang	3537984622
恣	zi	3537943141
愆	qian	3537901660
愍	min	3537860179
慝	te	3537818698
憩	qi	3537777217
憝	dui	3537735736
懋	mao	3537694255
肀	yu	3537652774
聿	yu	3537611293
沓	da	3537569812
沓	ta	3537528331
淼	miao	3537486850
矸	gan	3537445369
砉	hua	3537403888
砉	huo	3537362407
砉	xu	3537320926
砘	dun	3537279445
砑	ya	3537237964
斫	zhuo	3537196483
砭	bian	3537155002
砝	fa	3537113521
砹	ai	3537072040
砟	zha	3537030559
砼	tong	3536989078
砥	di	3536947597
砬	la	3536906116
砬	li	3536864635
砣	tuo	3536823154
砩	fei	3536781673
砩	fu	3536740192
硎	xing	3536698711
硭	mang	3536657230
砦	zhai	3536615749
硐	dong	3536574268
硇	nao	3536532787
硌	ge	3536491306
硪	e	3536449825
硪	wo	3536408344
硪	yi	3536366863
碓	dui	3536325382
碚	bei	3536283901
碇	ding	3536242420
碡	du	3536200939
碡	zhou	3536159458
碣	jie	3536117977
碲	di	3536076496
碹	xuan	3536035015
碥	bian	3535993534
磔	zhe	3535952053
磙	gun	3535910572
磉	sang	3535869091
磬	qing	3535827610
磲	qu	3535786129
礅	dun	3535744648
磴	deng	3535703167
礓	jiang	3535661686
礤	ca	3535620205
礞	meng	3535578724
礴	bo	3535537243
黹	zhi	3535495762
黻	fu	3535454281
黼	fu	3535412800
盱	xu	3535371319
眄	mian	3535329838
盹	dun	3535288357
眇	miao	3535246876
眈	dan	3535205395
眚	sheng	3535163914
眢	yuan	3535122433
眙	yi	3535080952
眭	sui	3535039471
眵	chi	3534997990
眸	mou	3534956509
睇	di	3534915028
睃	juan	3534873547
睃	jun	3534832066
睃	suo	3534790585
睚	ya	3534749104
睚	yai	3534707623
睨	ni	3534666142
睢	hui	3534624661
睢	sui	3534583180
睥	bi	3534541699
睥	pi	3534500218
睿	rui	3534458737
瞍	sou	3534417256
睽	kui	3534375775
瞀	mao	3534334294
瞑	ming	3534292813
瞟	piao	3534251332
瞠	cheng	3534209851
瞰	kan	3534168370
瞵	lin	3534126889
瞽	gu	3534085408
町	ding	3534043927
町	ting	3534002446
畀	bi	3533960965
畎	quan	3533919484
畋	tian	3533878003
畈	fan	3533836522
畛	zhen	3533795041
畲	she	3533753560
畹	wan	3533712079
疃	tuan	3533670598
罘	fu	3533629117
罡	gang	3533587636
罟	gu	3533546155
詈	li	3533504674
罨	yan	3533463193
罱	lan	3533421712
罱	nan	3533380231
罹	li	3533338750
罾	zeng	3533297269
盍	he	3533255788
盥	guan	3533214307
蠲	juan	3533172826
矧	shen	3533131345
矬	cuo	3533089864
雉	zhi	3533048383
秕	bi	3533006902
秭	zi	3532965421
秣	mo	3532923940
秫	shu	3532882459
嵇	ji	3532840978
稃	fu	3532799497
稂	lang	3532758016
稞	ke	3532716535
稔	ren	3532675054
稹	zhen	3532633573
稷	ji	3532592092
馥	fu	3532550611
穰	rang	3532509130
皈	gui	3532467649
皎	jiao	3532426168
皓	hao	3532384687
皙	xi	3532343206
皤	po	3532301725
瓞	die	3532260244
瓠	hu	3532218763
甬	yong	3532177282
鸲	qu	3532135801
鸲	zhong	3532094320
疒	ne	3532052839
疔	ding	3532011358
疝	shan	3531969877
疣	you	3531928396
疳	gan	3531886915
疸	dan	3531845434
痄	zha	3531803953
疱	pao	3531762472
疰	zhu	3531720991
痃	xuan	3531679510
痂	jia	3531638029
痍	yi	3531596548
痣	zhi	3531555067
痦	wu	3531513586
痤	cuo	3531472105
痧	sha	3531430624
瘃	zhu	3531389143
痱	fei	3531347662
痼	gu	3531306181
痿	wei	3531264700
瘐	yu	3531223219
瘀	yu	3531181738
瘌	la	3531140257
瘊	hou	3531098776
瘥	chai	3531057295
瘥	cuo	3531015814
瘕	jia	3530974333
瘙	sao	3530932852
瘛	chi	3530891371
瘼	mo	3530849890
瘢	ban	3530808409
瘠	ji	3530766928
癀	huang	3530725447
瘭	biao	3530683966
瘰	luo	3530642485
瘵	zhai	3530601004
癃	long	3530559523
瘳	chou	3530518042
癍	ban	3530476561
癔	yi	3530435080
癜	dian	3530393599
癖	pi	3530352118
癯	qu	3530310637
翊	yi	3530269156
竦	song	3530227675
穸	xi	3530186194
穹	qiong	3530144713
窀	zhun	3530103232
窆	bian	3530061751
窈	yao	3530020270
窕	tiao	3529978789
窠	ke	3529937308
窬	yu	3529895827
窨	xun	3529854346
窨	yin	3529812865
窳	yu	3529771384
衤	yi	3529729903
衩	cha	3529688422
衲	na	3529646941
衽	ren	3529605460
衿	jin	3529563979
袂	mei	3529522498
袢	pan	3529481017
袷	jia	3529439536
袷	qia	3529398055
袼	ge	3529356574
裉	ken	3529315093
裎	cheng	3529273612
裱	biao	3529232131
褚	chu	3529190650
褚	zhu	3529149169
裼	ti	3529107688
裼	xi	3529066207
裨	bi	3529024726
裨	pi	3528983245
裾	ju	3528941764
裰	duo	3528900283
褡	da	3528858802
褙	bei	3528817321
褓	bao	3528775840
褊	bian	3528734359
褫	chi	3528692878
褶	xi	3528651397
褶	zhe	3528609916
襁	qiang	3528568435
襦	ru	3528526954
襻	pan	3528485473
疋	pi	3528443992
胥	xu	3528402511
皴	cun	3528361030
矜	jin	3528319549
耒	lei	3528278068
耔	zi	3528236587
耖	chao	3528195106
耜	si	3528153625
耠	huo	3528112144
耥	tang	3528070663
耦	ou	3528029182
耩	jiang	3527987701
耨	nou	3527946220
耱	mo	3527904739
耋	die	3527863258
耵	ding	3527821777
聃	dan	3527780296
聆	ling	3527738815
聒	gua	3527697334
聒	guo	3527655853
聱	ao	3527614372
覃	qin	3527572891
覃	tan	3527531410
覃	yan	3527489929
虍	hu	3527448448
虔	qian	3527406967
虺	hui	3527365486
虼	ge	3527324005
虻	meng	3527282524
蚨	fu	3527241043
蚍	pi	3527199562
蚋	rui	3527158081
蚝	ci	3527116600
蚝	hao	3527075119
蚧	jie	3527033638
蚶	han	3526992157
蛄	gu	3526950676
蚵	e	3526909195
蚵	he	3526867714
蚰	you	3526826233
蚺	ran	3526784752
蚱	zha	3526743271
蛉	ling	3526701790
蚴	you	3526660309
蛩	qiong	3526618828
蛭	zhi	3526577347
蛐	qu	3526535866
蛞	kuo	3526494385
蛟	jiao	3526452904
蛘	yang	3526411423
蛑	mou	3526369942
蜃	shen	3526328461
蜇	zhe	3526286980
蛸	shao	3526245499
蛸	xiao	3526204018
蜊	li	3526162537
蜍	chu	3526121056
蜉	fu	3526079575
蜣	qiang	3526038094
蜞	qi	3525996613
蜥	xi	3525955132
蜮	yu	3525913651
蜚	fei	3525872170
蜾	guo	3525830689
蜴	yi	3525789208
蜱	pi	3525747727
蜩	tiao	3525706246
蜷	quan	3525664765
蜿	wan	3525623284
螂	lang	3525581803
蜢	meng	3525540322
蝽	chun	3525498841
蝻	nan	3525457360
蝰	kui	3525415879
蝮	fu	3525374398
螋	sou	3525332917
蝓	yu	3525291436
蝣	you	3525249955
蝤	qiu	3525208474
蝥	mao	3525166993
螓	qin	3525125512
螯	ao	3525084031
蟒	mang	3525042550
螈	yuan	3525001069
螅	xi	3524959588
螗	tang	3524918107
螃	pang	3524876626
螫	shi	3524835145
螫	zhe	3524793664
蟥	huang	3524752183
螬	cao	3524710702
螵	piao	3524669221
螳	tang	3524627740
蟓	xiang	3524586259
螽	zhong	3524544778
蟑	zhang	3524503297
蟊	mao	3524461816
蟛	peng	3524420335
蟪	hui	3524378854
蟠	pan	3524337373
蟮	shan	3524295892
蠖	huo	3524254411
蠓	meng	3524212930
蟾	chan	3524171449
蠊	lian	3524129968
蠛	mie	3524088487
蠡	li	3524047006
蠹	du	3524005525
蠼	qu	3523964044
缶	fou	3523922563
罄	qing	3523881082
罅	xia	3523839601
舐	shi	3523798120
竺	du	3523756639
竺	zhu	3523715158
笈	ji	3523673677
笄	ji	3523632196
笊	zhao	3523590715
笫	zi	3523549234
笏	hu	3523507753
筇	qiong	3523466272
笸	po	3523424791
笪	da	3523383310
笙	sheng	3523341829
笮	ze	3523300348
笱	gou	3523258867
笠	li	3523217386
笥	si	3523175905
笤	tiao	3523134424
笳	jia	3523092943
笞	chi	3523051462
筘	kou	3523009981
筅	xian	3522968500
筵	yan	3522927019
筌	quan	3522885538
筠	yun	3522844057
筮	shi	3522802576
筻	gang	3522761095
筢	pa	3522719614
筲	shao	3522678133
筱	xiao	3522636652
箐	qing	3522595171
箸	zhu	3522553690
箬	ruo	3522512209
箝	qian	3522470728
箅	bi	3522429247
箜	kong	3522387766
箢	wan	3522346285
箢	yuan	3522304804
箴	zhen	3522263323
篁	huang	3522221842
篌	hou	3522180361
篝	gou	3522138880
篚	fei	3522097399
篥	li	3522055918
篦	bi	3522014437
篪	chi	3521972956
簌	su	3521931475
篾	mie	3521889994
篼	dou	3521848513
簏	lu	3521807032
簋	gui	3521765551
簟	dian	3521724070
簪	zan	3521682589
簦	deng	3521641108
籀	zhou	3521599627
臾	yu	3521558146
舁	yu	3521516665
舂	chong	3521475184
舄	xi	3521433703
臬	nie	3521392222
衄	nv	3521350741
舡	chuan	3521309260
舡	gang	3521267779
舢	shan	3521226298
舭	bi	3521184817
舯	zhong	3521143336
舨	ban	3521101855
舫	fang	3521060374
舸	ge	3521018893
舳	zhu	3520977412
舴	ze	3520935931
舾	xi	3520894450
艄	shao	3520852969
艉	wei	3520811488
艋	meng	3520770007
艏	shou	3520728526
艚	cao	3520687045
艟	chong	3520645564
艨	meng	3520604083
衾	qin	3520562602
袈	jia	3520521121
裘	qiu	3520479640
裟	sha	3520438159
襞	bi	3520396678
羝	di	3520355197
羧	suo	3520313716
羯	jie	3520272235
羰	tang	3520230754
羲	xi	3520189273
籼	xian	3520147792
敉	mi	3520106311
粑	ba	3520064830
粞	xi	3520023349
粢	zi	3519981868
粲	can	3519940387
粼	lin	3519898906
粽	zong	3519857425
糌	zan	3519815944
糍	ci	3519774463
糈	xu	3519732982
糅	rou	3519691501
糗	qiu	3519650020
糨	jiang	3519608539
艮	gen	3519567058
暨	ji	3519525577
羿	yi	3519484096
翎	ling	3519442615
翕	xi	3519401134
翥	zhu	3519359653
翡	fei	3519318172
翦	jian	3519276691
翩	pian	3519235210
翮	he	3519193729
翳	yi	3519152248
糸	mi	3519110767
綦	qi	3519069286
綮	qi	3519027805
綮	qing	3518986324
繇	yao	3518944843
繇	you	3518903362
繇	zhou	3518861881
纛	dao	3518820400
赳	jiu	3518778919
趄	ju	3518737438
趄	qie	3518695957
趔	lie	3518654476
趑	zi	3518612995
赧	nan	3518571514
赭	zhe	3518530033
豇	jiang	3518488552
豉	chi	3518447071
酊	ding	3518405590
酐	gan	3518364109
酎	zhou	3518322628
酏	yi	3518281147
酤	gu	3518239666
酢	cu	3518198185
酢	zuo	3518156704
酡	tuo	3518115223
酰	xian	3518073742
酩	ming	3518032261
酯	zhi	3517990780
酲	cheng	3517949299
酴	tu	3517907818
酹	lei	3517866337
醌	kun	3517824856
醅	pei	3517783375
醐	hu	3517741894
醍	ti	3517700413
醑	xu	3517658932
醢	hai	3517617451
醣	tang	3517575970
醪	lao	3517534489
醭	bu	3517493008
醮	jiao	3517451527
醯	xi	3517410046
醵	ju	3517368565
醴	li	3517327084
醺	xun	3517285603
豕	shi	3517244122
跫	qiong	3517202641
踅	chi	3517161160
踅	xue	3517119679
蹙	cu	3517078198
蹩	bie	3517036717
趵	bao	3516995236
趿	qi	3516953755
趿	sa	3516912274
趿	ta	3516870793
趼	jian	3516829312
趺	fu	3516787831
跖	zhi	3516746350
跗	fu	3516704869
跚	shan	3516663388
跎	tuo	3516621907
跏	jia	3516580426
跆	tai	3516538945
跬	kui	3516497464
跣	xian	3516455983
跤	jiao	3516414502
踉	liang	3516373021
跽	ji	3516331540
踔	chuo	3516290059
踝	huai	3516248578
踟	chi	3516207097
踣	bo	3516165616
踺	jian	3516124135
蹀	die	3516082654
踹	chuai	3516041173
踵	zhong	3515999692
踽	ju	3515958211
蹉	cuo	3515916730
蹁	pian	3515875249
蹂	rou	3515833768
蹊	qi	3515792287
蹊	xi	3515750806
蹶	jue	3515709325
蹼	pu	3515667844
蹯	fan	3515626363
蹴	cu	3515584882
躅	zhu	3515543401
躔	chan	3515501920
躐	lie	3515460439
躞	xie	3515418958
豸	zhi	3515377477
貂	diao	3515335996
貊	mo	3515294515
貅	xiu	3515253034
貘	mo	3515211553
貔	pi	3515170072
斛	hu	3515128591
觖	jue	3515087110
觚	gu	3515045629
觜	zi	3515004148
觜	zui	3514962667
觥	gong	3514921186
觫	su	3514879705
訾	zi	3514838224
謦	qi	3514796743
謦	qing	3514755262
雩	yu	3514713781
雯	wen	3514672300
霆	ting	3514630819
霈	pei	3514589338
霏	fei	3514547857
霪	yin	3514506376
霰	xian	3514464895
霾	mai	3514423414
隹	zhui	3514381933
隼	sun	3514340452
雎	ju	3514298971
雒	luo	3514257490
瞿	ju	3514216009
瞿	qu	3514174528
銎	qiong	3514133047
鋈	wu	3514091566
鍪	mou	3514050085
鏊	ao	3514008604
鎏	liu	3513967123
鐾	bei	3513925642
鑫	xin	3513884161
靼	da	3513842680
鞅	yang	3513801199
鞔	man	3513759718
鞔	men	3513718237
鞫	ju	3513676756
鞣	rou	3513635275
鞲	gou	3513593794
鞴	bai	3513552313
鞴	bei	3513510832
鞴	bu	3513469351
鞴	fu	3513427870
骱	jie	3513386389
骱	xie	3513344908
骰	shai	3513303427
骰	tou	3513261946
骷	ku	3513220465
骶	di	3513178984
骺	hou	3513137503
髁	ke	3513096022
髀	bi	3513054541
髂	qia	3513013060
髑	du	3512971579
魅	mei	3512930098
魃	ba	3512888617
魈	xiao	3512847136
魍	wang	3512805655
魑	chi	3512764174
餮	tie	3512722693
饕	tao	3512681212
饔	yong	3512639731
髟	biao	3512598250
髡	kun	3512556769
髯	ran	3512515288
髫	tiao	3512473807
髻	ji	3512432326
髭	zi	3512390845
髹	xiu	3512349364
鬈	quan	3512307883
鬏	jiu	3512266402
鬟	huan	3512224921
鬣	lie	3512183440
麾	hui	3512141959
縻	mi	3512100478
麂	ji	3512058997
麇	jun	3512017516
麈	zhu	3511976035
麋	mi	3511934554
麒	qi	3511893073
鏖	ao	3511851592
麝	she	3511810111
麟	lin	3511768630
黛	dai	3511727149
黜	chu	3511685668
黝	you	3511644187
黠	xia	3511602706
黟	yi	3511561225
黢	qu	3511519744
黧	li	3511478263
黥	qing	3511436782
鼢	fen	3511395301
鼬	you	3511353820
鼯	wu	3511312339
鼷	xi	3511270858
鼽	qiu	3511229377
鼾	han	3511187896
齄	zha	3511146415
㐀	qiu	3511104934
㐁	tian	3511063453
㐄	kua	3511021972
㐅	wu	3510980491
㐆	yin	3510939010
㐌	ta	3510897529
㐌	yi	3510856048
㐖	xie	3510814567
㐖	ye	3510773086
㐜	chou	3510731605
㐡	nuo	3510690124
㐤	dan	3510648643
㐤	qiu	3510607162
㐨	xu	3510565681
㐩	xing	3510524200
㐫	xiong	3510482719
㐬	liu	3510441238
㐭	lin	3510399757
㐮	xiang	3510358276
㐯	yong	3510316795
㐰	xin	3510275314
㐱	zhen	3510233833
㐲	dai	3510192352
㐳	wu	3510150871
㐴	pan	3510109390
㐵	ru	3510067909
㐸	ci	3510026428
㐸	qian	3509984947
㐺	yin	3509943466
㐺	zhong	3509901985
㐻	nei	3509860504
㐼	cheng	3509819023
㑁	zhuo	3509777542
㑂	fang	3509736061
㑃	ao	3509694580
㑄	wu	3509653099
㑅	zuo	3509611618
㑉	su	3509570137
㑊	yi	3509528656
㑋	qiong	3509487175
㑌	kuang	3509445694
㑌	wang	3509404213
㑍	lei	3509362732
㑎	nao	3509321251
㑏	zhu	3509279770
㑐	shu	3509238289
㑗	shen	3509196808
㑘	jie	3509155327
㑙	die	3509113846
㑚	nuo	3509072365
㑛	su	3509030884
㑜	chi	3508989403
㑜	yi	3508947922
㑝	long	3508906441
㑞	ying	3508864960
㑟	beng	3508823479
㑣	lan	3508781998
㑤	miao	3508740517
㑥	yi	3508699036
㑦	li	3508657555
㑧	ji	3508616074
㑨	yu	3508574593
㑪	chai	3508533112
㑰	hui	3508491631
㑱	rao	3508450150
㑵	han	3508408669
㑷	tai	3508367188
㑸	yao	3508325707
㑹	hui	3508284226
㑻	ma	3508242745
㑼	lve	3508201264
㑽	tang	3508159783
㑾	yao	3508118302
㑿	zhao	3508076821
㒀	zha	3508035340
㒀	zhai	3507993859
㒁	yu	3507952378
㒂	zhuo	3507910897
㒃	er	3507869416
㒄	ran	3507827935
㒅	qi	3507786454
㒆	chi	3507744973
㒇	wu	3507703492
㒈	han	3507662011
㒉	tang	3507620530
㒊	se	3507579049
㒋	si	3507537568
㒌	qiong	3507496087
㒍	lei	3507454606
㒎	sa	3507413125
㒑	hui	3507371644
㒑	kui	3507330163
㒒	pu	3507288682
㒔	du	3507247201
㒔	shu	3507205720
㒔	tu	3507164239
㒕	yang	3507122758
㒗	tai	3507081277
㒙	mian	3507039796
㒚	wen	3506998315
㒚	yin	3506956834
㒛	diao	3506915353
㒝	mie	3506873872
㒝	wa	3506832391
㒞	jun	3506790910
㒟	niao	3506749429
㒠	xie	3506707948
㒡	you	3506666467
㒤	che	3506624986
㒥	feng	3506583505
㒦	lei	3506542024
㒧	li	3506500543
㒩	luo	3506459062
㒫	ji	3506417581
㒰	quan	3506376100
㒲	cai	3506334619
㒳	liang	3506293138
㒴	gu	3506251657
㒵	mao	3506210176
㒷	gua	3506168695
㒸	sui	3506127214
㒻	mao	3506085733
㒼	man	3506044252
㒽	quan	3506002771
㒾	shi	3505961290
㓁	wang	3505919809
㓂	kou	3505878328
㓃	du	3505836847
㓅	ting	3505795366
㓈	bing	3505753885
㓉	huo	3505712404
㓊	dong	3505670923
㓋	gong	3505629442
㓌	cheng	3505587961
㓎	qin	3505546480
㓏	jiong	3505504999
㓐	lu	3505463518
㓑	xing	3505422037
㓓	nan	3505380556
㓔	xie	3505339075
㓗	jie	3505297594
㓘	su	3505256113
㓚	gong	3505214632
㓜	you	3505173151
㓝	xing	3505131670
㓞	qia	3505090189
㓟	pi	3505048708
㓠	dian	3505007227
㓡	fu	3504965746
㓡	gua	3504924265
㓢	luo	3504882784
㓣	ge	3504841303
㓣	qia	3504799822
㓤	qia	3504758341
㓦	bai	3504716860
㓧	gan	3504675379
㓩	jie	3504633898
㓩	xuan	3504592417
㓪	lang	3504550936
㓭	she	3504509455
㓮	diao	3504467974
㓯	li	3504426493
㓰	hua	3504385012
㓱	shu	3504343531
㓱	tou	3504302050
㓲	pian	3504260569
㓳	di	3504219088
㓴	ruan	3504177607
㓵	e	3504136126
㓶	qie	3504094645
㓷	yi	3504053164
㓸	dou	3504011683
㓸	zhuo	3503970202
㓹	cui	3503928721
㓹	ji	3503887240
㓹	rui	3503845759
㓺	jian	3503804278
㓺	qian	3503762797
㓼	chi	3503721316
㓽	chong	3503679835
㓾	chi	3503638354
㓾	xi	3503596873
㔀	lve	3503555392
㔁	deng	3503513911
㔂	lin	3503472430
㔄	su	3503430949
㔆	zan	3503389468
㔊	dan	3503347987
㔊	zhan	3503306506
㔌	cou	3503265025
㔌	zou	3503223544
㔍	chua	3503182063
㔍	zha	3503140582
㔎	xie	3503099101
㔏	li	3503057620
㔏	luo	3503016139
㔑	chi	3502974658
㔒	xi	3502933177
㔓	jian	3502891696
㔕	ji	3502850215
㔗	bei	3502808734
㔗	fei	3502767253
㔗	fu	3502725772
㔘	chu	3502684291
㔙	beng	3502642810
㔚	jie	3502601329
㔜	ba	3502559848
㔞	kuai	3502518367
㔠	he	3502476886
㔠	xia	3502435405
㔡	bie	3502393924
㔣	lei	3502352443
㔤	xin	3502310962
㔥	bai	3502269481
㔥	pi	3502228000
㔦	yang	3502186519
㔧	lv	3502145038
㔨	bei	3502103557
㔩	e	3502062076
㔪	lu	3502020595
㔭	che	3501979114
㔮	nuo	3501937633
㔯	suan	3501896152
㔯	xuan	3501854671
㔰	heng	3501813190
㔱	yu	3501771709
㔳	gui	3501730228
㔴	yi	3501688747
㔵	xuan	3501647266
㔶	gan	3501605785
㔶	gong	3501564304
㔷	lou	3501522823
㔸	ti	3501481342
㔹	le	3501439861
㔺	shi	3501398380
㔼	sun	3501356899
㔽	yao	3501315418
㔾	jie	3501273937
㔾	xian	3501232456
㔿	zou	3501190975
㕁	que	3501149494
㕂	qin	3501108013
㕂	yin	3501066532
㕃	xi	3501025051
㕄	zhi	3500983570
㕅	jia	3500942089
㕆	hu	3500900608
㕇	la	3500859127
㕈	yi	3500817646
㕉	ke	3500776165
㕊	fu	3500734684
㕋	qin	3500693203
㕌	ai	3500651722
㕎	ke	3500610241
㕏	chu	3500568760
㕐	xie	3500527279
㕑	chu	3500485798
㕕	huan	3500444317
㕖	su	3500402836
㕗	you	3500361355
㕙	jun	3500319874
㕚	zhao	3500278393
㕛	xu	3500236912
㕜	shi	3500195431
㕞	shua	3500153950
㕟	kuai	3500112469
㕟	kui	3500070988
㕠	shuang	3500029507
㕡	he	3499988026
㕣	yan	3499946545
㕤	qiu	3499905064
㕥	shen	3499863583
㕦	hua	3499822102
㕧	xi	3499780621
㕨	fan	3499739140
㕩	pang	3499697659
㕪	dan	3499656178
㕫	fang	3499614697
㕫	feng	3499573216
㕬	gong	3499531735
㕬	song	3499490254
㕭	ao	3499448773
㕮	fu	3499407292
㕯	ne	3499365811
㕰	ma	3499324330
㕰	xue	3499282849
㕱	you	3499241368
㕲	hua	3499199887
㕲	ying	3499158406
㕴	chen	3499116925
㕵	guo	3499075444
㕶	n	3499033963
㕷	hua	3498992482
㕷	pa	3498951001
㕷	pia	3498909520
㕸	li	3498868039
㕹	fa	3498826558
㕺	xiao	3498785077
㕻	pou	3498743596
㕽	si	3498702115
㖀	le	3498660634
㖁	lin	3498619153
㖂	yi	3498577672
㖃	hou	3498536191
㖅	xu	3498494710
㖆	qu	3498453229
㖇	er	3498411748
㖏	nie	3498370267
㖐	wei	3498328786
㖑	xie	3498287305
㖒	ti	3498245824
㖓	hong	3498204343
㖔	tun	3498162862
㖕	nie	3498121381
㖕	xin	3498079900
㖖	nie	3498038419
㖗	yin	3497996938
㖘	zhen	3497955457
㖟	shou	3497913976
㖠	nuo	3497872495
㖡	ye	3497831014
㖢	qi	3497789533
㖣	tou	3497748052
㖤	han	3497706571
㖥	jun	3497665090
㖧	hun	3497623609
㖧	wen	3497582128
㖨	lu	3497540647
㖩	ju	3497499166
㖩	sou	3497457685
㖪	guo	3497416204
㖪	huo	3497374723
㖪	xu	3497333242
㖫	ling	3497291761
㖭	tian	3497250280
㖵	ge	3497208799
㖶	yan	3497167318
㖶	ye	3497125837
㖶	yin	3497084356
㖷	shi	3497042875
㖷	ti	3497001394
㖸	nia	3496959913
㖸	xue	3496918432
㖹	fen	3496876951
㖹	pen	3496835470
㖺	chun	3496793989
㖻	niu	3496752508
㖻	rou	3496711027
㖼	duo	3496669546
㖽	ze	3496628065
㖾	e	3496586584
㖿	xie	3496545103
㖿	ye	3496503622
㗀	you	3496462141
㗁	e	3496420660
㗂	sheng	3496379179
㗃	hun	3496337698
㗃	wen	3496296217
㗄	ku	3496254736
㗅	hu	3496213255
㗆	ge	3496171774
㗇	xia	3496130293
㗇	ya	3496088812
㗈	man	3496047331
㗉	e	3496005850
㗉	lve	3495964369
㗊	ji	3495922888
㗊	lei	3495881407
㗋	hou	3495839926
㗌	zhi	3495798445
㗎	jia	3495756964
㗏	wai	3495715483
㗑	bai	3495674002
㗒	ai	3495632521
㗓	zhui	3495591040
㗔	qian	3495549559
㗕	gou	3495508078
㗖	dan	3495466597
㗗	bei	3495425116
㗘	bo	3495383635
㗚	li	3495342154
㗛	xiao	3495300673
㗜	xiu	3495259192
㗤	cu	3495217711
㗥	guo	3495176230
㗥	kuo	3495134749
㗦	lao	3495093268
㗧	die	3495051787
㗧	zhi	3495010306
㗨	ai	3494968825
㗨	xie	3494927344
㗩	xi	3494885863
㗫	qie	3494844382
㗬	zha	3494802901
㗭	xi	3494761420
㗱	ji	3494719939
㗳	da	3494678458
㗳	ta	3494636977
㗴	yan	3494595496
㗵	xu	3494554015
㗷	sai	3494512534
㗽	xiang	3494471053
㗾	xue	3494429572
㘀	zuo	3494388091
㘁	yi	3494346610
㘂	ci	3494305129
㘄	leng	3494263648
㘅	xian	3494222167
㘆	tai	3494180686
㘇	rong	3494139205
㘈	ni	3494097724
㘈	yi	3494056243
㘉	zhi	3494014762
㘊	xi	3493973281
㘊	yi	3493931800
㘋	xian	3493890319
㘌	ju	3493848838
㘍	ji	3493807357
㘐	pao	3493765876
㘑	li	3493724395
㘕	han	3493682914
㘕	lan	3493641433
㘗	qu	3493599952
㘛	kan	3493558471
㘜	chi	3493516990
㘝	nie	3493475509
㘞	huo	3493434028
㘠	bi	3493392547
㘡	xia	3493351066
㘢	weng	3493309585
㘣	xuan	3493268104
㘣	yuan	3493226623
㘥	you	3493185142
㘦	qin	3493143661
㘧	xu	3493102180
㘨	nie	3493060699
㘩	bi	3493019218
㘪	hao	3492977737
㘫	jing	3492936256
㘬	ao	3492894775
㘬	wu	3492853294
㘭	ao	3492811813
㘰	zhen	3492770332
㘱	tan	3492728851
㘲	ju	3492687370
㘴	zuo	3492645889
㘵	bu	3492604408
㘶	jie	3492562927
㘷	ai	3492521446
㘸	zang	3492479965
㘸	zuo	3492438484
㘹	ci	3492397003
㘺	fa	3492355522
㘿	nie	3492314041
㙀	jiu	3492272560
㙀	liu	3492231079
㙁	mei	3492189598
㙁	mu	3492148117
㙂	dui	3492106636
㙂	weng	3492065155
㙃	bang	3492023674
㙄	bi	3491982193
㙅	bao	3491940712
㙇	chu	3491899231
㙈	xia	3491857750
㙉	tian	3491816269
㙊	chang	3491774788
㙊	zhang	3491733307
㙍	duo	3491691826
㙎	wei	3491650345
㙏	fu	3491608864
㙐	duo	3491567383
㙑	yu	3491525902
㙒	ye	3491484421
㙓	kui	3491442940
㙕	kuai	3491401459
㙗	wei	3491359978
㙘	yao	3491318497
㙙	long	3491277016
㙚	xing	3491235535
㙛	bu	3491194054
㙜	chi	3491152573
㙝	xie	3491111092
㙞	nie	3491069611
㙟	lang	3491028130
㙠	yi	3490986649
㙣	zhang	3490945168
㙤	xia	3490903687
㙥	gun	3490862206
㙦	xie	3490820725
㙨	ji	3490779244
㙩	liao	3490737763
㙪	yi	3490696282
㙫	ji	3490654801
㙮	da	3490613320
㙯	yi	3490571839
㙰	xie	3490530358
㙱	hao	3490488877
㙲	yong	3490447396
㙳	han	3490405915
㙳	kan	3490364434
㙴	chan	3490322953
㙵	tai	3490281472
㙶	tang	3490239991
㙷	zhe	3490198510
㙷	zhi	3490157029
㙸	bao	3490115548
㙹	meng	3490074067
㙻	chan	3490032586
㙼	lei	3489991105
㚀	xi	3489949624
㚁	qiao	3489908143
㚂	nang	3489866662
㚃	yun	3489825181
㚅	long	3489783700
㚆	fu	3489742219
㚇	zong	3489700738
㚉	gu	3489659257
㚊	kai	3489617776
㚋	diao	3489576295
㚌	hua	3489534814
㚍	kui	3489493333
㚏	gao	3489451852
㚐	tao	3489410371
㚒	shan	3489368890
㚓	lai	3489327409
㚔	nie	3489285928
㚔	xing	3489244447
㚕	fu	3489202966
㚖	gao	3489161485
㚖	ze	3489120004
㚗	qie	3489078523
㚘	ban	3489037042
㚘	fu	3488995561
㚘	he	3488954080
㚙	jia	3488912599
㚚	kong	3488871118
㚚	kuang	3488829637
㚛	xi	3488788156
㚜	xu	3488746675
㚜	yu	3488705194
㚝	zhui	3488663713
㚞	shen	3488622232
㚟	chuo	3488580751
㚠	xiao	3488539270
㚡	ji	3488497789
㚢	nu	3488456308
㚢	wu	3488414827
㚣	xiao	3488373346
㚤	yi	3488331865
㚥	yu	3488290384
㚦	yi	3488248903
㚧	yan	3488207422
㚨	shen	3488165941
㚩	ran	3488124460
㚪	hao	3488082979
㚫	sa	3488041498
㚬	jun	3488000017
㚭	you	3487958536
㚰	bi	3487917055
㚰	pei	3487875574
㚱	qiu	3487834093
㚲	chan	3487792612
㚲	dian	3487751131
㚴	bu	3487709650
㚵	dong	3487668169
㚶	si	3487626688
㚶	yi	3487585207
㚷	er	3487543726
㚹	liu	3487502245
㚹	mao	3487460764
㚺	yun	3487419283
㚻	ji	3487377802
㚽	qiao	3487336321
㚾	xiong	3487294840
㚿	pao	3487253359
㛁	peng	3487211878
㛂	nuo	3487170397
㛃	jie	3487128916
㛄	yi	3487087435
㛅	er	3487045954
㛆	duo	3487004473
㛊	duo	3486962992
㛎	lv	3486921511
㛏	qiu	3486880030
㛐	sou	3486838549
㛑	can	3486797068
㛒	dou	3486755587
㛓	xi	3486714106
㛔	feng	3486672625
㛔	peng	3486631144
㛕	e	3486589663
㛕	yi	3486548182
㛖	suo	3486506701
㛗	qie	3486465220
㛗	suo	3486423739
㛗	zuo	3486382258
㛘	po	3486340777
㛙	qie	3486299296
㛙	xin	3486257815
㛚	tong	3486216334
㛚	yong	3486174853
㛛	xin	3486133372
㛜	you	3486091891
㛞	long	3486050410
㛥	ta	3486008929
㛦	lan	3485967448
㛧	man	3485925967
㛨	qiang	3485884486
㛩	zhou	3485843005
㛪	yan	3485801524
㛫	xi	3485760043
㛬	lu	3485718562
㛭	xi	3485677081
㛮	sao	3485635600
㛯	fan	3485594119
㛯	mian	3485552638
㛯	zhuan	3485511157
㛱	wei	3485469676
㛲	fa	3485428195
㛳	yi	3485386714
㛴	nao	3485345233
㛵	cheng	3485303752
㛶	tan	3485262271
㛷	ji	3485220790
㛸	shu	3485179309
㛹	pian	3485137828
㛺	an	3485096347
㛻	kua	3485054866
㛼	cha	3485013385
㛼	sha	3484971904
㛾	xian	3484930423
㜂	feng	3484888942
㜃	lian	3484847461
㜅	xu	3484805980
㜆	mi	3484764499
㜇	hui	3484723018
㜇	ye	3484681537
㜈	mu	3484640056
㜉	yong	3484598575
㜊	zhan	3484557094
㜋	yi	3484515613
㜌	gou	3484474132
㜌	kou	3484432651
㜌	nou	3484391170
㜍	tang	3484349689
㜎	xi	3484308208
㜑	fu	3484266727
㜒	yi	3484225246
㜓	da	3484183765
㜖	cao	3484142284
㜘	cha	3484100803
㜘	ju	3484059322
㜘	qu	3484017841
㜙	lu	3483976360
㜚	su	3483934879
㜛	nen	3483893398
㜜	ao	3483851917
㜝	an	3483810436
㜝	yan	3483768955
㜠	cui	3483727474
㜡	cong	3483685993
㜣	ran	3483644512
㜤	nian	3483603031
㜤	tan	3483561550
㜤	tian	3483520069
㜦	xin	3483478588
㜧	yue	3483437107
㜨	nai	3483395626
㜩	ao	3483354145
㜪	shen	3483312664
㜫	ma	3483271183
㜯	xi	3483229702
㜱	zhi	3483188221
㜲	weng	3483146740
㜳	huai	3483105259
㜴	meng	3483063778
㜵	niao	3483022297
㜶	wan	3482980816
㜸	nie	3482939335
㜹	qu	3482897854
㜻	lian	3482856373
㜼	zhi	3482814892
㜽	zi	3482773411
㜾	hai	3482731930
㜿	xu	3482690449
㝀	hao	3482648968
㝁	qiong	3482607487
㝁	xuan	3482566006
㝂	zhe	3482524525
㝂	zhi	3482483044
㝃	mian	3482441563
㝄	chun	3482400082
㝅	gou	3482358601
㝇	chun	3482317120
㝈	luan	3482275639
㝉	zhu	3482234158
㝊	shou	3482192677
㝋	liao	3482151196
㝌	jiu	3482109715
㝍	xie	3482068234
㝎	ding	3482026753
㝏	jie	3481985272
㝐	rong	3481943791
㝑	mang	3481902310
㝓	ke	3481860829
㝔	yao	3481819348
㝕	ning	3481777867
㝖	yi	3481736386
㝗	lang	3481694905
㝘	yong	3481653424
㝙	yin	3481611943
㝚	yan	3481570462
㝛	su	3481528981
㝝	lin	3481487500
㝠	ming	3481446019
㝡	zui	3481404538
㝢	yu	3481363057
㝣	yi	3481321576
㝤	gou	3481280095
㝥	mi	3481238614
㝧	wen	3481197133
㝩	kang	3481155652
㝪	dian	3481114171
㝫	long	3481072690
㝭	xing	3481031209
㝮	cui	3480989728
㝯	qiao	3480948247
㝰	mian	3480906766
㝱	meng	3480865285
㝲	qin	3480823804
㝴	wan	3480782323
㝵	de	3480740842
㝶	ai	3480699361
㝸	bian	3480657880
㝹	nou	3480616399
㝺	lian	3480574918
㝻	jin	3480533437
㝼	yu	3480491956
㝽	chui	3480450475
㝾	zuo	3480408994
㝿	bo	3480367513
㞀	hui	3480326032
㞁	yao	3480284551
㞂	tui	3480243070
㞃	ji	3480201589
㞄	an	3480160108
㞅	luo	3480118627
㞆	ji	3480077146
㞇	wei	3480035665
㞈	bo	3479994184
㞉	za	3479952703
㞊	xu	3479911222
㞋	ji	3479869741
㞋	nian	3479828260
㞌	yun	3479786779
㞎	ba	3479745298
㞎	pa	3479703817
㞏	jie	3479662336
㞏	zhe	3479620855
㞐	ju	3479579374
㞑	wei	3479537893
㞒	xi	3479496412
㞒	xie	3479454931
㞓	ji	3479413450
㞓	qi	3479371969
㞔	yi	3479330488
㞕	xie	3479289007
㞖	ci	3479247526
㞗	qiu	3479206045
㞘	du	3479164564
㞙	niao	3479123083
㞚	qi	3479081602
㞚	zha	3479040121
㞛	ji	3478998640
㞜	tui	3478957159
㞟	dian	3478915678
㞟	ding	3478874197
㞠	lao	3478832716
㞡	zhan	3478791235
㞤	cen	3478749754
㞤	yin	3478708273
㞥	cen	3478666792
㞦	ji	3478625311
㞧	hui	3478583830
㞨	zi	3478542349
㞩	lan	3478500868
㞪	nao	3478459387
㞫	ju	3478417906
㞬	qin	3478376425
㞭	dai	3478334944
㞯	jie	3478293463
㞰	xu	3478251982
㞱	cong	3478210501
㞲	yong	3478169020
㞳	dou	3478127539
㞴	chi	3478086058
㞴	min	3478044577
㞶	min	3478003096
㞷	huang	3477961615
㞸	sui	3477920134
㞹	ke	3477878653
㞺	zu	3477837172
㞻	hao	3477795691
㞼	cheng	3477754210
㞽	xue	3477712729
㞾	ni	3477671248
㞿	chi	3477629767
㟀	lian	3477588286
㟁	an	3477546805
㟂	mu	3477505324
㟃	si	3477463843
㟄	xiang	3477422362
㟅	yang	3477380881
㟇	cuo	3477339400
㟈	qiu	3477297919
㟉	lao	3477256438
㟊	fu	3477214957
㟋	dui	3477173476
㟌	mang	3477131995
㟍	lang	3477090514
㟎	tui	3477049033
㟎	tuo	3477007552
㟏	han	3476966071
㟐	mang	3476924590
㟑	bo	3476883109
㟒	qun	3476841628
㟓	qi	3476800147
㟔	han	3476758666
㟖	long	3476717185
㟗	bin	3476675704
㟘	tiao	3476634223
㟙	ze	3476592742
㟚	qi	3476551261
㟛	zan	3476509780
㟝	pei	3476468299
㟞	zhan	3476426818
㟟	xiang	3476385337
㟠	gang	3476343856
㟢	qi	3476302375
㟤	lu	3476260894
㟧	e	3476219413
㟨	duan	3476177932
㟩	min	3476136451
㟪	wei	3476094970
㟫	quan	3476053489
㟬	sou	3476012008
㟭	min	3475970527
㟮	tu	3475929046
㟰	ming	3475887565
㟱	yao	3475846084
㟲	jue	3475804603
㟳	li	3475763122
㟴	kuai	3475721641
㟵	gang	3475680160
㟶	yuan	3475638679
㟷	da	3475597198
㟹	lao	3475555717
㟻	qian	3475514236
㟻	zhan	3475472755
㟼	ao	3475431274
㟽	biao	3475389793
㟾	yong	3475348312
㟿	mang	3475306831
㠀	dao	3475265350
㠂	ao	3475223869
㠄	xi	3475182388
㠅	fu	3475140907
㠇	jiu	3475099426
㠈	run	3475057945
㠉	tong	3475016464
㠊	qu	3474974983
㠋	e	3474933502
㠌	qi	3474892021
㠍	ji	3474850540
㠎	ji	3474809059
㠎	jie	3474767578
㠐	jiao	3474726097
㠑	zui	3474684616
㠒	biao	3474643135
㠓	meng	3474601654
㠔	bai	3474560173
㠕	wei	3474518692
㠖	yi	3474477211
㠗	ao	3474435730
㠘	yu	3474394249
㠙	hao	3474352768
㠚	dui	3474311287
㠛	wo	3474269806
㠜	ni	3474228325
㠝	cuan	3474186844
㠟	li	3474145363
㠡	niao	3474103882
㠢	huai	3474062401
㠥	lei	3474020920
㠥	lv	3473979439
㠦	feng	3473937958
㠧	mi	3473896477
㠨	yu	3473854996
㠪	ju	3473813515
㠭	zhan	3473772034
㠮	gang	3473730553
㠮	peng	3473689072
㠯	yi	3473647591
㠱	ji	3473606110
㠱	qi	3473564629
㠲	bi	3473523148
㠴	ren	3473481667
㠵	huang	3473440186
㠶	fan	3473398705
㠷	ge	3473357224
㠸	ku	3473315743
㠹	jie	3473274262
㠺	miao	3473232781
㠺	sha	3473191300
㠼	si	3473149819
㠽	tong	3473108338
㠾	yuan	3473066857
㠿	ci	3473025376
㠿	zi	3472983895
㡀	bi	3472942414
㡁	kua	3472900933
㡂	li	3472859452
㡃	huang	3472817971
㡄	xun	3472776490
㡅	nuo	3472735009
㡇	jie	3472693528
㡇	zhe	3472652047
㡈	men	3472610566
㡈	mian	3472569085
㡈	wen	3472527604
㡉	xian	3472486123
㡊	qia	3472444642
㡋	an	3472403161
㡋	ye	3472361680
㡌	mao	3472320199
㡏	shu	3472278718
㡏	tou	3472237237
㡏	xu	3472195756
㡑	jiao	3472154275
㡑	qiao	3472112794
㡒	zhun	3472071313
㡔	wu	3472029832
㡕	ying	3471988351
㡖	chuang	3471946870
㡗	ti	3471905389
㡘	lian	3471863908
㡘	lin	3471822427
㡙	bi	3471780946
㡚	gou	3471739465
㡛	mang	3471697984
㡜	xie	3471656503
㡜	xue	3471615022
㡝	feng	3471573541
㡟	zao	3471532060
㡠	zheng	3471490579
㡡	chu	3471449098
㡢	man	3471407617
㡣	long	3471366136
㡥	yin	3471324655
㡦	pin	3471283174
㡧	zheng	3471241693
㡨	jian	3471200212
㡨	qian	3471158731
㡩	luan	3471117250
㡪	nie	3471075769
㡫	yi	3471034288
㡭	ji	3470992807
㡮	ji	3470951326
㡯	du	3470909845
㡯	duo	3470868364
㡯	zhai	3470826883
㡰	yu	3470785402
㡱	jiu	3470743921
㡲	huan	3470702440
㡳	zhi	3470660959
㡴	la	3470619478
㡵	ling	3470577997
㡶	zhi	3470536516
㡷	ben	3470495035
㡸	cha	3470453554
㡸	zha	3470412073
㡹	ju	3470370592
㡺	dan	3470329111
㡻	liao	3470287630
㡼	yi	3470246149
㡽	zhao	3470204668
㡾	xian	3470163187
㡿	chi	3470121706
㢀	ci	3470080225
㢁	chi	3470038744
㢁	shi	3469997263
㢂	dui	3469955782
㢂	tui	3469914301
㢂	yan	3469872820
㢃	lang	3469831339
㢄	dou	3469789858
㢅	long	3469748377
㢆	chan	3469706896
㢈	dui	3469665415
㢈	tui	3469623934
㢉	cha	3469582453
㢊	ai	3469540972
㢊	yi	3469499491
㢋	chi	3469458010
㢍	ying	3469416529
㢎	zhe	3469375048
㢏	tou	3469333567
㢏	yu	3469292086
㢑	tui	3469250605
㢒	cha	3469209124
㢓	yao	3469167643
㢔	zong	3469126162
㢖	ban	3469084681
㢖	pan	3469043200
㢘	lian	3469001719
㢙	qin	3468960238
㢚	lu	3468918757
㢛	qian	3468877276
㢛	yan	3468835795
㢜	kang	3468794314
㢞	yi	3468752833
㢟	chan	3468711352
㢠	jiong	3468669871
㢡	jiang	3468628390
㢣	jing	3468586909
㢥	dong	3468545428
㢧	juan	3468503947
㢨	han	3468462466
㢩	di	3468420985
㢬	hong	3468379504
㢮	chi	3468338023
㢯	diao	3468296542
㢯	min	3468255061
㢰	bi	3468213580
㢲	xun	3468172099
㢳	lu	3468130618
㢵	she	3468089137
㢵	xie	3468047656
㢶	bi	3468006175
㢸	bi	3467964694
㢺	xian	3467923213
㢻	rui	3467881732
㢼	bie	3467840251
㢽	er	3467798770
㢾	juan	3467757289
㣀	zhen	3467715808
㣁	bei	3467674327
㣂	e	3467632846
㣃	yu	3467591365
㣄	qu	3467549884
㣅	zan	3467508403
㣆	mi	3467466922
㣇	yi	3467425441
㣈	si	3467383960
㣌	shan	3467342479
㣍	tai	3467300998
㣎	mu	3467259517
㣏	jing	3467218036
㣐	bian	3467176555
㣑	rong	3467135074
㣒	ceng	3467093593
㣓	can	3467052112
㣔	ding	3467010631
㣙	di	3466969150
㣙	zhou	3466927669
㣚	dong	3466886188
㣚	tong	3466844707
㣛	hui	3466803226
㣛	ta	3466761745
㣜	xing	3466720264
㣝	song	3466678783
㣞	duo	3466637302
㣟	xi	3466595821
㣠	tao	3466554340
㣠	tong	3466512859
㣢	ti	3466471378
㣣	shan	3466429897
㣤	jian	3466388416
㣥	zhi	3466346935
㣦	wei	3466305454
㣧	yin	3466263973
㣪	huan	3466222492
㣫	dong	3466181011
㣫	zhong	3466139530
㣬	qi	3466098049
㣭	zong	3466056568
㣯	xie	3466015087
㣰	xie	3465973606
㣱	ze	3465932125
㣲	wei	3465890644
㣵	ta	3465849163
㣶	zhan	3465807682
㣷	ning	3465766201
㣺	xin	3465724720
㣻	yi	3465683239
㣼	ren	3465641758
㣽	nu	3465600277
㣽	shu	3465558796
㣾	cha	3465517315
㣿	diao	3465475834
㣿	zhuo	3465434353
㤁	mian	3465392872
㤂	ji	3465351391
㤃	fang	3465309910
㤄	pei	3465268429
㤅	ai	3465226948
㤆	fan	3465185467
㤇	ao	3465143986
㤈	qin	3465102505
㤉	qia	3465061024
㤉	ya	3465019543
㤊	xiao	3464978062
㤋	fen	3464936581
㤌	gan	3464895100
㤍	qiao	3464853619
㤎	ge	3464812138
㤏	tong	3464770657
㤐	chan	3464729176
㤑	you	3464687695
㤒	gao	3464646214
㤓	ben	3464604733
㤔	fu	3464563252
㤕	chu	3464521771
㤕	po	3464480290
㤚	hang	3464438809
㤛	nin	3464397328
㤜	jue	3464355847
㤝	chong	3464314366
㤞	cha	3464272885
㤞	duo	3464231404
㤞	ze	3464189923
㤟	kong	3464148442
㤠	lie	3464106961
㤡	li	3464065480
㤡	lie	3464023999
㤢	yu	3463982518
㤤	yu	3463941037
㤥	hai	3463899556
㤦	li	3463858075
㤧	hou	3463816594
㤨	gong	3463775113
㤩	ke	3463733632
㤪	yuan	3463692151
㤫	de	3463650670
㤬	hui	3463609189
㤮	guang	3463567708
㤯	jiong	3463526227
㤰	zuo	3463484746
㤱	dou	3463443265
㤱	fu	3463401784
㤳	bei	3463360303
㤴	che	3463318822
㤴	die	3463277341
㤴	she	3463235860
㤵	ci	3463194379
㤶	mang	3463152898
㤷	han	3463111417
㤸	xi	3463069936
㤹	jiu	3463028455
㤹	qiu	3462986974
㤺	huang	3462945493
㤾	san	3462904012
㤿	yan	3462862531
㥀	de	3462821050
㥀	zhi	3462779569
㥁	de	3462738088
㥂	te	3462696607
㥃	men	3462655126
㥄	ling	3462613645
㥅	shou	3462572164
㥆	tui	3462530683
㥇	can	3462489202
㥈	die	3462447721
㥉	che	3462406240
㥊	peng	3462364759
㥋	yi	3462323278
㥌	ju	3462281797
㥍	ji	3462240316
㥎	lai	3462198835
㥏	tian	3462157354
㥐	yuan	3462115873
㥒	cai	3462074392
㥓	qi	3462032911
㥔	yu	3461991430
㥕	lian	3461949949
㥖	cong	3461908468
㥚	yu	3461866987
㥛	ji	3461825506
㥛	ke	3461784025
㥜	wei	3461742544
㥝	mi	3461701063
㥞	sui	3461659582
㥟	xie	3461618101
㥠	xu	3461576620
㥡	chi	3461535139
㥢	jiu	3461493658
㥢	qiu	3461452177
㥣	hui	3461410696
㥥	yu	3461369215
㥦	qie	3461327734
㥧	shun	3461286253
㥨	shui	3461244772
㥨	wei	3461203291
㥩	duo	3461161810
㥬	pang	3461120329
㥭	tai	3461078848
㥯	yin	3461037367
㥰	sao	3460995886
㥱	fei	3460954405
㥲	chen	3460912924
㥲	shen	3460871443
㥳	yuan	3460829962
㥴	ti	3460788481
㥴	yi	3460747000
㥵	hun	3460705519
㥶	qian	3460664038
㥶	se	3460622557
㥸	min	3460581076
㥹	fen	3460539595
㥺	he	3460498114
㥼	yan	3460456633
㥼	yin	3460415152
㥽	ce	3460373671
㥽	ze	3460332190
㥾	ni	3460290709
㥿	ao	3460249228
㦀	feng	3460207747
㦁	lian	3460166266
㦂	chang	3460124785
㦃	chan	3460083304
㦄	ma	3460041823
㦅	chai	3460000342
㦅	di	3459958861
㦅	die	3459917380
㦆	hu	3459875899
㦆	xia	3459834418
㦇	lu	3459792937
㦉	yi	3459751456
㦋	zha	3459709975
㦌	hu	3459668494
㦌	xu	3459627013
㦍	e	3459585532
㦏	sun	3459544051
㦏	xuan	3459502570
㦐	ni	3459461089
㦑	han	3459419608
㦑	xian	3459378127
㦒	li	3459336646
㦓	ran	3459295165
㦓	xian	3459253684
㦔	yan	3459212203
㦕	long	3459170722
㦗	jin	3459129241
㦘	ji	3459087760
㦚	bian	3459046279
㦜	huo	3459004798
㦜	xue	3458963317
㦝	miao	3458921836
㦟	mai	3458880355
㦢	jie	3458838874
㦣	wei	3458797393
㦤	yi	3458755912
㦥	xian	3458714431
㦥	xuan	3458672950
㦧	can	3458631469
㦨	lan	3458589988
㦩	yin	3458548507
㦪	xie	3458507026
㦫	za	3458465545
㦮	qian	3458424064
㦯	huo	3458382583
㦰	jian	3458341102
㦱	wo	3458299621
㦴	ge	3458258140
㦵	zhu	3458216659
㦶	die	3458175178
㦶	yong	3458133697
㦷	yong	3458092216
㦸	ji	3458050735
㦹	yang	3458009254
㦺	ru	3457967773
㦻	xi	3457926292
㦼	shuang	3457884811
㦽	yu	3457843330
㦾	yi	3457801849
㦿	hu	3457760368
㦿	qian	3457718887
㧀	ji	3457677406
㧁	he	3457635925
㧁	qu	3457594444
㧂	tian	3457552963
㧃	jiu	3457511482
㧃	shou	3457470001
㧄	qian	3457428520
㧅	dao	3457387039
㧅	mu	3457345558
㧆	jin	3457304077
㧇	mao	3457262596
㧈	yin	3457221115
㧉	gai	3457179634
㧉	hai	3457138153
㧉	ye	3457096672
㧊	ba	3457055191
㧊	po	3457013710
㧋	xuan	3456972229
㧌	mao	3456930748
㧍	beng	3456889267
㧍	fang	3456847786
㧎	qia	3456806305
㧎	ya	3456764824
㧒	yu	3456723343
㧓	gua	3456681862
㧔	guai	3456640381
㧕	liu	3456598900
㧖	e	3456557419
㧗	ji	3456515938
㧗	zhi	3456474457
㧗	zi	3456432976
㧘	zi	3456391495
㧙	bi	3456350014
㧙	bie	3456308533
㧚	wa	3456267052
㧜	lie	3456225571
㧡	hai	3456184090
㧡	wei	3456142609
㧢	yin	3456101128
㧣	zhu	3456059647
㧤	chong	3456018166
㧥	xian	3455976685
㧦	hong	3455935204
㧦	xuan	3455893723
㧨	qiu	3455852242
㧩	pei	3455810761
㧪	gui	3455769280
㧪	wei	3455727799
㧫	er	3455686318
㧫	ruan	3455644837
㧫	rui	3455603356
㧬	gong	3455561875
㧭	qiong	3455520394
㧮	hu	3455478913
㧯	lao	3455437432
㧱	chen	3455395951
㧲	san	3455354470
㧳	bai	3455312989
㧳	zhuo	3455271508
㧴	e	3455230027
㧴	wo	3455188546
㧵	pou	3455147065
㧶	keng	3455105584
㧷	tun	3455064103
㧸	peng	3455022622
㧹	te	3454981141
㧺	ta	3454939660
㧻	du	3454898179
㧻	zhuo	3454856698
㧻	zu	3454815217
㧼	biao	3454773736
㧽	gu	3454732255
㧾	hu	3454690774
㨀	bing	3454649293
㨁	zhi	3454607812
㨂	dong	3454566331
㨃	cheng	3454524850
㨃	dui	3454483369
㨄	tiao	3454441888
㨄	zhao	3454400407
㨄	zhou	3454358926
㨅	nei	3454317445
㨅	rui	3454275964
㨆	lin	3454234483
㨇	po	3454193002
㨈	ji	3454151521
㨉	min	3454110040
㨉	wen	3454068559
㨊	duo	3454027078
㨊	tuo	3453985597
㨊	wei	3453944116
㨋	che	3453902635
㨌	gou	3453861154
㨍	bang	3453819673
㨎	ru	3453778192
㨏	tan	3453736711
㨐	bu	3453695230
㨑	zong	3453653749
㨒	kui	3453612268
㨓	lao	3453570787
㨔	han	3453529306
㨕	ying	3453487825
㨖	zhi	3453446344
㨗	jie	3453404863
㨘	xing	3453363382
㨙	xi	3453321901
㨙	xie	3453280420
㨚	sun	3453238939
㨚	xun	3453197458
㨜	qian	3453155977
㨝	xie	3453114496
㨞	su	3453073015
㨠	mi	3453031534
㨡	hun	3452990053
㨢	pi	3452948572
㨤	hui	3452907091
㨦	song	3452865610
㨧	ben	3452824129
㨨	chou	3452782648
㨨	liu	3452741167
㨩	jie	3452699686
㨪	huang	3452658205
㨭	hu	3452616724
㨮	dou	3452575243
㨯	huo	3452533762
㨰	gun	3452492281
㨱	yao	3452450800
㨲	ce	3452409319
㨳	gui	3452367838
㨳	ji	3452326357
㨴	jian	3452284876
㨵	jian	3452243395
㨶	dao	3452201914
㨷	jin	3452160433
㨸	ma	3452118952
㨹	hui	3452077471
㨹	xue	3452035990
㨺	men	3451994509
㨺	mian	3451953028
㨼	lve	3451911547
㨽	pi	3451870066
㨾	yang	3451828585
㨿	ju	3451787104
㩀	ju	3451745623
㩁	que	3451704142
㩃	qian	3451662661
㩄	shai	3451621180
㩆	jiu	3451579699
㩆	zu	3451538218
㩈	yun	3451496737
㩉	da	3451455256
㩉	la	3451413775
㩉	xi	3451372294
㩉	xie	3451330813
㩊	xuan	3451289332
㩍	ce	3451247851
㩎	ye	3451206370
㩐	den	3451164889
㩒	qin	3451123408
㩓	hui	3451081927
㩔	tun	3451040446
㩖	qiang	3450998965
㩗	xi	3450957484
㩘	ni	3450916003
㩙	sai	3450874522
㩚	meng	3450833041
㩛	tuan	3450791560
㩝	hao	3450750079
㩞	ci	3450708598
㩟	zhai	3450667117
㩠	ao	3450625636
㩠	piao	3450584155
㩠	pou	3450542674
㩡	luo	3450501193
㩢	mi	3450459712
㩢	mie	3450418231
㩤	fu	3450376750
㩦	xi	3450335269
㩦	xie	3450293788
㩧	bo	3450252307
㩨	hui	3450210826
㩩	qing	3450169345
㩪	xie	3450127864
㩮	qian	3450086383
㩯	po	3450044902
㩰	jiao	3450003421
㩱	jue	3449961940
㩲	kun	3449920459
㩴	ju	3449878978
㩴	qu	3449837497
㩶	nie	3449796016
㩸	die	3449754535
㩻	gui	3449713054
㩻	qi	3449671573
㩼	zhi	3449630092
㩽	chi	3449588611
㩽	e	3449547130
㩽	qi	3449505649
㩾	qi	3449464168
㩾	zhui	3449422687
㩿	ku	3449381206
㪀	yu	3449339725
㪁	kan	3449298244
㪁	qian	3449256763
㪁	qin	3449215282
㪂	ku	3449173801
㪃	he	3449132320
㪄	fu	3449090839
㪅	geng	3449049358
㪆	di	3449007877
㪇	xian	3448966396
㪈	gui	3448924915
㪉	he	3448883434
㪊	qun	3448841953
㪋	han	3448800472
㪋	he	3448758991
㪌	tong	3448717510
㪍	bei	3448676029
㪍	bo	3448634548
㪏	bi	3448593067
㪐	lu	3448551586
㪑	ye	3448510105
㪒	ni	3448468624
㪓	chuai	3448427143
㪔	san	3448385662
㪕	chuo	3448344181
㪕	diao	3448302700
㪖	lu	3448261219
㪗	tou	3448219738
㪘	lian	3448178257
㪙	ke	3448136776
㪚	san	3448095295
㪛	zhen	3448053814
㪜	chuai	3448012333
㪜	duo	3447970852
㪝	lian	3447929371
㪞	mao	3447887890
㪠	jian	3447846409
㪠	qian	3447804928
㪡	kai	3447763447
㪡	ke	3447721966
㪢	shao	3447680485
㪣	qiao	3447639004
㪣	xiao	3447597523
㪤	bi	3447556042
㪥	zha	3447514561
㪦	yin	3447473080
㪧	xi	3447431599
㪨	shan	3447390118
㪩	su	3447348637
㪪	sa	3447307156
㪫	rui	3447265675
㪬	chuo	3447224194
㪬	zhuo	3447182713
㪭	lu	3447141232
㪮	ling	3447099751
㪯	cha	3447058270
㪱	huan	3447016789
㪴	jia	3446975308
㪵	ban	3446933827
㪶	hu	3446892346
㪷	dou	3446850865
㪺	ju	3446809384
㪻	juan	3446767903
㪼	ke	3446726422
㪽	suo	3446684941
㪾	ge	3446643460
㪾	luo	3446601979
㪿	zhe	3446560498
㫀	ding	3446519017
㫁	duan	3446477536
㫂	zhu	3446436055
㫃	yan	3446394574
㫄	pang	3446353093
㫅	cha	3446311612
㫊	e	3446270131
㫊	yi	3446228650
㫍	yao	3446187169
㫍	you	3446145688
㫎	gun	3446104207
㫎	hui	3446062726
㫏	yao	3446021245
㫐	yao	3445979764
㫑	shi	3445938283
㫑	zhi	3445896802
㫒	gong	3445855321
㫓	qi	3445813840
㫔	gen	3445772359
㫗	hou	3445730878
㫘	mi	3445689397
㫙	fu	3445647916
㫚	hu	3445606435
㫛	guang	3445564954
㫜	tan	3445523473
㫝	di	3445481992
㫟	yan	3445440511
㫢	qu	3445399030
㫤	chang	3445357549
㫥	ming	3445316068
㫦	tao	3445274587
㫧	bao	3445233106
㫨	an	3445191625
㫫	xian	3445150144
㫯	mao	3445108663
㫰	lang	3445067182
㫱	nan	3445025701
㫲	bei	3444984220
㫳	chen	3444942739
㫵	fei	3444901258
㫶	zhou	3444859777
㫷	ji	3444818296
㫸	jie	3444776815
㫹	shu	3444735334
㫻	kun	3444693853
㫼	die	3444652372
㫽	lu	3444610891
㬂	yu	3444569410
㬃	tai	3444527929
㬄	chan	3444486448
㬅	man	3444444967
㬆	min	3444403486
㬇	huan	3444362005
㬈	wen	3444320524
㬉	nuan	3444279043
㬊	huan	3444237562
㬋	hou	3444196081
㬌	jing	3444154600
㬍	bo	3444113119
㬎	xian	3444071638
㬏	li	3444030157
㬐	jin	3443988676
㬐	zi	3443947195
㬒	mang	3443905714
㬓	piao	3443864233
㬔	hao	3443822752
㬕	yang	3443781271
㬗	xian	3443739790
㬘	su	3443698309
㬙	wei	3443656828
㬚	che	3443615347
㬛	xi	3443573866
㬜	jin	3443532385
㬝	ceng	3443490904
㬝	song	3443449423
㬞	he	3443407942
㬟	fen	3443366461
㬠	sha	3443324980
㬠	shai	3443283499
㬡	ling	3443242018
㬤	qi	3443200537
㬥	bo	3443159056
㬥	pu	3443117575
㬦	yue	3443076094
㬧	bo	3443034613
㬩	hui	3442993132
㬪	die	3442951651
㬫	yan	3442910170
㬬	ju	3442868689
㬭	jiao	3442827208
㬯	lie	3442785727
㬰	yu	3442744246
㬱	ti	3442702765
㬲	tian	3442661284
㬳	wu	3442619803
㬴	hong	3442578322
㬵	xiao	3442536841
㬶	hao	3442495360
㬸	tiao	3442453879
㬹	zheng	3442412398
㬻	hang	3442370917
㬻	huang	3442329436
㬼	fu	3442287955
㬿	tun	3442246474
㭁	reng	3442204993
㭂	jiao	3442163512
㭄	xin	3442122031
㭇	yuan	3442080550
㭈	jue	3442039069
㭉	hua	3441997588
㭊	xi	3441956107
㭋	bang	3441914626
㭌	mou	3441873145
㭑	mei	3441831664
㭒	si	3441790183
㭓	bian	3441748702
㭔	lu	3441707221
㭕	qu	3441665740
㭘	ge	3441624259
㭘	he	3441582778
㭙	zhe	3441541297
㭚	lv	3441499816
㭛	ba	3441458335
㭛	pai	3441416854
㭜	rong	3441375373
㭝	ou	3441333892
㭝	qiu	3441292411
㭞	lie	3441250930
㭟	gong	3441209449
㭠	xian	3441167968
㭡	xi	3441126487
㭡	xin	3441085006
㭢	xin	3441043525
㭨	xie	3441002044
㭩	lie	3440960563
㭪	fu	3440919082
㭫	cuan	3440877601
㭫	cuo	3440836120
㭬	zhuo	3440794639
㭭	ba	3440753158
㭭	bei	3440711677
㭭	bie	3440670196
㭮	zan	3440628715
㭮	zuo	3440587234
㭯	die	3440545753
㭯	zhe	3440504272
㭰	zui	3440462791
㭱	he	3440421310
㭲	ji	3440379829
㭸	tu	3440338348
㭹	xian	3440296867
㭺	an	3440255386
㭺	yan	3440213905
㭻	tang	3440172424
㭼	ta	3440130943
㭽	di	3440089462
㭾	jue	3440047981
㭿	ang	3440006500
㮀	han	3439965019
㮁	xiao	3439923538
㮂	ju	3439882057
㮃	rui	3439840576
㮃	wei	3439799095
㮄	bang	3439757614
㮅	zhui	3439716133
㮆	nie	3439674652
㮇	tian	3439633171
㮈	nai	3439591690
㮋	you	3439550209
㮌	mian	3439508728
㮏	na	3439467247
㮏	nai	3439425766
㮏	ni	3439384285
㮐	sheng	3439342804
㮐	si	3439301323
㮑	cha	3439259842
㮑	qi	3439218361
㮒	yan	3439176880
㮒	yin	3439135399
㮔	chong	3439093918
㮔	tong	3439052437
㮕	ruan	3439010956
㮖	jia	3438969475
㮗	qin	3438927994
㮘	mao	3438886513
㮙	e	3438845032
㮚	li	3438803551
㮛	chi	3438762070
㮛	yi	3438720589
㮜	zang	3438679108
㮞	jie	3438637627
㮟	ka	3438596146
㮟	nian	3438554665
㮡	guan	3438513184
㮢	hou	3438471703
㮣	gai	3438430222
㮥	ben	3438388741
㮥	fan	3438347260
㮦	se	3438305779
㮦	suo	3438264298
㮧	wen	3438222817
㮧	wu	3438181336
㮨	ji	3438139855
㮩	xi	3438098374
㮪	qiong	3438056893
㮫	he	3438015412
㮫	qia	3437973931
㮫	xia	3437932450
㮬	weng	3437890969
㮭	xian	3437849488
㮮	jie	3437808007
㮯	hua	3437766526
㮯	hun	3437725045
㮰	pi	3437683564
㮱	shen	3437642083
㮳	zhen	3437600602
㮵	zhan	3437559121
㮶	shuo	3437517640
㮷	ji	3437476159
㮸	song	3437434678
㮹	zhi	3437393197
㮺	ben	3437351716
㮾	lang	3437310235
㯀	xuan	3437268754
㯁	pei	3437227273
㯃	qi	3437185792
㯄	zhi	3437144311
㯅	bi	3437102830
㯅	pi	3437061349
㯇	bi	3437019868
㯈	su	3436978387
㯉	huo	3436936906
㯊	hen	3436895425
㯋	jiong	3436853944
㯋	ying	3436812463
㯌	chuan	3436770982
㯍	jiang	3436729501
㯎	nen	3436688020
㯏	gu	3436646539
㯐	fang	3436605058
㯓	da	3436563577
㯓	ta	3436522096
㯔	cui	3436480615
㯕	xi	3436439134
㯖	de	3436397653
㯘	kuan	3436356172
㯙	zhe	3436314691
㯚	ta	3436273210
㯛	hu	3436231729
㯜	cui	3436190248
㯝	lu	3436148767
㯞	juan	3436107286
㯟	lu	3436065805
㯠	qian	3436024324
㯡	pao	3435982843
㯢	zhen	3435941362
㯥	cao	3435899881
㯥	zao	3435858400
㯦	qi	3435816919
㯩	ti	3435775438
㯪	ling	3435733957
㯫	qu	3435692476
㯬	lian	3435650995
㯭	lu	3435609514
㯮	shu	3435568033
㯯	dan	3435526552
㯯	gong	3435485071
㯯	ju	3435443590
㯰	zhe	3435402109
㯱	pao	3435360628
㯲	jin	3435319147
㯳	qing	3435277666
㯶	zong	3435236185
㯷	pu	3435194704
㯹	biao	3435153223
㯺	jian	3435111742
㯻	gun	3435070261
㯽	bin	3435028780
㯾	zao	3434987299
㯿	la	3434945818
㯿	lie	3434904337
㰀	li	3434862856
㰁	luo	3434821375
㰃	mian	3434779894
㰆	bei	3434738413
㰈	lian	3434696932
㰊	xian	3434655451
㰋	pin	3434613970
㰌	que	3434572489
㰎	zui	3434531008
㰐	jue	3434489527
㰑	shan	3434448046
㰒	xue	3434406565
㰔	xie	3434365084
㰖	lan	3434323603
㰗	qi	3434282122
㰘	yi	3434240641
㰚	li	3434199160
㰛	yue	3434157679
㰝	yi	3434116198
㰞	chi	3434074717
㰟	ji	3434033236
㰟	qi	3433991755
㰠	hang	3433950274
㰡	xie	3433908793
㰢	keng	3433867312
㰣	zi	3433825831
㰤	he	3433784350
㰤	qie	3433742869
㰥	hui	3433701388
㰥	xi	3433659907
㰦	qu	3433618426
㰧	hai	3433576945
㰨	xia	3433535464
㰩	hai	3433493983
㰪	gui	3433452502
㰫	chan	3433411021
㰬	xun	3433369540
㰭	xu	3433328059
㰮	shen	3433286578
㰯	hou	3433245097
㰯	kou	3433203616
㰯	tou	3433162135
㰱	sha	3433120654
㰲	xu	3433079173
㰲	yu	3433037692
㰴	pou	3432996211
㰵	zu	3432954730
㰶	ou	3432913249
㰶	you	3432871768
㰷	zi	3432830287
㰸	lian	3432788806
㰹	han	3432747325
㰹	xian	3432705844
㰺	xia	3432664363
㰻	hou	3432622882
㰻	xi	3432581401
㰻	yi	3432539920
㰼	qie	3432498439
㰼	sha	3432456958
㰽	yan	3432415477
㰾	jiao	3432373996
㰿	xi	3432332515
㱀	chi	3432291034
㱁	kuan	3432249553
㱁	shi	3432208072
㱂	kang	3432166591
㱃	yin	3432125110
㱄	hei	3432083629
㱄	mo	3432042148
㱅	yi	3432000667
㱆	xi	3431959186
㱇	se	3431917705
㱇	xi	3431876224
㱈	jin	3431834743
㱉	ye	3431793262
㱊	you	3431751781
㱋	que	3431710300
㱌	che	3431668819
㱌	ye	3431627338
㱍	luan	3431585857
㱎	kun	3431544376
㱏	zheng	3431502895
㱔	xie	3431461414
㱖	cui	3431419933
㱗	xiu	3431378452
㱘	an	3431336971
㱙	gua	3431295490
㱙	xiu	3431254009
㱚	can	3431212528
㱛	bu	3431171047
㱛	chuan	3431129566
㱜	zha	3431088085
㱞	la	3431046604
㱞	yi	3431005123
㱟	pi	3430963642
㱠	gu	3430922161
㱠	ku	3430880680
㱡	sheng	3430839199
㱢	lang	3430797718
㱣	tui	3430756237
㱤	xi	3430714756
㱥	leng	3430673275
㱥	ling	3430631794
㱦	qi	3430590313
㱧	wo	3430548832
㱧	yuan	3430507351
㱨	lian	3430465870
㱪	men	3430424389
㱫	lan	3430382908
㱬	wei	3430341427
㱭	duan	3430299946
㱯	ai	3430258465
㱰	zai	3430216984
㱱	hui	3430175503
㱲	yi	3430134022
㱳	mo	3430092541
㱴	zi	3430051060
㱵	fen	3430009579
㱶	beng	3429968098
㱶	peng	3429926617
㱸	bi	3429885136
㱹	li	3429843655
㱺	lu	3429802174
㱻	luo	3429760693
㱼	hai	3429719212
㱽	qin	3429677731
㱽	zhen	3429636250
㱾	gai	3429594769
㱾	kai	3429553288
㱿	hu	3429511807
㱿	qiang	3429470326
㱿	que	3429428845
㲀	chen	3429387364
㲀	zhen	3429345883
㲁	kong	3429304402
㲁	zhong	3429262921
㲂	cheng	3429221440
㲃	jiu	3429179959
㲄	jue	3429138478
㲄	ku	3429096997
㲅	ji	3429055516
㲆	ling	3429014035
㲈	shao	3428972554
㲈	tao	3428931073
㲉	que	3428889592
㲊	rui	3428848111
㲋	chuo	3428806630
㲌	neng	3428765149
㲍	zhi	3428723668
㲎	lou	3428682187
㲏	pao	3428640706
㲒	bao	3428599225
㲒	qu	3428557744
㲓	rong	3428516263
㲓	shu	3428474782
㲔	xian	3428433301
㲕	lei	3428391820
㲖	xiao	3428350339
㲗	fu	3428308858
㲘	qu	3428267377
㲚	sha	3428225896
㲛	zhi	3428184415
㲜	tan	3428142934
㲝	rong	3428101453
㲞	su	3428059972
㲞	zu	3428018491
㲟	ying	3427977010
㲠	mao	3427935529
㲡	nai	3427894048
㲢	bian	3427852567
㲤	shuai	3427811086
㲥	tang	3427769605
㲦	han	3427728124
㲧	sao	3427686643
㲨	rong	3427645162
㲪	deng	3427603681
㲫	pu	3427562200
㲬	jiao	3427520719
㲭	tan	3427479238
㲱	lie	3427437757
㲳	die	3427396276
㲳	zhi	3427354795
㲴	zhong	3427313314
㲶	lv	3427271833
㲷	dan	3427230352
㲸	xi	3427188871
㲹	gui	3427147390
㲺	ji	3427105909
㲻	ni	3427064428
㲼	cha	3427022947
㲼	yi	3426981466
㲽	nian	3426939985
㲽	ren	3426898504
㲾	yu	3426857023
㳀	guo	3426815542
㳁	ze	3426774061
㳂	yan	3426732580
㳃	cui	3426691099
㳄	xian	3426649618
㳅	jiao	3426608137
㳆	tou	3426566656
㳇	fu	3426525175
㳈	pei	3426483694
㳊	you	3426442213
㳊	zhong	3426400732
㳋	qiu	3426359251
㳌	ya	3426317770
㳍	bu	3426276289
㳎	bian	3426234808
㳏	shi	3426193327
㳐	zha	3426151846
㳑	yi	3426110365
㳒	bian	3426068884
㳖	yi	3426027403
㳗	cha	3425985922
㳗	chai	3425944441
㳘	chong	3425902960
㳙	xuan	3425861479
㳚	xu	3425819998
㳛	you	3425778517
㳛	yu	3425737036
㳜	xiu	3425695555
㳥	long	3425654074
㳦	xie	3425612593
㳧	che	3425571112
㳧	re	3425529631
㳨	jian	3425488150
㳩	tan	3425446669
㳪	pi	3425405188
㳫	zan	3425363707
㳬	xuan	3425322226
㳭	xian	3425280745
㳮	niao	3425239264
㳴	mi	3425197783
㳵	ji	3425156302
㳶	nou	3425114821
㳶	ru	3425073340
㳷	hu	3425031859
㳷	min	3424990378
㳷	tui	3424948897
㳷	wen	3424907416
㳸	hua	3424865935
㳹	wang	3424824454
㳺	you	3424782973
㳻	ze	3424741492
㳼	bi	3424700011
㳼	yu	3424658530
㳾	qiang	3424617049
㳿	xie	3424575568
㴀	fan	3424534087
㴁	yi	3424492606
㴂	tan	3424451125
㴃	lei	3424409644
㴄	yong	3424368163
㴆	jin	3424326682
㴇	mang	3424285201
㴇	she	3424243720
㴈	yin	3424202239
㴉	ji	3424160758
㴎	nai	3424119277
㴏	wang	3424077796
㴐	mian	3424036315
㴑	su	3423994834
㴒	yi	3423953353
㴓	shai	3423911872
㴔	ji	3423870391
㴔	se	3423828910
㴔	xi	3423787429
㴔	yi	3423745948
㴕	ji	3423704467
㴖	luo	3423662986
㴗	you	3423621505
㴘	mao	3423580024
㴙	zha	3423538543
㴚	sui	3423497062
㴛	zhi	3423455581
㴜	bian	3423414100
㴝	li	3423372619
㴥	qiao	3423331138
㴦	guan	3423289657
㴧	xi	3423248176
㴨	zhen	3423206695
㴩	yong	3423165214
㴪	nie	3423123733
㴫	jun	3423082252
㴫	ya	3423040771
㴬	xie	3422999290
㴭	yao	3422957809
㴮	xie	3422916328
㴯	zhi	3422874847
㴰	neng	3422833366
㴲	si	3422791885
㴳	long	3422750404
㴴	chen	3422708923
㴵	mi	3422667442
㴶	hu	3422625961
㴶	que	3422584480
㴷	dan	3422542999
㴼	su	3422501518
㴽	xie	3422460037
㴾	bo	3422418556
㵀	zu	3422377075
㵂	shu	3422335594
㵃	she	3422294113
㵄	han	3422252632
㵄	yu	3422211151
㵅	tan	3422169670
㵆	gao	3422128189
㵊	na	3422086708
㵋	mi	3422045227
㵌	xun	3422003746
㵎	jian	3421962265
㵏	cui	3421920784
㵐	jue	3421879303
㵓	shi	3421837822
㵔	che	3421796341
㵕	shen	3421754860
㵖	nv	3421713379
㵘	man	3421671898
㵝	yi	3421630417
㵞	chou	3421588936
㵠	ku	3421547455
㵡	bao	3421505974
㵢	lei	3421464493
㵣	ke	3421423012
㵥	bi	3421381531
㵥	mi	3421340050
㵦	sui	3421298569
㵧	ge	3421257088
㵧	yi	3421215607
㵨	bo	3421174126
㵨	pi	3421132645
㵩	yi	3421091164
㵪	xian	3421049683
㵫	ni	3421008202
㵬	ying	3420966721
㵭	zhu	3420925240
㵮	chun	3420883759
㵯	feng	3420842278
㵰	xu	3420800797
㵱	piao	3420759316
㵲	wu	3420717835
㵳	liao	3420676354
㵴	cang	3420634873
㵵	ju	3420593392
㵵	zou	3420551911
㵶	zuo	3420510430
㵷	bian	3420468949
㵸	yao	3420427468
㵹	huan	3420385987
㵹	mo	3420344506
㵺	pai	3420303025
㵻	xiu	3420261544
㵽	lei	3420220063
㵿	xiao	3420178582
㶀	jiao	3420137101
㶁	guo	3420095620
㶁	huo	3420054139
㶄	yan	3420012658
㶅	xue	3419971177
㶇	heng	3419929696
㶈	ying	3419888215
㶎	huan	3419846734
㶑	lian	3419805253
㶓	cang	3419763772
㶔	bei	3419722291
㶖	shu	3419680810
㶗	fan	3419639329
㶘	dian	3419597848
㶚	ba	3419556367
㶛	yu	3419514886
㶞	nang	3419473405
㶟	lei	3419431924
㶠	yi	3419390443
㶡	dai	3419348962
㶡	huo	3419307481
㶣	chan	3419266000
㶣	yin	3419224519
㶤	chao	3419183038
㶥	gan	3419141557
㶦	jin	3419100076
㶧	nen	3419058595
㶫	liao	3419017114
㶬	mo	3418975633
㶭	you	3418934152
㶯	liu	3418892671
㶰	han	3418851190
㶲	yong	3418809709
㶳	jin	3418768228
㶴	chi	3418726747
㶵	ren	3418685266
㶸	xie	3418643785
㶹	hong	3418602304
㶺	tian	3418560823
㶼	ai	3418519342
㶼	xi	3418477861
㶾	biao	3418436380
㶿	bo	3418394899
㷀	qiong	3418353418
㷂	shu	3418311937
㷄	hui	3418270456
㷅	chao	3418228975
㷆	fu	3418187494
㷇	guai	3418146013
㷇	hui	3418104532
㷈	e	3418063051
㷉	wei	3418021570
㷊	fen	3417980089
㷋	tan	3417938608
㷎	he	3417897127
㷏	yong	3417855646
㷐	hui	3417814165
㷒	yu	3417772684
㷓	zong	3417731203
㷔	yan	3417689722
㷕	qiu	3417648241
㷖	zhao	3417606760
㷗	jiong	3417565279
㷘	tai	3417523798
㷛	bao	3417482317
㷟	tui	3417440836
㷠	lin	3417399355
㷡	jiong	3417357874
㷢	zha	3417316393
㷣	xing	3417274912
㷤	hu	3417233431
㷤	xue	3417191950
㷦	xu	3417150469
㷧	yuan	3417108988
㷫	qing	3417067507
㷬	mo	3417026026
㷮	zao	3416984545
㷯	beng	3416943064
㷰	chi	3416901583
㷰	li	3416860102
㷳	yan	3416818621
㷴	ge	3416777140
㷵	mo	3416735659
㷷	juan	3416694178
㷸	die	3416652697
㷹	shao	3416611216
㷹	zhao	3416569735
㷼	yan	3416528254
㷾	jue	3416486773
㸀	tai	3416445292
㸁	han	3416403811
㸃	dian	3416362330
㸄	ji	3416320849
㸆	kao	3416279368
㸇	zuan	3416237887
㸉	xie	3416196406
㸋	fan	3416154925
㸌	huo	3416113444
㸍	xi	3416071963
㸎	nie	3416030482
㸏	mi	3415989001
㸑	cuan	3415947520
㸒	jing	3415906039
㸒	yin	3415864558
㸓	mi	3415823077
㸕	jue	3415781596
㸖	qu	3415740115
㸗	tong	3415698634
㸘	wan	3415657153
㸙	zhe	3415615672
㸚	li	3415574191
㸛	shao	3415532710
㸜	kong	3415491229
㸝	kan	3415449748
㸝	xian	3415408267
㸞	zhe	3415366786
㸟	zhi	3415325305
㸠	tiao	3415283824
㸡	shu	3415242343
㸢	bei	3415200862
㸣	ye	3415159381
㸤	pian	3415117900
㸥	chan	3415076419
㸦	hu	3415034938
㸦	jia	3414993457
㸧	ken	3414951976
㸨	jiu	3414910495
㸩	an	3414869014
㸪	chun	3414827533
㸫	qian	3414786052
㸬	bei	3414744571
㸭	ba	3414703090
㸮	fen	3414661609
㸯	ke	3414620128
㸰	tuo	3414578647
㸱	tuo	3414537166
㸲	zuo	3414495685
㸳	ling	3414454204
㸵	gui	3414412723
㸶	yan	3414371242
㸷	shi	3414329761
㸸	hou	3414288280
㸸	kou	3414246799
㸸	ou	3414205318
㸹	lie	3414163837
㸹	luo	3414122356
㸺	sha	3414080875
㸻	si	3414039394
㸽	bei	3413997913
㸾	ren	3413956432
㸿	du	3413914951
㹀	bo	3413873470
㹁	liang	3413831989
㹂	qian	3413790508
㹃	fei	3413749027
㹄	ji	3413707546
㹅	zong	3413666065
㹆	hui	3413624584
㹇	he	3413583103
㹇	jian	3413541622
㹈	li	3413500141
㹉	wan	3413458660
㹉	yuan	3413417179
㹊	yue	3413375698
㹋	xiu	3413334217
㹌	chan	3413292736
㹌	sheng	3413251255
㹍	di	3413209774
㹎	lei	3413168293
㹏	jin	3413126812
㹐	chong	3413085331
㹑	si	3413043850
㹒	pu	3413002369
㹔	jiang	3412960888
㹕	huan	3412919407
㹖	huan	3412877926
㹗	tao	3412836445
㹘	ru	3412794964
㹙	weng	3412753483
㹚	ying	3412712002
㹛	rao	3412670521
㹜	yin	3412629040
㹝	shi	3412587559
㹞	ya	3412546078
㹞	yin	3412504597
㹟	jue	3412463116
㹟	kuai	3412421635
㹠	tun	3412380154
㹡	xuan	3412338673
㹢	ga	3412297192
㹢	jia	3412255711
㹣	zhong	3412214230
㹤	qie	3412172749
㹥	zhu	3412131268
㹦	diao	3412089787
㹨	you	3412048306
㹫	yi	3412006825
㹬	shi	3411965344
㹭	yi	3411923863
㹮	mo	3411882382
㹱	que	3411840901
㹲	xiao	3411799420
㹳	wu	3411757939
㹴	geng	3411716458
㹵	ying	3411674977
㹶	ting	3411633496
㹷	shi	3411592015
㹸	ni	3411550534
㹹	geng	3411509053
㹺	ta	3411467572
㹻	wei	3411426091
㹻	wo	3411384610
㹼	ju	3411343129
㹾	jiao	3411301648
㹾	piao	3411260167
㹿	zhao	3411218686
㹿	zhuo	3411177205
㺀	hu	3411135724
㺀	nao	3411094243
㺁	nao	3411052762
㺂	gan	3411011281
㺂	yan	3410969800
㺃	gou	3410928319
㺄	yu	3410886838
㺅	hou	3410845357
㺇	si	3410803876
㺈	chi	3410762395
㺉	hu	3410720914
㺊	yang	3410679433
㺋	weng	3410637952
㺌	xian	3410596471
㺎	rong	3410554990
㺐	lao	3410513509
㺐	sao	3410472028
㺒	nao	3410430547
㺒	qiao	3410389066
㺒	xiao	3410347585
㺓	ze	3410306104
㺔	hai	3410264623
㺔	hui	3410223142
㺕	bian	3410181661
㺕	fan	3410140180
㺖	han	3410098699
㺗	chan	3410057218
㺘	zhan	3410015737
㺚	ta	3409974256
㺛	zhu	3409932775
㺝	han	3409891294
㺞	yu	3409849813
㺟	zhuo	3409808332
㺠	you	3409766851
㺡	li	3409725370
㺢	huo	3409683889
㺣	xi	3409642408
㺤	xian	3409600927
㺥	chan	3409559446
㺦	lian	3409517965
㺨	si	3409476484
㺩	jiu	3409435003
㺩	qiu	3409393522
㺪	pu	3409352041
㺫	qiu	3409310560
㺬	gong	3409269079
㺭	zi	3409227598
㺮	yu	3409186117
㺱	reng	3409144636
㺲	niu	3409103155
㺳	mei	3409061674
㺴	ba	3409020193
㺵	jiu	3408978712
㺷	xu	3408937231
㺸	ping	3408895750
㺹	bian	3408854269
㺺	mao	3408812788
㺿	yi	3408771307
㻀	yu	3408729826
㻂	ping	3408688345
㻃	qu	3408646864
㻄	bao	3408605383
㻉	bu	3408563902
㻊	mang	3408522421
㻋	la	3408480940
㻌	tu	3408439459
㻍	wu	3408397978
㻎	li	3408356497
㻎	se	3408315016
㻑	ji	3408273535
㻒	jun	3408232054
㻓	zou	3408190573
㻔	duo	3408149092
㻕	jue	3408107611
㻖	dai	3408066130
㻗	bei	3408024649
㻝	la	3407983168
㻞	ban	3407941687
㻞	bin	3407900206
㻟	sui	3407858725
㻠	tu	3407817244
㻡	die	3407775763
㻡	xue	3407734282
㻧	duo	3407692801
㻫	bi	3407651320
㻬	tu	3407609839
㻭	se	3407568358
㻮	can	3407526877
㻯	tu	3407485396
㻰	mian	3407443915
㻱	jin	3407402434
㻲	lv	3407360953
㻵	zhan	3407319472
㻷	ji	3407277991
㻸	zen	3407236510
㻹	xuan	3407195029
㻺	li	3407153548
㻾	yong	3407112067
㻿	shu	3407070586
㼂	e	3407029105
㼇	qiong	3406987624
㼉	zhen	3406946143
㼊	tun	3406904662
㼋	gu	3406863181
㼋	ru	3406821700
㼌	yu	3406780219
㼍	lei	3406738738
㼎	bo	3406697257
㼏	nei	3406655776
㼐	pian	3406614295
㼑	lian	3406572814
㼒	tang	3406531333
㼓	lian	3406489852
㼔	wen	3406448371
㼕	dang	3406406890
㼖	li	3406365409
㼗	ting	3406323928
㼘	wa	3406282447
㼙	zhou	3406240966
㼚	gang	3406199485
㼛	xing	3406158004
㼜	ang	3406116523
㼝	fan	3406075042
㼞	beng	3406033561
㼞	peng	3405992080
㼟	bo	3405950599
㼠	tuo	3405909118
㼡	shu	3405867637
㼢	yi	3405826156
㼣	bo	3405784675
㼤	qie	3405743194
㼥	kao	3405701713
㼥	tou	3405660232
㼦	gong	3405618751
㼧	tong	3405577270
㼨	han	3405535789
㼩	cheng	3405494308
㼩	sheng	3405452827
㼪	jie	3405411346
㼫	hua	3405369865
㼫	huan	3405328384
㼬	xing	3405286903
㼭	dian	3405245422
㼮	chai	3405203941
㼮	qi	3405162460
㼯	dong	3405120979
㼰	pi	3405079498
㼱	jun	3405038017
㼱	ruan	3404996536
㼲	lie	3404955055
㼳	sheng	3404913574
㼴	ou	3404872093
㼵	di	3404830612
㼶	yu	3404789131
㼷	chuan	3404747650
㼷	zhuan	3404706169
㼸	rong	3404664688
㼹	huang	3404623207
㼹	kang	3404581726
㼺	tang	3404540245
㼼	piao	3404498764
㼽	chuang	3404457283
㼽	shuang	3404415802
㼾	lu	3404374321
㼿	tong	3404332840
㼿	zhong	3404291359
㽀	zheng	3404249878
㽁	li	3404208397
㽂	sa	3404166916
㽃	pan	3404125435
㽄	si	3404083954
㽆	dang	3404042473
㽇	hu	3404000992
㽈	yi	3403959511
㽉	xian	3403918030
㽊	xie	3403876549
㽋	luo	3403835068
㽌	liu	3403793587
㽎	tan	3403752106
㽎	xin	3403710625
㽏	gan	3403669144
㽑	tan	3403627663
㽕	you	3403586182
㽖	nan	3403544701
㽘	gang	3403503220
㽙	jun	3403461739
㽚	chi	3403420258
㽛	gou	3403378777
㽛	qu	3403337296
㽜	wan	3403295815
㽝	li	3403254334
㽞	liu	3403212853
㽟	lie	3403171372
㽠	xia	3403129891
㽡	bei	3403088410
㽢	an	3403046929
㽣	yu	3403005448
㽤	ju	3402963967
㽥	rou	3402922486
㽦	xun	3402881005
㽧	zi	3402839524
㽨	cuo	3402798043
㽩	can	3402756562
㽪	zeng	3402715081
㽫	yong	3402673600
㽬	fu	3402632119
㽬	pi	3402590638
㽭	ruan	3402549157
㽯	xi	3402507676
㽰	shu	3402466195
㽱	jiao	3402424714
㽱	jiu	3402383233
㽱	niu	3402341752
㽲	jiao	3402300271
㽲	xiu	3402258790
㽳	xu	3402217309
㽴	zhang	3402175828
㽷	shui	3402134347
㽸	chen	3402092866
㽹	fan	3402051385
㽺	ji	3402009904
㽻	zhi	3401968423
㽽	gu	3401926942
㽾	wu	3401885461
㾀	qie	3401843980
㾀	qu	3401802499
㾁	shu	3401761018
㾂	hai	3401719537
㾃	tuo	3401678056
㾄	chou	3401636575
㾄	du	3401595094
㾅	zi	3401553613
㾆	ran	3401512132
㾇	mu	3401470651
㾈	fu	3401429170
㾉	ling	3401387689
㾊	ci	3401346208
㾊	ji	3401304727
㾊	se	3401263246
㾋	xiu	3401221765
㾌	xuan	3401180284
㾍	nai	3401138803
㾎	xia	3401097322
㾎	ya	3401055841
㾏	jie	3401014360
㾏	ya	3400972879
㾐	li	3400931398
㾑	da	3400889917
㾑	he	3400848436
㾒	ru	3400806955
㾓	yuan	3400765474
㾔	lv	3400723993
㾕	shen	3400682512
㾖	li	3400641031
㾗	liang	3400599550
㾘	geng	3400558069
㾙	xi	3400516588
㾙	xin	3400475107
㾚	xie	3400433626
㾛	qin	3400392145
㾜	qie	3400350664
㾝	che	3400309183
㾞	you	3400267702
㾟	bu	3400226221
㾠	kuang	3400184740
㾢	ai	3400143259
㾣	qin	3400101778
㾤	qiang	3400060297
㾥	chu	3400018816
㾦	pei	3399977335
㾧	kuo	3399935854
㾧	luo	3399894373
㾨	ai	3399852892
㾨	qi	3399811411
㾨	yi	3399769930
㾩	guai	3399728449
㾪	sheng	3399686968
㾫	pian	3399645487
㾭	zhou	3399604006
㾮	huang	3399562525
㾯	hui	3399521044
㾯	tui	3399479563
㾰	hu	3399438082
㾱	bei	3399396601
㾴	zha	3399355120
㾶	gu	3399313639
㾷	xi	3399272158
㾸	gao	3399230677
㾹	chai	3399189196
㾹	chi	3399147715
㾹	zhai	3399106234
㾻	chu	3399064753
㾻	zhu	3399023272
㾼	tui	3398981791
㾽	tui	3398940310
㾽	zhui	3398898829
㾾	lian	3398857348
㾾	xian	3398815867
㾿	lang	3398774386
㿃	dai	3398732905
㿃	zhi	3398691424
㿄	ai	3398649943
㿅	xian	3398608462
㿆	guo	3398566981
㿇	xi	3398525500
㿊	can	3398484019
㿋	sao	3398442538
㿌	xian	3398401057
㿍	jie	3398359576
㿏	qun	3398318095
㿑	yao	3398276614
㿒	chou	3398235133
㿒	dao	3398193652
㿒	zhou	3398152171
㿓	jia	3398110690
㿔	lei	3398069209
㿕	yan	3398027728
㿘	ying	3397986247
㿙	pi	3397944766
㿚	luo	3397903285
㿛	li	3397861804
㿜	bie	3397820323
㿞	mao	3397778842
㿟	bai	3397737361
㿠	huang	3397695880
㿢	yao	3397654399
㿣	he	3397612918
㿤	chun	3397571437
㿥	he	3397529956
㿦	ning	3397488475
㿨	li	3397446994
㿩	tang	3397405513
㿪	huan	3397364032
㿫	bi	3397322551
㿬	ba	3397281070
㿭	che	3397239589
㿭	le	3397198108
㿮	yang	3397156627
㿯	da	3397115146
㿰	ao	3397073665
㿰	bi	3397032184
㿱	xue	3396990703
㿳	zi	3396949222
㿴	da	3396907741
㿵	ran	3396866260
㿶	bang	3396824779
㿷	cao	3396783298
㿷	cuo	3396741817
㿸	man	3396700336
㿸	wan	3396658855
㿺	bao	3396617374
㿻	gan	3396575893
㿼	yan	3396534412
㿽	xi	3396492931
㿾	zhu	3396451450
㿿	ya	3396409969
䀀	fan	3396368488
䀁	you	3396327007
䀂	an	3396285526
䀃	tui	3396244045
䀄	meng	3396202564
䀅	she	3396161083
䀆	jin	3396119602
䀇	gu	3396078121
䀈	ji	3396036640
䀊	jiao	3395995159
䀋	yan	3395953678
䀌	xi	3395912197
䀎	mian	3395870716
䀏	xuan	3395829235
䀏	xun	3395787754
䀐	shan	3395746273
䀑	wo	3395704792
䀒	qian	3395663311
䀓	huan	3395621830
䀔	ren	3395580349
䀕	zhen	3395538868
䀖	tian	3395497387
䀗	jue	3395455906
䀗	xue	3395414425
䀘	ji	3395372944
䀘	xie	3395331463
䀙	qi	3395289982
䀚	ang	3395248501
䀛	ma	3395207020
䀛	mei	3395165539
䀛	wu	3395124058
䀜	gu	3395082577
䀞	tao	3395041096
䀟	fan	3394999615
䀠	ju	3394958134
䀡	chan	3394916653
䀡	dian	3394875172
䀡	tan	3394833691
䀢	shun	3394792210
䀣	bi	3394750729
䀣	ma	3394709248
䀤	mao	3394667767
䀦	gu	3394626286
䀧	hong	3394584805
䀨	gua	3394543324
䀨	hua	3394501843
䀩	luo	3394460362
䀪	hang	3394418881
䀫	jia	3394377400
䀫	tun	3394335919
䀬	quan	3394294438
䀭	gai	3394252957
䀮	huang	3394211476
䀯	bu	3394169995
䀰	gu	3394128514
䀱	feng	3394087033
䀲	mu	3394045552
䀳	ai	3394004071
䀵	shun	3393962590
䀶	lang	3393921109
䀶	liang	3393879628
䀷	jie	3393838147
䀸	chi	3393796666
䀺	chou	3393755185
䀺	tao	3393713704
䀻	ping	3393672223
䀼	chen	3393630742
䀼	ren	3393589261
䀽	yan	3393547780
䀾	du	3393506299
䀿	di	3393464818
䁁	liang	3393423337
䁂	xian	3393381856
䁃	biao	3393340375
䁄	xing	3393298894
䁅	meng	3393257413
䁆	ye	3393215932
䁇	mi	3393174451
䁈	qi	3393132970
䁉	qi	3393091489
䁊	wo	3393050008
䁋	xie	3393008527
䁋	zhe	3392967046
䁌	yu	3392925565
䁍	kan	3392884084
䁍	qia	3392842603
䁎	cheng	3392801122
䁎	ting	3392759641
䁏	yao	3392718160
䁐	ying	3392676679
䁑	yang	3392635198
䁒	ji	3392593717
䁒	zi	3392552236
䁓	jie	3392510755
䁓	zong	3392469274
䁔	han	3392427793
䁔	xuan	3392386312
䁕	min	3392344831
䁗	kai	3392303350
䁘	yao	3392261869
䁙	yan	3392220388
䁚	qiong	3392178907
䁚	sun	3392137426
䁛	gui	3392095945
䁜	huang	3392054464
䁞	sheng	3392012983
䁟	cha	3391971502
䁠	lian	3391930021
䁢	xuan	3391888540
䁣	chuan	3391847059
䁤	che	3391805578
䁤	hui	3391764097
䁤	zhe	3391722616
䁥	ni	3391681135
䁦	qu	3391639654
䁧	miao	3391598173
䁨	huo	3391556692
䁩	yu	3391515211
䁫	hu	3391473730
䁫	meng	3391432249
䁬	ceng	3391390768
䁭	biao	3391349287
䁮	qian	3391307806
䁯	xi	3391266325
䁯	xie	3391224844
䁰	jiang	3391183363
䁲	mai	3391141882
䁳	mang	3391100401
䁴	shan	3391058920
䁴	zhan	3391017439
䁵	bian	3390975958
䁵	huan	3390934477
䁶	ji	3390892996
䁶	jiao	3390851515
䁷	jue	3390810034
䁷	wu	3390768553
䁸	nang	3390727072
䁸	nong	3390685591
䁹	bi	3390644110
䁺	shi	3390602629
䁺	yi	3390561148
䁼	mo	3390519667
䁽	lie	3390478186
䁾	mie	3390436705
䁿	mo	3390395224
䂀	xi	3390353743
䂁	chan	3390312262
䂂	qu	3390270781
䂃	jiao	3390229300
䂄	huo	3390187819
䂅	xian	3390146338
䂆	xu	3390104857
䂇	niu	3390063376
䂈	tong	3390021895
䂉	hou	3389980414
䂊	yu	3389938933
䂌	chong	3389897452
䂍	bo	3389855971
䂏	diao	3389814490
䂐	zhuo	3389773009
䂑	ji	3389731528
䂒	qia	3389690047
䂔	xing	3389648566
䂕	hui	3389607085
䂖	shi	3389565604
䂗	ku	3389524123
䂙	dui	3389482642
䂚	yao	3389441161
䂛	yu	3389399680
䂜	bang	3389358199
䂝	jie	3389316718
䂞	zhe	3389275237
䂟	jia	3389233756
䂠	shi	3389192275
䂡	di	3389150794
䂢	dong	3389109313
䂣	ci	3389067832
䂤	fu	3389026351
䂥	min	3388984870
䂦	zhen	3388943389
䂧	zhen	3388901908
䂩	qing	3388860427
䂩	yan	3388818946
䂪	diao	3388777465
䂪	qiao	3388735984
䂫	hang	3388694503
䂫	hong	3388653022
䂬	gong	3388611541
䂭	qiao	3388570060
䂮	lve	3388528579
䂯	guai	3388487098
䂰	la	3388445617
䂱	rui	3388404136
䂲	fa	3388362655
䂳	cha	3388321174
䂳	cuo	3388279693
䂴	yan	3388238212
䂶	jie	3388196731
䂷	guai	3388155250
䂸	guo	3388113769
䂹	suo	3388072288
䂺	ke	3388030807
䂺	wo	3387989326
䂻	zheng	3387947845
䂼	nie	3387906364
䂽	diao	3387864883
䂾	lai	3387823402
䂿	ta	3387781921
䃀	cui	3387740440
䃂	gun	3387698959
䃇	mian	3387657478
䃈	jie	3387615997
䃉	min	3387574516
䃊	ju	3387533035
䃋	yu	3387491554
䃌	yin	3387450073
䃌	zhen	3387408592
䃍	zhao	3387367111
䃎	zha	3387325630
䃏	xing	3387284149
䃑	ban	3387242668
䃑	pan	3387201187
䃒	he	3387159706
䃓	gou	3387118225
䃔	hong	3387076744
䃔	qiong	3387035263
䃖	wu	3386993782
䃗	bo	3386952301
䃗	zhuo	3386910820
䃙	lu	3386869339
䃚	cu	3386827858
䃚	zu	3386786377
䃛	lian	3386744896
䃜	yi	3386703415
䃝	qiao	3386661934
䃞	shu	3386620453
䃟	san	3386578972
䃠	xuan	3386537491
䃡	jin	3386496010
䃡	qin	3386454529
䃥	chuang	3386413048
䃦	dun	3386371567
䃧	long	3386330086
䃩	nao	3386288605
䃪	tan	3386247124
䃫	dan	3386205643
䃬	kui	3386164162
䃬	lei	3386122681
䃬	wei	3386081200
䃭	gan	3386039719
䃯	li	3385998238
䃰	ca	3385956757
䃱	xian	3385915276
䃲	pan	3385873795
䃳	la	3385832314
䃳	lie	3385790833
䃵	niao	3385749352
䃶	guai	3385707871
䃶	gui	3385666390
䃶	huai	3385624909
䃷	ying	3385583428
䃸	jin	3385541947
䃸	xian	3385500466
䃹	lan	3385458985
䃺	mo	3385417504
䃻	ba	3385376023
䃽	fu	3385334542
䃽	gui	3385293061
䃽	zhi	3385251580
䃾	bi	3385210099
䃿	fu	3385168618
䄀	huo	3385127137
䄁	yi	3385085656
䄂	liu	3385044175
䄃	yang	3385002694
䄄	yin	3384961213
䄅	juan	3384919732
䄆	huan	3384878251
䄆	huo	3384836770
䄇	cheng	3384795289
䄈	dou	3384753808
䄈	xiang	3384712327
䄉	e	3384670846
䄋	yan	3384629365
䄌	chuo	3384587884
䄌	zhui	3384546403
䄍	zha	3384504922
䄎	qi	3384463441
䄏	yu	3384421960
䄐	quan	3384380479
䄑	huo	3384338998
䄒	nie	3384297517
䄓	huang	3384256036
䄔	ju	3384214555
䄕	she	3384173074
䄘	peng	3384131593
䄙	ming	3384090112
䄚	cao	3384048631
䄛	lou	3384007150
䄜	chi	3383965669
䄜	li	3383924188
䄝	chuang	3383882707
䄟	cui	3383841226
䄠	shan	3383799745
䄡	dan	3383758264
䄢	qi	3383716783
䄤	lai	3383675302
䄤	lan	3383633821
䄥	ling	3383592340
䄦	liao	3383550859
䄧	reng	3383509378
䄨	yu	3383467897
䄩	yi	3383426416
䄪	diao	3383384935
䄫	qi	3383343454
䄬	yi	3383301973
䄭	nian	3383260492
䄮	fu	3383219011
䄯	jian	3383177530
䄰	ya	3383136049
䄱	fang	3383094568
䄲	rui	3383053087
䄳	xian	3383011606
䄶	bi	3382970125
䄶	bo	3382928644
䄷	shi	3382887163
䄸	po	3382845682
䄹	nian	3382804201
䄺	ti	3382762720
䄺	zhi	3382721239
䄻	chao	3382679758
䄻	tao	3382638277
䄻	tiao	3382596796
䄼	tian	3382555315
䄽	tian	3382513834
䄾	rong	3382472353
䄾	ru	3382430872
䄿	yi	3382389391
䅀	lie	3382347910
䅁	an	3382306429
䅂	he	3382264948
䅃	jiong	3382223467
䅃	qiong	3382181986
䅄	li	3382140505
䅅	gui	3382099024
䅅	wa	3382057543
䅆	zi	3382016062
䅇	su	3381974581
䅈	yuan	3381933100
䅊	cha	3381891619
䅋	wan	3381850138
䅌	juan	3381808657
䅍	ting	3381767176
䅎	you	3381725695
䅏	hui	3381684214
䅑	rui	3381642733
䅒	mang	3381601252
䅓	ju	3381559771
䅔	zi	3381518290
䅕	ju	3381476809
䅖	an	3381435328
䅖	yan	3381393847
䅖	ye	3381352366
䅗	sui	3381310885
䅙	hun	3381269404
䅚	quan	3381227923
䅛	chang	3381186442
䅜	chui	3381144961
䅜	duo	3381103480
䅜	tuo	3381061999
䅝	kong	3381020518
䅞	ne	3380979037
䅠	ti	3380937556
䅡	xu	3380896075
䅢	jiu	3380854594
䅣	huang	3380813113
䅤	qi	3380771632
䅥	ge	3380730151
䅥	jie	3380688670
䅦	mao	3380647189
䅧	yan	3380605708
䅧	yin	3380564227
䅩	qi	3380522746
䅩	zhi	3380481265
䅬	ai	3380439784
䅭	pang	3380398303
䅮	cang	3380356822
䅯	tang	3380315341
䅰	en	3380273860
䅱	hun	3380232379
䅲	qi	3380190898
䅴	suo	3380149417
䅵	zhuo	3380107936
䅶	nou	3380066455
䅷	chu	3380024974
䅷	tu	3379983493
䅸	shen	3379942012
䅸	zu	3379900531
䅹	lou	3379859050
䅺	biao	3379817569
䅺	miao	3379776088
䅻	li	3379734607
䅼	man	3379693126
䅽	gu	3379651645
䅽	xin	3379610164
䅾	cen	3379568683
䅾	qian	3379527202
䅿	huang	3379485721
䆀	mei	3379444240
䆁	gao	3379402759
䆂	lian	3379361278
䆃	dao	3379319797
䆄	zhan	3379278316
䆈	zhi	3379236835
䆊	cui	3379195354
䆊	mei	3379153873
䆋	qiu	3379112392
䆍	long	3379070911
䆎	xian	3379029430
䆏	fei	3378987949
䆏	fen	3378946468
䆐	guo	3378904987
䆑	cheng	3378863506
䆒	jiu	3378822025
䆓	e	3378780544
䆓	ruan	3378739063
䆔	chong	3378697582
䆕	yue	3378656101
䆖	hong	3378614620
䆗	yao	3378573139
䆘	ya	3378531658
䆘	za	3378490177
䆙	yao	3378448696
䆚	dong	3378407215
䆚	tong	3378365734
䆛	zha	3378324253
䆜	you	3378282772
䆝	xue	3378241291
䆝	zhu	3378199810
䆞	yao	3378158329
䆟	ao	3378116848
䆟	ke	3378075367
䆠	huan	3378033886
䆡	lang	3377992405
䆢	yue	3377950924
䆣	chen	3377909443
䆦	shen	3377867962
䆨	ning	3377826481
䆩	ming	3377785000
䆪	hong	3377743519
䆫	chuang	3377702038
䆬	yun	3377660557
䆭	xuan	3377619076
䆮	jin	3377577595
䆯	zhuo	3377536114
䆰	yu	3377494633
䆱	tan	3377453152
䆲	kang	3377411671
䆳	qiong	3377370190
䆵	cheng	3377328709
䆶	jiu	3377287228
䆷	xue	3377245747
䆸	zheng	3377204266
䆹	chong	3377162785
䆹	tong	3377121304
䆺	pan	3377079823
䆻	qiao	3377038342
䆽	qu	3376996861
䆾	lan	3376955380
䆿	yi	3376913899
䇀	rong	3376872418
䇁	si	3376830937
䇂	qian	3376789456
䇃	si	3376747975
䇅	fa	3376706494
䇇	meng	3376665013
䇈	hua	3376623532
䇋	hai	3376582051
䇌	qiao	3376540570
䇍	chu	3376499089
䇍	qi	3376457608
䇎	que	3376416127
䇏	dui	3376374646
䇐	li	3376333165
䇑	ba	3376291684
䇑	pi	3376250203
䇒	jie	3376208722
䇔	luo	3376167241
䇔	nuo	3376125760
䇖	yun	3376084279
䇗	zhong	3376042798
䇘	hu	3376001317
䇙	yin	3375959836
䇛	zhi	3375918355
䇜	qian	3375876874
䇞	gan	3375835393
䇟	jian	3375793912
䇠	zhu	3375752431
䇡	zhu	3375710950
䇢	gu	3375669469
䇢	ku	3375627988
䇣	nie	3375586507
䇤	rui	3375545026
䇥	ze	3375503545
䇦	ang	3375462064
䇦	ying	3375420583
䇧	ji	3375379102
䇧	zhi	3375337621
䇨	gong	3375296140
䇨	xiang	3375254659
䇩	ye	3375213178
䇩	yi	3375171697
䇪	chi	3375130216
䇫	ji	3375088735
䇬	chuang	3375047254
䇬	shu	3375005773
䇬	zhu	3374964292
䇭	lao	3374922811
䇮	ren	3374881330
䇯	rong	3374839849
䇰	zheng	3374798368
䇱	na	3374756887
䇵	yi	3374715406
䇶	jue	3374673925
䇶	wo	3374632444
䇷	bie	3374590963
䇸	cheng	3374549482
䇸	ting	3374508001
䇹	jun	3374466520
䇺	dou	3374425039
䇻	wei	3374383558
䇼	yi	3374342077
䇽	zhe	3374300596
䇽	zhi	3374259115
䇾	yan	3374217634
䈀	san	3374176153
䈁	lun	3374134672
䈂	ping	3374093191
䈃	zhao	3374051710
䈄	han	3374010229
䈅	yu	3373968748
䈆	dai	3373927267
䈇	zhao	3373885786
䈈	ba	3373844305
䈈	fei	3373802824
䈉	qie	3373761343
䈉	sha	3373719862
䈊	ling	3373678381
䈋	ta	3373636900
䈌	qu	3373595419
䈍	mang	3373553938
䈍	meng	3373512457
䈎	ye	3373470976
䈏	bao	3373429495
䈏	fu	3373388014
䈐	gui	3373346533
䈑	gua	3373305052
䈒	lan	3373263571
䈒	nan	3373222090
䈓	ge	3373180609
䈓	qia	3373139128
䈕	ji	3373097647
䈕	shi	3373056166
䈕	ti	3373014685
䈕	yi	3372973204
䈖	ke	3372931723
䈗	suo	3372890242
䈘	ci	3372848761
䈙	zhou	3372807280
䈚	tai	3372765799
䈛	kuai	3372724318
䈜	qin	3372682837
䈝	xu	3372641356
䈞	du	3372599875
䈟	ce	3372558394
䈟	zha	3372516913
䈠	huan	3372475432
䈠	yuan	3372433951
䈡	cong	3372392470
䈡	song	3372350989
䈢	sai	3372309508
䈢	xi	3372268027
䈣	zheng	3372226546
䈤	qian	3372185065
䈥	jin	3372143584
䈦	zong	3372102103
䈧	wei	3372060622
䈪	xi	3372019141
䈫	na	3371977660
䈬	pu	3371936179
䈭	huai	3371894698
䈭	sou	3371853217
䈮	ju	3371811736
䈯	zhen	3371770255
䈰	shao	3371728774
䈱	tao	3371687293
䈲	ban	3371645812
䈲	pan	3371604331
䈳	ta	3371562850
䈴	qian	3371521369
䈵	weng	3371479888
䈶	rong	3371438407
䈷	luo	3371396926
䈸	hu	3371355445
䈹	sou	3371313964
䈺	zhong	3371272483
䈻	pu	3371231002
䈼	mi	3371189521
䈼	mie	3371148040
䈽	jin	3371106559
䈾	shao	3371065078
䈾	shuo	3371023597
䈿	mi	3370982116
䉀	shu	3370940635
䉁	ling	3370899154
䉂	lei	3370857673
䉃	jiang	3370816192
䉄	leng	3370774711
䉅	zhi	3370733230
䉈	san	3370691749
䉉	gu	3370650268
䉉	hu	3370608787
䉊	fan	3370567306
䉋	mei	3370525825
䉌	sui	3370484344
䉎	tang	3370442863
䉏	xie	3370401382
䉒	fan	3370359901
䉓	luo	3370318420
䉔	can	3370276939
䉕	ceng	3370235458
䉖	ling	3370193977
䉗	yi	3370152496
䉘	cong	3370111015
䉚	meng	3370069534
䉛	ao	3370028053
䉛	yu	3369986572
䉜	zhi	3369945091
䉝	yi	3369903610
䉞	dan	3369862129
䉟	huo	3369820648
䉠	wei	3369779167
䉡	tan	3369737686
䉢	se	3369696205
䉣	xie	3369654724
䉥	song	3369613243
䉦	qian	3369571762
䉧	liu	3369530281
䉨	yi	3369488800
䉪	lei	3369447319
䉫	li	3369405838
䉭	lie	3369364357
䉮	lin	3369322876
䉯	xian	3369281395
䉰	jiao	3369239914
䉰	xiao	3369198433
䉳	xian	3369156952
䉴	rang	3369115471
䉵	zhuan	3369073990
䉷	yan	3369032509
䉸	bian	3368991028
䉹	ling	3368949547
䉺	hong	3368908066
䉻	qi	3368866585
䉼	liao	3368825104
䉽	ban	3368783623
䉾	bi	3368742142
䉿	hu	3368700661
䊀	hu	3368659180
䊂	ce	3368617699
䊂	se	3368576218
䊃	pei	3368534737
䊄	qiong	3368493256
䊅	ming	3368451775
䊆	jiu	3368410294
䊆	qiu	3368368813
䊇	bu	3368327332
䊈	mei	3368285851
䊉	san	3368244370
䊊	wei	3368202889
䊍	li	3368161408
䊎	quan	3368119927
䊎	qun	3368078446
䊐	hun	3368036965
䊑	xiang	3367995484
䊓	shi	3367954003
䊔	ying	3367912522
䊖	nan	3367871041
䊗	huang	3367829560
䊘	jiu	3367788079
䊙	yan	3367746598
䊛	sa	3367705117
䊝	xie	3367663636
䊞	che	3367622155
䊞	zhe	3367580674
䊠	xi	3367539193
䊡	man	3367497712
䊣	huang	3367456231
䊤	dan	3367414750
䊤	tan	3367373269
䊥	xiao	3367331788
䊦	ye	3367290307
䊧	bi	3367248826
䊨	luo	3367207345
䊩	fan	3367165864
䊪	li	3367124383
䊫	cui	3367082902
䊬	chua	3367041421
䊮	di	3366999940
䊯	kuang	3366958459
䊰	chu	3366916978
䊱	xian	3366875497
䊳	mi	3366834016
䊳	mo	3366792535
䊴	qian	3366751054
䊶	zhen	3366709573
䊻	gan	3366668092
䊼	chi	3366626611
䊽	guai	3366585130
䊽	jue	3366543649
䊾	mu	3366502168
䊿	bo	3366460687
䋀	hua	3366419206
䋁	geng	3366377725
䋂	yao	3366336244
䋄	wang	3366294763
䋈	na	3366253282
䋈	ru	3366211801
䋉	xue	3366170320
䋊	zheng	3366128839
䋌	jiang	3366087358
䋓	zhou	3366045877
䋕	ren	3366004396
䋖	yu	3365962915
䋛	mi	3365921434
䋜	qing	3365879953
䋟	ji	3365838472
䋠	bu	3365796991
䋢	bie	3365755510
䋣	fan	3365714029
䋣	po	3365672548
䋤	yue	3365631067
䋥	li	3365589586
䋧	qu	3365548105
䋨	fu	3365506624
䋩	er	3365465143
䋪	e	3365423662
䋬	tian	3365382181
䋭	yu	3365340700
䋮	jin	3365299219
䋯	qi	3365257738
䋰	ju	3365216257
䋲	che	3365174776
䋳	bei	3365133295
䋴	niu	3365091814
䋵	ye	3365050333
䋵	yi	3365008852
䋶	xie	3364967371
䋶	xu	3364925890
䋷	mou	3364884409
䋸	xun	3364842928
䌀	ke	3364801447
䌂	ou	3364759966
䌃	shuo	3364718485
䌃	xiao	3364677004
䌄	geng	3364635523
䌅	tang	3364594042
䌆	gui	3364552561
䌊	yao	3364511080
䌍	jin	3364469599
䌎	lve	3364428118
䌑	jian	3364386637
䌒	lu	3364345156
䌓	fan	3364303675
䌔	ou	3364262194
䌕	mi	3364220713
䌗	fu	3364179232
䌘	bi	3364137751
䌘	bie	3364096270
䌙	huang	3364054789
䌚	su	3364013308
䌛	yao	3363971827
䌜	nie	3363930346
䌠	jian	3363888865
䌡	ti	3363847384
䌢	ling	3363805903
䌣	zuan	3363764422
䌤	shi	3363722941
䌤	zhi	3363681460
䌦	dao	3363639979
䌧	chou	3363598498
䌩	mie	3363557017
䌫	lan	3363515536
䌭	jiao	3363474055
䌮	shuang	3363432574
䌯	guan	3363391093
䌯	quan	3363349612
䌱	luo	3363308131
䌳	shi	3363266650
䌴	luo	3363225169
䌵	zhu	3363183688
䍂	yu	3363142207
䍃	you	3363100726
䍄	dian	3363059245
䍅	ling	3363017764
䍆	zhu	3362976283
䍇	ta	3362934802
䍈	ping	3362893321
䍉	zhai	3362851840
䍊	jiao	3362810359
䍋	chui	3362768878
䍌	bu	3362727397
䍍	kou	3362685916
䍎	cun	3362644435
䍎	xian	3362602954
䍐	han	3362561473
䍑	han	3362519992
䍒	mou	3362478511
䍓	hu	3362437030
䍔	gong	3362395549
䍕	di	3362354068
䍖	fu	3362312587
䍗	xuan	3362271106
䍘	mi	3362229625
䍙	mei	3362188144
䍙	mou	3362146663
䍚	lang	3362105182
䍛	gu	3362063701
䍜	zhao	3362022220
䍝	ta	3361980739
䍞	yu	3361939258
䍟	zong	3361897777
䍠	li	3361856296
䍡	lu	3361814815
䍢	wu	3361773334
䍣	lei	3361731853
䍥	li	3361690372
䍦	li	3361648891
䍨	fei	3361607410
䍨	po	3361565929
䍩	yang	3361524448
䍪	wa	3361482967
䍫	tuo	3361441486
䍬	peng	3361400005
䍮	zhao	3361358524
䍯	gui	3361317043
䍱	xu	3361275562
䍲	nai	3361234081
䍳	chuo	3361192600
䍳	jue	3361151119
䍳	que	3361109638
䍴	wei	3361068157
䍵	zheng	3361026676
䍶	dong	3360985195
䍸	bo	3360943714
䍺	huan	3360902233
䍻	xuan	3360860752
䍼	can	3360819271
䍼	zan	3360777790
䍾	yan	3360736309
䍿	huang	3360694828
䎀	xue	3360653347
䎁	hu	3360611866
䎂	bao	3360570385
䎃	ran	3360528904
䎄	tiao	3360487423
䎄	xiao	3360445942
䎅	po	3360404461
䎆	liao	3360362980
䎇	zhou	3360321499
䎈	yi	3360280018
䎉	xu	3360238537
䎊	luo	3360197056
䎊	po	3360155575
䎋	kao	3360114094
䎌	chu	3360072613
䎎	na	3360031132
䎏	han	3359989651
䎐	chao	3359948170
䎑	lu	3359906689
䎒	zhan	3359865208
䎓	ta	3359823727
䎔	fu	3359782246
䎕	hong	3359740765
䎖	zeng	3359699284
䎗	qiao	3359657803
䎚	guan	3359616322
䎜	hun	3359574841
䎝	chu	3359533360
䎟	er	3359491879
䎠	er	3359450398
䎠	nuo	3359408917
䎡	ruan	3359367436
䎢	qi	3359325955
䎣	si	3359284474
䎤	ju	3359242993
䎦	yan	3359201512
䎧	bang	3359160031
䎧	pou	3359118550
䎨	an	3359077069
䎨	ye	3359035588
䎩	zi	3358994107
䎪	ne	3358952626
䎫	chuang	3358911145
䎭	cao	3358869664
䎮	ti	3358828183
䎯	han	3358786702
䎰	zuo	3358745221
䎲	yi	3358703740
䎲	zhe	3358662259
䎳	wa	3358620778
䎴	geng	3358579297
䎴	sheng	3358537816
䎵	bi	3358496335
䎶	er	3358454854
䎷	zhu	3358413373
䎸	wu	3358371892
䎹	wen	3358330411
䎺	zhi	3358288930
䎻	zhou	3358247449
䎼	lu	3358205968
䎽	wen	3358164487
䎾	gun	3358123006
䎿	qiu	3358081525
䏀	la	3358040044
䏁	zai	3357998563
䏂	sou	3357957082
䏃	mian	3357915601
䏃	ming	3357874120
䏄	di	3357832639
䏄	zhi	3357791158
䏅	qi	3357749677
䏆	cao	3357708196
䏇	piao	3357666715
䏈	lian	3357625234
䏈	luan	3357583753
䏉	shi	3357542272
䏋	su	3357500791
䏌	qi	3357459310
䏌	yi	3357417829
䏍	yuan	3357376348
䏎	feng	3357334867
䏏	xu	3357293386
䏐	jue	3357251905
䏑	di	3357210424
䏒	pan	3357168943
䏒	pian	3357127462
䏓	guan	3357085981
䏔	niu	3357044500
䏔	nv	3357003019
䏔	rou	3356961538
䏔	zhou	3356920057
䏕	ren	3356878576
䏖	yin	3356837095
䏖	zhen	3356795614
䏗	gai	3356754133
䏘	pi	3356712652
䏙	dan	3356671171
䏙	tan	3356629690
䏙	zhuan	3356588209
䏚	chao	3356546728
䏚	miao	3356505247
䏛	chun	3356463766
䏜	he	3356422285
䏞	mo	3356380804
䏟	bi	3356339323
䏟	bie	3356297842
䏠	la	3356256361
䏠	qi	3356214880
䏡	shi	3356173399
䏢	bi	3356131918
䏣	jue	3356090437
䏤	si	3356048956
䏦	gua	3356007475
䏦	tian	3355965994
䏧	chi	3355924513
䏧	na	3355883032
䏨	dui	3355841551
䏨	hui	3355800070
䏩	xi	3355758589
䏪	er	3355717108
䏫	xiu	3355675627
䏬	mou	3355634146
䏮	xi	3355592665
䏯	zhi	3355551184
䏰	run	3355509703
䏱	ju	3355468222
䏲	die	3355426741
䏲	ti	3355385260
䏳	zhe	3355343779
䏴	shao	3355302298
䏵	mang	3355260817
䏵	meng	3355219336
䏶	bi	3355177855
䏷	han	3355136374
䏸	yu	3355094893
䏹	chen	3355053412
䏹	xian	3355011931
䏺	pang	3354970450
䏻	neng	3354928969
䏼	can	3354887488
䏼	zhan	3354846007
䏽	bu	3354804526
䏽	pei	3354763045
䏿	qi	3354721564
䐀	ji	3354680083
䐁	du	3354638602
䐁	zhuo	3354597121
䐂	lu	3354555640
䐃	jun	3354514159
䐃	zhun	3354472678
䐄	han	3354431197
䐄	xian	3354389716
䐅	xi	3354348235
䐆	cai	3354306754
䐇	chun	3354265273
䐇	wen	3354223792
䐈	zhi	3354182311
䐉	nao	3354140830
䐉	zi	3354099349
䐊	hun	3354057868
䐊	kun	3354016387
䐋	cong	3353974906
䐌	tian	3353933425
䐍	chu	3353891944
䐎	di	3353850463
䐏	chun	3353808982
䐏	shun	3353767501
䐐	qiu	3353726020
䐑	zhe	3353684539
䐒	zha	3353643058
䐓	rou	3353601577
䐔	bian	3353560096
䐔	bin	3353518615
䐕	ji	3353477134
䐖	xi	3353435653
䐗	du	3353394172
䐗	zhu	3353352691
䐘	jue	3353311210
䐙	ge	3353269729
䐚	ji	3353228248
䐛	da	3353186767
䐜	chen	3353145286
䐝	suo	3353103805
䐞	ruo	3353062324
䐟	gou	3353020843
䐟	xiang	3352979362
䐠	huang	3352937881
䐡	qi	3352896400
䐤	chai	3352854919
䐤	cuo	3352813438
䐥	weng	3352771957
䐦	ke	3352730476
䐧	he	3352688995
䐧	kao	3352647514
䐨	gu	3352606033
䐨	que	3352564552
䐩	gai	3352523071
䐩	gui	3352481590
䐩	kai	3352440109
䐫	cong	3352398628
䐬	cao	3352357147
䐭	di	3352315666
䐭	zhi	3352274185
䐮	chan	3352232704
䐯	lei	3352191223
䐰	xiu	3352149742
䐱	zhai	3352108261
䐲	zhe	3352066780
䐳	yu	3352025299
䐴	gui	3351983818
䐵	gong	3351942337
䐵	huang	3351900856
䐶	jin	3351859375
䐶	qian	3351817894
䐶	zan	3351776413
䐸	guo	3351734932
䐸	huo	3351693451
䐺	tan	3351651970
䐻	gu	3351610489
䐼	xi	3351569008
䐾	duo	3351527527
䐿	ao	3351486046
䑀	pi	3351444565
䑁	wu	3351403084
䑂	ai	3351361603
䑃	meng	3351320122
䑄	pi	3351278641
䑄	yi	3351237160
䑅	meng	3351195679
䑆	yang	3351154198
䑇	zhi	3351112717
䑈	bo	3351071236
䑉	ying	3351029755
䑊	wei	3350988274
䑋	rang	3350946793
䑌	lan	3350905312
䑍	yan	3350863831
䑍	ying	3350822350
䑎	chan	3350780869
䑏	huan	3350739388
䑏	quan	3350697907
䑐	zhen	3350656426
䑑	pu	3350614945
䑓	tai	3350573464
䑔	fei	3350531983
䑕	shu	3350490502
䑘	cuo	3350449021
䑙	ran	3350407540
䑙	tan	3350366059
䑙	tian	3350324578
䑚	tian	3350283097
䑛	chi	3350241616
䑜	ta	3350200135
䑜	tie	3350158654
䑝	jia	3350117173
䑞	shun	3350075692
䑟	huang	3350034211
䑠	liao	3349992730
䑣	chen	3349951249
䑤	jin	3349909768
䑥	e	3349868287
䑥	sa	3349826806
䑦	gou	3349785325
䑧	fu	3349743844
䑨	duo	3349702363
䑪	e	3349660882
䑫	beng	3349619401
䑬	tao	3349577920
䑬	tiao	3349536439
䑬	yao	3349494958
䑭	di	3349453477
䑯	di	3349411996
䑰	bu	3349370515
䑱	wan	3349329034
䑲	zhao	3349287553
䑳	lun	3349246072
䑴	qi	3349204591
䑵	mu	3349163110
䑶	qian	3349121629
䑸	zong	3349080148
䑹	sao	3349038667
䑹	sou	3348997186
䑻	you	3348955705
䑽	ta	3348914224
䑿	su	3348872743
䒀	bu	3348831262
䒁	xi	3348789781
䒂	jiang	3348748300
䒃	cao	3348706819
䒄	fu	3348665338
䒅	teng	3348623857
䒆	che	3348582376
䒇	fu	3348540895
䒈	fei	3348499414
䒉	wu	3348457933
䒊	xi	3348416452
䒋	yang	3348374971
䒌	ming	3348333490
䒍	pang	3348292009
䒎	mang	3348250528
䒏	seng	3348209047
䒐	meng	3348167566
䒑	cao	3348126085
䒒	tiao	3348084604
䒓	kai	3348043123
䒔	bai	3348001642
䒕	xiao	3347960161
䒖	xin	3347918680
䒗	qi	3347877199
䒚	shao	3347835718
䒛	huan	3347794237
䒜	niu	3347752756
䒝	xiao	3347711275
䒞	chen	3347669794
䒞	yin	3347628313
䒟	dan	3347586832
䒠	feng	3347545351
䒠	xia	3347503870
䒡	yin	3347462389
䒢	ang	3347420908
䒣	ran	3347379427
䒤	ri	3347337946
䒥	man	3347296465
䒦	fan	3347254984
䒧	qu	3347213503
䒨	shi	3347172022
䒨	si	3347130541
䒩	he	3347089060
䒪	bian	3347047579
䒫	dai	3347006098
䒬	mo	3346964617
䒭	deng	3346923136
䒰	kuang	3346881655
䒲	cha	3346840174
䒳	duo	3346798693
䒴	you	3346757212
䒵	hao	3346715731
䒷	gua	3346674250
䒸	xue	3346632769
䒹	lei	3346591288
䒺	jin	3346549807
䒻	qi	3346508326
䒼	qu	3346466845
䒽	wang	3346425364
䒾	yi	3346383883
䓂	yan	3346342402
䓃	yi	3346300921
䓄	yin	3346259440
䓅	qi	3346217959
䓆	zhe	3346176478
䓇	he	3346134997
䓇	ke	3346093516
䓇	xi	3346052035
䓈	yi	3346010554
䓉	ye	3345969073
䓊	wu	3345927592
䓊	yu	3345886111
䓋	zhi	3345844630
䓌	zhi	3345803149
䓍	han	3345761668
䓎	chuo	3345720187
䓏	fu	3345678706
䓐	chun	3345637225
䓑	ping	3345595744
䓒	kuai	3345554263
䓗	cong	3345512782
䓘	gao	3345471301
䓘	jiu	3345429820
䓙	guai	3345388339
䓙	kua	3345346858
䓚	cu	3345305377
䓚	qu	3345263896
䓛	qu	3345222415
䓜	zhi	3345180934
䓝	meng	3345139453
䓞	li	3345097972
䓟	lie	3345056491
䓟	zhou	3345015010
䓠	ta	3344973529
䓡	zhi	3344932048
䓢	gu	3344890567
䓤	hu	3344849086
䓥	la	3344807605
䓦	dian	3344766124
䓧	ci	3344724643
䓪	yi	3344683162
䓫	qi	3344641681
䓬	zhuo	3344600200
䓭	cha	3344558719
䓮	mao	3344517238
䓯	du	3344475757
䓰	yin	3344434276
䓱	chai	3344392795
䓱	zui	3344351314
䓲	rui	3344309833
䓳	hen	3344268352
䓳	xie	3344226871
䓴	ruan	3344185390
䓵	fu	3344143909
䓶	lai	3344102428
䓷	xing	3344060947
䓸	jian	3344019466
䓹	yi	3343977985
䓺	mei	3343936504
䓼	he	3343895023
䓼	mang	3343853542
䓽	ji	3343812061
䓾	suo	3343770580
䓿	han	3343729099
䔁	li	3343687618
䔂	zai	3343646137
䔂	zi	3343604656
䔃	zu	3343563175
䔄	yao	3343521694
䔅	ge	3343480213
䔆	li	3343438732
䔉	li	3343397251
䔉	suan	3343355770
䔊	bing	3343314289
䔋	suo	3343272808
䔎	su	3343231327
䔏	chou	3343189846
䔐	jian	3343148365
䔑	tu	3343106884
䔑	xie	3343065403
䔑	ye	3343023922
䔒	bei	3342982441
䔓	xu	3342940960
䔔	jing	3342899479
䔕	pu	3342857998
䔖	ling	3342816517
䔗	xiang	3342775036
䔘	zuo	3342733555
䔙	diao	3342692074
䔚	chun	3342650593
䔛	qing	3342609112
䔜	nan	3342567631
䔝	zhai	3342526150
䔞	lv	3342484669
䔟	yi	3342443188
䔠	shao	3342401707
䔠	shuo	3342360226
䔢	hua	3342318745
䔣	li	3342277264
䔤	pa	3342235783
䔧	li	3342194302
䔪	shuang	3342152821
䔬	yi	3342111340
䔭	ning	3342069859
䔮	si	3342028378
䔯	ku	3341986897
䔰	fu	3341945416
䔱	yi	3341903935
䔲	cheng	3341862454
䔲	deng	3341820973
䔳	ran	3341779492
䔴	ce	3341738011
䔴	chua	3341696530
䔴	cui	3341655049
䔶	tai	3341613568
䔶	ti	3341572087
䔷	qin	3341530606
䔸	biao	3341489125
䔹	sui	3341447644
䔺	wei	3341406163
䔻	dui	3341364682
䔻	dun	3341323201
䔼	se	3341281720
䔼	ze	3341240239
䔽	ai	3341198758
䔾	e	3341157277
䔾	qi	3341115796
䔿	zun	3341074315
䕀	kuan	3341032834
䕁	fei	3340991353
䕃	yin	3340949872
䕅	sao	3340908391
䕆	dou	3340866910
䕇	hui	3340825429
䕈	xie	3340783948
䕉	ze	3340742467
䕊	tan	3340700986
䕋	tang	3340659505
䕌	zhi	3340618024
䕍	yi	3340576543
䕎	fu	3340535062
䕑	jun	3340493581
䕒	jia	3340452100
䕓	cha	3340410619
䕓	chui	3340369138
䕔	xian	3340327657
䕕	man	3340286176
䕗	bi	3340244695
䕘	ling	3340203214
䕙	jie	3340161733
䕚	kui	3340120252
䕛	jia	3340078771
䕝	cheng	3340037290
䕞	lang	3339995809
䕟	xing	3339954328
䕠	fei	3339912847
䕢	zha	3339871366
䕣	he	3339829885
䕥	ni	3339788404
䕦	ying	3339746923
䕧	jiao	3339705442
䕧	xiao	3339663961
䕨	teng	3339622480
䕩	lao	3339580999
䕪	ze	3339539518
䕫	kui	3339498037
䕭	qian	3339456556
䕭	xian	3339415075
䕮	ju	3339373594
䕮	qu	3339332113
䕯	piao	3339290632
䕰	fan	3339249151
䕱	tou	3339207670
䕲	lin	3339166189
䕴	zhuo	3339124708
䕵	xie	3339083227
䕶	hu	3339041746
䕷	mi	3339000265
䕸	jie	3338958784
䕺	cong	3338917303
䕻	li	3338875822
䕽	zhu	3338834341
䕾	yan	3338792860
䕾	yin	3338751379
䕿	han	3338709898
䖁	yi	3338668417
䖂	luan	3338626936
䖃	la	3338585455
䖃	yue	3338543974
䖄	ran	3338502493
䖆	niang	3338461012
䖇	yu	3338419531
䖈	nve	3338378050
䖊	yi	3338336569
䖋	nve	3338295088
䖌	yi	3338253607
䖍	qian	3338212126
䖎	xia	3338170645
䖏	chu	3338129164
䖐	yin	3338087683
䖑	mi	3338046202
䖒	xi	3338004721
䖓	na	3337963240
䖔	han	3337921759
䖔	kan	3337880278
䖕	zu	3337838797
䖖	xia	3337797316
䖗	yan	3337755835
䖘	tu	3337714354
䖙	ti	3337672873
䖛	suo	3337631392
䖜	yin	3337589911
䖝	chong	3337548430
䖞	zhou	3337506949
䖟	mang	3337465468
䖠	yuan	3337423987
䖡	nv	3337382506
䖢	miao	3337341025
䖣	zao	3337299544
䖤	wan	3337258063
䖥	li	3337216582
䖦	qu	3337175101
䖦	zhuo	3337133620
䖧	na	3337092139
䖨	shi	3337050658
䖨	zhi	3337009177
䖩	bi	3336967696
䖪	ci	3336926215
䖪	zi	3336884734
䖫	bang	3336843253
䖭	juan	3336801772
䖮	xiang	3336760291
䖯	kui	3336718810
䖯	wa	3336677329
䖰	pai	3336635848
䖱	kuang	3336594367
䖲	xun	3336552886
䖲	zong	3336511405
䖳	zha	3336469924
䖳	zhe	3336428443
䖴	yao	3336386962
䖵	kun	3336345481
䖶	hui	3336304000
䖷	xi	3336262519
䖸	e	3336221038
䖹	mi	3336179557
䖹	yang	3336138076
䖺	tiao	3336096595
䖻	you	3336055114
䖽	li	3336013633
䖿	li	3335972152
䗀	cheng	3335930671
䗁	ji	3335889190
䗁	qi	3335847709
䗂	hu	3335806228
䗄	fu	3335764747
䗆	guan	3335723266
䗇	ju	3335681785
䗇	qu	3335640304
䗈	meng	3335598823
䗉	chang	3335557342
䗊	tan	3335515861
䗋	mou	3335474380
䗌	xing	3335432899
䗍	li	3335391418
䗍	luo	3335349937
䗎	yan	3335308456
䗏	sou	3335266975
䗐	shi	3335225494
䗑	yi	3335184013
䗒	bing	3335142532
䗓	cong	3335101051
䗔	hou	3335059570
䗕	wan	3335018089
䗗	ji	3334976608
䗘	ge	3334935127
䗙	han	3334893646
䗚	bo	3334852165
䗛	xiu	3334810684
䗜	liu	3334769203
䗝	can	3334727722
䗞	can	3334686241
䗟	yi	3334644760
䗠	xuan	3334603279
䗡	yan	3334561798
䗢	zao	3334520317
䗣	han	3334478836
䗤	yong	3334437355
䗧	kang	3334395874
䗨	yu	3334354393
䗩	qi	3334312912
䗪	zhe	3334271431
䗫	ma	3334229950
䗬	feng	3334188469
䗮	shuang	3334146988
䗯	jin	3334105507
䗰	guan	3334064026
䗱	pu	3334022545
䗲	lin	3333981064
䗴	ting	3333939583
䗵	jiang	3333898102
䗶	la	3333856621
䗷	yi	3333815140
䗸	yong	3333773659
䗹	ci	3333732178
䗺	dan	3333690697
䗺	yan	3333649216
䗼	xun	3333607735
䗾	xian	3333566254
䘀	fu	3333524773
䘁	ge	3333483292
䘃	mo	3333441811
䘄	zhu	3333400330
䘅	nai	3333358849
䘆	xian	3333317368
䘇	wen	3333275887
䘈	li	3333234406
䘉	can	3333192925
䘊	mie	3333151444
䘋	jian	3333109963
䘌	ni	3333068482
䘍	chai	3333027001
䘎	wan	3332985520
䘏	xu	3332944039
䘐	nv	3332902558
䘑	mai	3332861077
䘒	zui	3332819596
䘓	kan	3332778115
䘔	ka	3332736634
䘕	hang	3332695153
䘘	su	3332653672
䘘	yu	3332612191
䘙	wei	3332570710
䘚	zhu	3332529229
䘝	yi	3332487748
䘟	diao	3332446267
䘠	fu	3332404786
䘡	bi	3332363305
䘢	zhu	3332321824
䘣	zhi	3332280343
䘣	zi	3332238862
䘤	shu	3332197381
䘥	jia	3332155900
䘥	xia	3332114419
䘦	ni	3332072938
䘨	jiao	3332031457
䘩	xuan	3331989976
䘩	xun	3331948495
䘪	chong	3331907014
䘫	nou	3331865533
䘬	rong	3331824052
䘭	zhi	3331782571
䘮	sang	3331741090
䘰	shan	3331699609
䘱	yu	3331658128
䘳	jin	3331616647
䘵	lu	3331575166
䘶	han	3331533685
䘷	bie	3331492204
䘸	yi	3331450723
䘹	cui	3331409242
䘹	zui	3331367761
䘺	zhan	3331326280
䘻	yu	3331284799
䘼	wan	3331243318
䘽	ni	3331201837
䘾	guan	3331160356
䘿	jue	3331118875
䙀	beng	3331077394
䙁	can	3331035913
䙃	duo	3330994432
䙄	qi	3330952951
䙄	zha	3330911470
䙅	yao	3330869989
䙆	kui	3330828508
䙇	nuan	3330787027
䙇	ruan	3330745546
䙈	hou	3330704065
䙉	xun	3330662584
䙎	xi	3330621103
䙎	xie	3330579622
䙏	bo	3330538141
䙐	ke	3330496660
䙑	cui	3330455179
䙒	xu	3330413698
䙕	zong	3330372217
䙗	ti	3330330736
䙘	chu	3330289255
䙘	zu	3330247774
䙙	chi	3330206293
䙚	niao	3330164812
䙛	guan	3330123331
䙜	feng	3330081850
䙝	xie	3330040369
䙞	deng	3329998888
䙟	wei	3329957407
䙠	jue	3329915926
䙢	zeng	3329874445
䙣	sa	3329832964
䙤	duo	3329791483
䙥	ling	3329750002
䙦	meng	3329708521
䙨	guo	3329667040
䙩	meng	3329625559
䙪	long	3329584078
䙬	ying	3329542597
䙮	guan	3329501116
䙯	cu	3329459635
䙳	biao	3329418154
䙳	e	3329376673
䙴	qian	3329335192
䙵	xi	3329293711
䙷	de	3329252230
䙸	de	3329210749
䙹	xian	3329169268
䙺	lian	3329127787
䙽	xie	3329086306
䙾	shi	3329044825
䙿	wei	3329003344
䚀	chen	3328961863
䚂	he	3328920382
䚃	you	3328878901
䚄	lu	3328837420
䚅	lai	3328795939
䚇	sheng	3328754458
䚈	juan	3328712977
䚊	jian	3328671496
䚋	yun	3328630015
䚍	qi	3328588534
䚏	lin	3328547053
䚐	ji	3328505572
䚑	mai	3328464091
䚒	chuang	3328422610
䚒	zhuang	3328381129
䚓	nian	3328339648
䚔	bin	3328298167
䚖	ling	3328256686
䚗	gang	3328215205
䚘	cheng	3328173724
䚙	xi	3328132243
䚙	xuan	3328090762
䚚	xian	3328049281
䚛	hu	3328007800
䚜	bei	3327966319
䚜	bi	3327924838
䚝	zu	3327883357
䚟	dai	3327841876
䚠	hun	3327800395
䚡	sai	3327758914
䚢	che	3327717433
䚣	ti	3327675952
䚥	nuo	3327634471
䚥	ruo	3327592990
䚦	zhi	3327551509
䚧	liu	3327510028
䚨	fei	3327468547
䚪	guan	3327427066
䚫	ao	3327385585
䚫	xi	3327344104
䚬	lin	3327302623
䚭	xuan	3327261142
䚮	reng	3327219661
䚯	tao	3327178180
䚯	xuan	3327136699
䚰	e	3327095218
䚰	pi	3327053737
䚱	xin	3327012256
䚲	shan	3326970775
䚴	wa	3326929294
䚶	tian	3326887813
䚷	xi	3326846332
䚷	yi	3326804851
䚸	xie	3326763370
䚹	pi	3326721889
䚺	yao	3326680408
䚻	yao	3326638927
䚻	you	3326597446
䚼	nv	3326555965
䚾	nin	3326514484
䚿	xi	3326473003
䚿	yin	3326431522
䛁	nan	3326390041
䛂	yao	3326348560
䛃	wan	3326307079
䛆	zhou	3326265598
䛇	yuan	3326224117
䛈	shi	3326182636
䛉	mian	3326141155
䛊	xi	3326099674
䛊	zhi	3326058193
䛋	ji	3326016712
䛎	xue	3325975231
䛏	ni	3325933750
䛐	ci	3325892269
䛑	mi	3325850788
䛒	bian	3325809307
䛕	yu	3325767826
䛖	e	3325726345
䛗	zhi	3325684864
䛙	xu	3325643383
䛚	lve	3325601902
䛜	xun	3325560421
䛝	nao	3325518940
䛟	jia	3325477459
䛡	hua	3325435978
䛢	tu	3325394497
䛣	chou	3325353016
䛣	ping	3325311535
䛥	xi	3325270054
䛥	xin	3325228573
䛦	song	3325187092
䛧	mi	3325145611
䛨	xin	3325104130
䛪	qiong	3325062649
䛫	zhang	3325021168
䛫	zheng	3324979687
䛮	jiu	3324938206
䛯	ju	3324896725
䛰	hun	3324855244
䛱	ti	3324813763
䛲	man	3324772282
䛵	shou	3324730801
䛶	lei	3324689320
䛷	wan	3324647839
䛸	che	3324606358
䛹	can	3324564877
䛹	xuan	3324523396
䛺	jie	3324481915
䛻	you	3324440434
䛼	hui	3324398953
䛾	su	3324357472
䜁	xi	3324315991
䜃	dui	3324274510
䜅	chui	3324233029
䜅	wei	3324191548
䜆	mo	3324150067
䜆	nie	3324108586
䜆	zhe	3324067105
䜇	gun	3324025624
䜈	chao	3323984143
䜈	zhao	3323942662
䜌	luan	3323901181
䜐	hui	3323859700
䜑	wu	3323818219
䜓	she	3323776738
䜔	sui	3323735257
䜕	hai	3323693776
䜕	mai	3323652295
䜗	han	3323610814
䜗	xin	3323569333
䜘	jing	3323527852
䜛	chan	3323486371
䜜	wei	3323444890
䜞	ji	3323403409
䜟	chen	3323361928
䜠	che	3323320447
䜡	yu	3323278966
䜢	xian	3323237485
䜪	qiu	3323196004
䜫	hong	3323154523
䜫	jiang	3323113042
䜬	song	3323071561
䜭	jun	3323030080
䜭	rui	3322988599
䜮	lao	3322947118
䜮	liao	3322905637
䜯	ju	3322864156
䜱	man	3322822675
䜲	lie	3322781194
䜴	chu	3322739713
䜴	shi	3322698232
䜵	chi	3322656751
䜶	xiang	3322615270
䜷	qin	3322573789
䜸	mei	3322532308
䜹	shu	3322490827
䜺	ce	3322449346
䜺	chai	3322407865
䜻	chi	3322366384
䜼	gu	3322324903
䜼	mou	3322283422
䜽	yu	3322241941
䜾	yin	3322200460
䝀	liao	3322158979
䝀	liu	3322117498
䝁	lao	3322076017
䝂	shu	3322034536
䝃	zhe	3321993055
䝄	shuang	3321951574
䝅	hui	3321910093
䝈	e	3321868612
䝊	sha	3321827131
䝋	zong	3321785650
䝌	jue	3321744169
䝍	jun	3321702688
䝎	tuan	3321661207
䝐	duo	3321619726
䝐	wei	3321578245
䝑	chong	3321536764
䝒	zhu	3321495283
䝓	lie	3321453802
䝖	zhao	3321412321
䝘	yi	3321370840
䝚	ni	3321329359
䝛	bo	3321287878
䝜	suan	3321246397
䝝	yi	3321204916
䝞	hao	3321163435
䝟	ya	3321121954
䝠	huan	3321080473
䝡	man	3321038992
䝢	man	3320997511
䝣	qu	3320956030
䝤	lao	3320914549
䝤	liao	3320873068
䝥	hao	3320831587
䝦	zhong	3320790106
䝧	min	3320748625
䝨	xian	3320707144
䝩	zhen	3320665663
䝪	shu	3320624182
䝫	zuo	3320582701
䝬	zhu	3320541220
䝮	xuan	3320499739
䝰	zhi	3320458258
䝱	xie	3320416777
䝲	jin	3320375296
䝳	can	3320333815
䝳	hai	3320292334
䝵	bu	3320250853
䝶	liang	3320209372
䝷	zhi	3320167891
䝸	ji	3320126410
䝹	wan	3320084929
䝺	guan	3320043448
䝽	ai	3320001967
䝾	fu	3319960486
䝿	gui	3319919005
䞃	zhi	3319877524
䞄	biao	3319836043
䞅	yi	3319794562
䞆	suo	3319753081
䞇	die	3319711600
䞊	xun	3319670119
䞑	hong	3319628638
䞒	dong	3319587157
䞔	wei	3319545676
䞕	ru	3319504195
䞕	yu	3319462714
䞖	shu	3319421233
䞗	cai	3319379752
䞗	chai	3319338271
䞘	ji	3319296790
䞙	za	3319255309
䞚	kui	3319213828
䞚	qi	3319172347
䞛	yan	3319130866
䞜	fu	3319089385
䞝	yu	3319047904
䞞	fu	3319006423
䞟	po	3318964942
䞠	zhi	3318923461
䞡	tan	3318881980
䞢	zuo	3318840499
䞣	che	3318799018
䞣	qie	3318757537
䞤	fu	3318716056
䞤	qu	3318674575
䞥	you	3318633094
䞦	he	3318591613
䞧	hou	3318550132
䞨	gui	3318508651
䞩	e	3318467170
䞩	xia	3318425689
䞪	jiang	3318384208
䞫	yun	3318342727
䞬	tou	3318301246
䞭	cun	3318259765
䞭	qiu	3318218284
䞮	tu	3318176803
䞯	fu	3318135322
䞰	zuo	3318093841
䞱	hu	3318052360
䞳	bo	3318010879
䞴	zhao	3317969398
䞵	jue	3317927917
䞵	zhuo	3317886436
䞶	tang	3317844955
䞷	jue	3317803474
䞸	fu	3317761993
䞹	huang	3317720512
䞺	chun	3317679031
䞻	yong	3317637550
䞼	chui	3317596069
䞽	suo	3317554588
䞾	chi	3317513107
䞾	di	3317471626
䞿	qian	3317430145
䟀	cai	3317388664
䟁	chao	3317347183
䟁	xiao	3317305702
䟂	man	3317264221
䟄	qi	3317222740
䟄	ze	3317181259
䟄	zuo	3317139778
䟅	jian	3317098297
䟅	zan	3317056816
䟇	ji	3317015335
䟇	xi	3316973854
䟈	zhi	3316932373
䟉	shu	3316890892
䟉	zhu	3316849411
䟊	qu	3316807930
䟋	zhan	3316766449
䟌	ji	3316724968
䟍	bian	3316683487
䟍	dian	3316642006
䟑	yue	3316600525
䟒	quan	3316559044
䟓	cheng	3316517563
䟓	ding	3316476082
䟓	zheng	3316434601
䟔	bo	3316393120
䟔	fu	3316351639
䟕	cha	3316310158
䟖	tang	3316268677
䟗	shi	3316227196
䟘	hang	3316185715
䟙	qie	3316144234
䟚	qi	3316102753
䟛	bei	3316061272
䟛	bo	3316019791
䟛	fei	3315978310
䟜	na	3315936829
䟝	tou	3315895348
䟞	chu	3315853867
䟟	cu	3315812386
䟠	yue	3315770905
䟡	di	3315729424
䟡	zhi	3315687943
䟣	chu	3315646462
䟤	bi	3315604981
䟤	bie	3315563500
䟥	meng	3315522019
䟦	ba	3315480538
䟧	tian	3315439057
䟨	min	3315397576
䟩	lie	3315356095
䟩	que	3315314614
䟪	fan	3315273133
䟪	feng	3315231652
䟫	cheng	3315190171
䟫	shang	3315148690
䟬	qiu	3315107209
䟭	tiao	3315065728
䟭	zuo	3315024247
䟮	bo	3314982766
䟮	fu	3314941285
䟯	kuo	3314899804
䟰	jian	3314858323
䟴	zhen	3314816842
䟵	qiu	3314775361
䟶	cuo	3314733880
䟶	zuo	3314692399
䟷	chi	3314650918
䟷	qi	3314609437
䟸	gui	3314567956
䟸	kui	3314526475
䟹	lie	3314484994
䟻	du	3314443513
䟻	zha	3314402032
䟼	wu	3314360551
䟾	jue	3314319070
䟾	zhuo	3314277589
䟿	lu	3314236108
䠀	chang	3314194627
䠀	tang	3314153146
䠂	chu	3314111665
䠃	liang	3314070184
䠄	tian	3314028703
䠅	kun	3313987222
䠇	jue	3313945741
䠈	tu	3313904260
䠉	huan	3313862779
䠊	fei	3313821298
䠋	bai	3313779817
䠋	bi	3313738336
䠍	qia	3313696855
䠍	qie	3313655374
䠍	xia	3313613893
䠎	wo	3313572412
䠏	ji	3313530931
䠏	kui	3313489450
䠐	qu	3313447969
䠑	kui	3313406488
䠑	wei	3313365007
䠒	hu	3313323526
䠓	cu	3313282045
䠓	qiu	3313240564
䠔	sui	3313199083
䠕	cai	3313157602
䠗	qiu	3313116121
䠗	xiong	3313074640
䠘	pi	3313033159
䠙	pang	3312991678
䠚	wa	3312950197
䠛	yao	3312908716
䠜	rong	3312867235
䠝	xun	3312825754
䠞	cu	3312784273
䠡	cha	3312742792
䠡	cuo	3312701311
䠢	meng	3312659830
䠣	xuan	3312618349
䠤	duo	3312576868
䠥	bie	3312535387
䠦	zhe	3312493906
䠧	chu	3312452425
䠨	chan	3312410944
䠪	duan	3312369463
䠫	zou	3312327982
䠬	deng	3312286501
䠭	lai	3312245020
䠯	yue	3312203539
䠰	quan	3312162058
䠲	ling	3312120577
䠳	chen	3312079096
䠴	zhen	3312037615
䠵	fu	3311996134
䠶	she	3311954653
䠷	tiao	3311913172
䠸	kua	3311871691
䠹	ai	3311830210
䠻	qiong	3311788729
䠼	shu	3311747248
䠽	hai	3311705767
䠽	kai	3311664286
䠾	shan	3311622805
䠿	kui	3311581324
䠿	wai	3311539843
䡀	zhan	3311498362
䡂	jiu	3311456881
䡃	li	3311415400
䡆	rong	3311373919
䡈	jiao	3311332438
䡈	jue	3311290957
䡉	kang	3311249476
䡋	qi	3311207995
䡌	hong	3311166514
䡍	fu	3311125033
䡎	lu	3311083552
䡏	hong	3311042071
䡑	min	3311000590
䡒	tian	3310959109
䡓	juan	3310917628
䡓	xuan	3310876147
䡔	qi	3310834666
䡕	zheng	3310793185
䡖	qing	3310751704
䡙	lang	3310710223
䡚	mao	3310668742
䡛	yin	3310627261
䡜	lu	3310585780
䡞	ju	3310544299
䡡	xie	3310502818
䡢	bian	3310461337
䡣	hun	3310419856
䡣	xuan	3310378375
䡤	zhu	3310336894
䡥	rong	3310295413
䡧	wu	3310253932
䡨	cha	3310212451
䡪	shan	3310170970
䡫	peng	3310129489
䡬	man	3310088008
䡭	xiu	3310046527
䡯	cong	3310005046
䡯	zong	3309963565
䡱	zhuan	3309922084
䡲	chan	3309880603
䡲	dan	3309839122
䡳	si	3309797641
䡺	wei	3309756160
䡼	ling	3309714679
䡽	zuan	3309673198
䡿	ling	3309631717
䢃	yi	3309590236
䢄	xi	3309548755
䢅	chen	3309507274
䢇	rong	3309465793
䢉	nong	3309424312
䢊	you	3309382831
䢋	ji	3309341350
䢌	bo	3309299869
䢍	fang	3309258388
䢐	cu	3309216907
䢑	di	3309175426
䢒	jiao	3309133945
䢓	yu	3309092464
䢔	he	3309050983
䢕	xu	3309009502
䢖	lv	3308968021
䢖	yu	3308926540
䢗	qu	3308885059
䢙	bai	3308843578
䢚	geng	3308802097
䢚	hang	3308760616
䢛	jiong	3308719135
䢝	ya	3308677654
䢞	shu	3308636173
䢟	you	3308594692
䢠	song	3308553211
䢡	xie	3308511730
䢡	ye	3308470249
䢡	zhui	3308428768
䢢	cang	3308387287
䢣	yao	3308345806
䢤	shu	3308304325
䢥	yan	3308262844
䢦	shuai	3308221363
䢧	liao	3308179882
䢩	yu	3308138401
䢪	bo	3308096920
䢫	sui	3308055439
䢭	xian	3308013958
䢭	yan	3307972477
䢮	lei	3307930996
䢯	lin	3307889515
䢰	ti	3307848034
䢱	du	3307806553
䢲	yue	3307765072
䢳	ji	3307723591
䢵	yun	3307682110
䢸	ju	3307640629
䢹	ju	3307599148
䢹	qu	3307557667
䢺	chu	3307516186
䢻	chen	3307474705
䢼	gong	3307433224
䢽	xiang	3307391743
䢾	xian	3307350262
䢿	an	3307308781
䣀	gui	3307267300
䣀	qi	3307225819
䣀	wei	3307184338
䣁	yu	3307142857
䣂	lei	3307101376
䣄	tu	3307059895
䣅	chen	3307018414
䣆	xing	3306976933
䣇	qiu	3306935452
䣈	hang	3306893971
䣊	dang	3306852490
䣋	cai	3306811009
䣌	di	3306769528
䣍	yan	3306728047
䣎	zi	3306686566
䣐	ying	3306645085
䣑	chan	3306603604
䣓	li	3306562123
䣔	suo	3306520642
䣕	ma	3306479161
䣖	ma	3306437680
䣘	tang	3306396199
䣙	bei	3306354718
䣙	pei	3306313237
䣙	peng	3306271756
䣚	lou	3306230275
䣛	qi	3306188794
䣛	xi	3306147313
䣜	cuo	3306105832
䣝	tu	3306064351
䣞	e	3306022870
䣟	can	3305981389
䣟	ti	3305939908
䣠	jie	3305898427
䣠	ti	3305856946
䣠	za	3305815465
䣡	yi	3305773984
䣢	ji	3305732503
䣣	dang	3305691022
䣤	jue	3305649541
䣥	bi	3305608060
䣦	lei	3305566579
䣧	yi	3305525098
䣨	chun	3305483617
䣩	chun	3305442136
䣪	po	3305400655
䣫	li	3305359174
䣬	ge	3305317693
䣬	zai	3305276212
䣭	tai	3305234731
䣮	po	3305193250
䣯	cu	3305151769
䣯	tian	3305110288
䣰	ju	3305068807
䣱	xu	3305027326
䣲	fan	3304985845
䣴	xu	3304944364
䣵	er	3304902883
䣶	huo	3304861402
䣶	tian	3304819921
䣷	zhu	3304778440
䣸	nan	3304736959
䣸	ran	3304695478
䣹	fa	3304653997
䣺	juan	3304612516
䣻	han	3304571035
䣼	liang	3304529554
䣽	ti	3304488073
䣽	zhi	3304446592
䣾	mi	3304405111
䣿	yu	3304363630
䤁	cen	3304322149
䤂	mei	3304280668
䤃	an	3304239187
䤃	yin	3304197706
䤄	mian	3304156225
䤅	tu	3304114744
䤆	gui	3304073263
䤆	kui	3304031782
䤉	mi	3303990301
䤊	rong	3303948820
䤋	guo	3303907339
䤋	yu	3303865858
䤎	ju	3303824377
䤎	jue	3303782896
䤏	pi	3303741415
䤐	jin	3303699934
䤑	wang	3303658453
䤒	ji	3303616972
䤓	meng	3303575491
䤔	jian	3303534010
䤕	hu	3303492529
䤕	xue	3303451048
䤖	bao	3303409567
䤗	gan	3303368086
䤘	chan	3303326605
䤘	qian	3303285124
䤙	li	3303243643
䤚	li	3303202162
䤛	qiu	3303160681
䤜	dun	3303119200
䤞	yun	3303077719
䤟	chen	3303036238
䤡	ran	3302994757
䤣	lve	3302953276
䤦	yue	3302911795
䤧	hui	3302870314
䤫	chan	3302828833
䤮	she	3302787352
䤯	xing	3302745871
䤰	ying	3302704390
䤱	shi	3302662909
䤲	chi	3302621428
䤳	ye	3302579947
䤴	han	3302538466
䤶	an	3302496985
䤶	ye	3302455504
䤷	yan	3302414023
䤹	sou	3302372542
䤺	jin	3302331061
䤺	yin	3302289580
䤽	guan	3302248099
䤾	tao	3302206618
䤿	qie	3302165137
䥀	chan	3302123656
䥁	han	3302082175
䥂	meng	3302040694
䥃	yue	3301999213
䥅	qian	3301957732
䥅	qin	3301916251
䥆	jin	3301874770
䥆	qin	3301833289
䥉	yuan	3301791808
䥋	peng	3301750327
䥌	zheng	3301708846
䥍	zhi	3301667365
䥎	chun	3301625884
䥏	yu	3301584403
䥐	mou	3301542922
䥒	jiang	3301501441
䥘	cu	3301459960
䥙	sui	3301418479
䥜	jian	3301376998
䥟	ye	3301335517
䥡	ye	3301294036
䥢	long	3301252555
䥢	qi	3301211074
䥣	zao	3301169593
䥤	bao	3301128112
䥥	lian	3301086631
䥧	huan	3301045150
䥨	lu	3301003669
䥨	lv	3300962188
䥪	xian	3300920707
䥫	tie	3300879226
䥬	bo	3300837745
䥭	zheng	3300796264
䥮	zhu	3300754783
䥰	meng	3300713302
䥲	ou	3300671821
䥳	you	3300630340
䥵	xiao	3300588859
䦇	ji	3300547378
䦈	jie	3300505897
䦈	zuo	3300464416
䦉	si	3300422935
䦊	niao	3300381454
䦋	ao	3300339973
䦍	wu	3300298492
䦏	xie	3300257011
䦐	ting	3300215530
䦑	xue	3300174049
䦒	dang	3300132568
䦒	qiao	3300091087
䦓	chan	3300049606
䦓	zhan	3300008125
䦔	dan	3299966644
䦔	tan	3299925163
䦕	peng	3299883682
䦗	xu	3299842201
䦙	shi	3299800720
䦙	si	3299759239
䦚	kua	3299717758
䦞	run	3299676277
䦠	du	3299634796
䦡	huan	3299593315
䦢	kuo	3299551834
䦤	chuai	3299510353
䦥	xian	3299468872
䦦	qin	3299427391
䦧	qie	3299385910
䦨	lan	3299344429
䦫	ying	3299302948
䦬	que	3299261467
䦭	hang	3299219986
䦮	chun	3299178505
䦲	chan	3299137024
䦲	qian	3299095543
䦲	yan	3299054062
䦴	yi	3299012581
䦵	ni	3298971100
䦹	shi	3298929619
䦺	ding	3298888138
䦻	zi	3298846657
䦼	jue	3298805176
䦼	pi	3298763695
䦽	xu	3298722214
䦾	yuan	3298680733
䧁	xu	3298639252
䧂	dao	3298597771
䧃	tian	3298556290
䧄	ge	3298514809
䧅	yi	3298473328
䧆	hong	3298431847
䧇	yi	3298390366
䧉	li	3298348885
䧊	ku	3298307404
䧋	xian	3298265923
䧌	sui	3298224442
䧍	xi	3298182961
䧎	xuan	3298141480
䧑	di	3298099999
䧒	lai	3298058518
䧓	zhou	3298017037
䧔	nian	3297975556
䧕	cheng	3297934075
䧖	jian	3297892594
䧗	bi	3297851113
䧘	zhuan	3297809632
䧙	ling	3297768151
䧚	hao	3297726670
䧛	bang	3297685189
䧛	peng	3297643708
䧜	tang	3297602227
䧝	chi	3297560746
䧝	zhi	3297519265
䧟	xian	3297477784
䧠	shuan	3297436303
䧡	yong	3297394822
䧤	pu	3297353341
䧥	hui	3297311860
䧦	wei	3297270379
䧧	yi	3297228898
䧨	ye	3297187417
䧪	che	3297145936
䧫	hao	3297104455
䧬	bin	3297062974
䧮	xian	3297021493
䧯	chan	3296980012
䧯	zhan	3296938531
䧰	hun	3296897050
䧲	han	3296855569
䧳	ci	3296814088
䧳	zhui	3296772607
䧴	zhi	3296731126
䧵	qi	3296689645
䧶	kui	3296648164
䧷	rou	3296606683
䧹	ying	3296565202
䧺	xiong	3296523721
䧼	hu	3296482240
䧽	cui	3296440759
䧿	que	3296399278
䧿	xi	3296357797
䨀	di	3296316316
䨁	wu	3296274835
䨂	qiu	3296233354
䨄	yan	3296191873
䨅	liao	3296150392
䨆	bi	3296108911
䨈	bin	3296067430
䨊	yuan	3296025949
䨋	nve	3295984468
䨌	bao	3295942987
䨍	ying	3295901506
䨎	hong	3295860025
䨏	ci	3295818544
䨐	qia	3295777063
䨑	ti	3295735582
䨒	yu	3295694101
䨓	lei	3295652620
䨔	bao	3295611139
䨖	ji	3295569658
䨗	fu	3295528177
䨘	xian	3295486696
䨙	cen	3295445215
䨚	hu	3295403734
䨛	se	3295362253
䨛	xi	3295320772
䨜	beng	3295279291
䨝	qing	3295237810
䨞	yu	3295196329
䨟	wa	3295154848
䨠	ai	3295113367
䨡	han	3295071886
䨢	dan	3295030405
䨣	ge	3294988924
䨤	di	3294947443
䨥	huo	3294905962
䨥	shuang	3294864481
䨦	pang	3294823000
䨨	zhui	3294781519
䨩	ling	3294740038
䨪	mai	3294698557
䨫	mai	3294657076
䨬	lian	3294615595
䨭	xiao	3294574114
䨮	xue	3294532633
䨯	zhen	3294491152
䨰	po	3294449671
䨱	fu	3294408190
䨲	nou	3294366709
䨲	wan	3294325228
䨳	xi	3294283747
䨵	dan	3294242266
䨶	yun	3294200785
䨷	xian	3294159304
䨸	yin	3294117823
䨹	shu	3294076342
䨺	dui	3294034861
䨻	beng	3293993380
䨼	hu	3293951899
䨽	fei	3293910418
䨾	fei	3293868937
䨿	za	3293827456
䩀	bei	3293785975
䩁	fei	3293744494
䩂	xian	3293703013
䩃	shi	3293661532
䩅	nan	3293620051
䩅	zhan	3293578570
䩆	zhan	3293537089
䩇	dian	3293495608
䩇	zhan	3293454127
䩈	hui	3293412646
䩉	fu	3293371165
䩊	wan	3293329684
䩊	wo	3293288203
䩋	mo	3293246722
䩌	qiao	3293205241
䩍	liao	3293163760
䩏	mie	3293122279
䩐	ge	3293080798
䩐	hu	3293039317
䩐	ji	3292997836
䩑	hong	3292956355
䩒	yu	3292914874
䩓	qi	3292873393
䩔	duo	3292831912
䩔	pan	3292790431
䩔	shan	3292748950
䩕	ang	3292707469
䩕	ying	3292665988
䩗	ba	3292624507
䩘	di	3292583026
䩙	xian	3292541545
䩙	xuan	3292500064
䩚	di	3292458583
䩛	bi	3292417102
䩛	pei	3292375621
䩜	zhou	3292334140
䩝	pao	3292292659
䩞	die	3292251178
䩞	tie	3292209697
䩟	ti	3292168216
䩟	yi	3292126735
䩡	ge	3292085254
䩡	jia	3292043773
䩢	da	3292002292
䩢	zhi	3291960811
䩣	tu	3291919330
䩥	chan	3291877849
䩥	dan	3291836368
䩦	tiao	3291794887
䩧	xie	3291753406
䩨	chang	3291711925
䩨	zhang	3291670444
䩩	yuan	3291628963
䩪	guan	3291587482
䩬	beng	3291546001
䩬	feng	3291504520
䩮	lu	3291463039
䩯	ji	3291421558
䩯	qi	3291380077
䩰	xuan	3291338596
䩱	shu	3291297115
䩱	yu	3291255634
䩲	du	3291214153
䩳	sou	3291172672
䩴	hu	3291131191
䩵	yun	3291089710
䩶	chan	3291048229
䩷	bang	3291006748
䩸	rong	3290965267
䩹	e	3290923786
䩹	kuo	3290882305
䩺	weng	3290840824
䩻	ba	3290799343
䩼	feng	3290757862
䩽	yu	3290716381
䩾	zhe	3290674900
䩿	fen	3290633419
䪀	guan	3290591938
䪁	bu	3290550457
䪂	ge	3290508976
䪃	dun	3290467495
䪄	huang	3290426014
䪅	du	3290384533
䪆	ti	3290343052
䪇	bo	3290301571
䪈	qian	3290260090
䪉	lie	3290218609
䪋	wei	3290177128
䪌	shan	3290135647
䪌	zhan	3290094166
䪎	sui	3290052685
䪑	tuo	3290011204
䪒	zhu	3289969723
䪔	bu	3289928242
䪔	fu	3289886761
䪕	ju	3289845280
䪖	po	3289803799
䪙	fu	3289762318
䪙	po	3289720837
䪚	da	3289679356
䪚	ta	3289637875
䪛	fan	3289596394
䪞	za	3289554913
䪤	fan	3289513432
䪦	hong	3289471951
䪧	chi	3289430470
䪨	bao	3289388989
䪩	yin	3289347508
䪫	jing	3289306027
䪬	bo	3289264546
䪭	ruan	3289223065
䪮	chou	3289181584
䪯	ying	3289140103
䪰	yi	3289098622
䪱	gai	3289057141
䪱	hai	3289015660
䪲	kun	3288974179
䪳	yun	3288932698
䪵	ya	3288891217
䪶	ju	3288849736
䪷	gou	3288808255
䪷	hou	3288766774
䪸	men	3288725293
䪸	min	3288683812
䪹	bai	3288642331
䪹	pei	3288600850
䪹	pi	3288559369
䪺	ge	3288517888
䪻	bian	3288476407
䪻	fan	3288434926
䪽	hao	3288393445
䪿	sheng	3288351964
䫁	bi	3288310483
䫃	chun	3288269002
䫃	zhen	3288227521
䫄	chua	3288186040
䫅	san	3288144559
䫆	cheng	3288103078
䫇	ran	3288061597
䫊	pei	3288020116
䫋	tui	3287978635
䫋	wei	3287937154
䫍	fu	3287895673
䫎	zhuo	3287854192
䫑	qi	3287812711
䫑	yi	3287771230
䫒	men	3287729749
䫓	wu	3287688268
䫔	kui	3287646787
䫔	qi	3287605306
䫔	qie	3287563825
䫔	ya	3287522344
䫕	die	3287480863
䫗	xia	3287439382
䫘	he	3287397901
䫘	jie	3287356420
䫘	ke	3287314939
䫙	sang	3287273458
䫚	gua	3287231977
䫛	hou	3287190496
䫝	fu	3287149015
䫞	fen	3287107534
䫞	qiao	3287066053
䫡	jian	3287024572
䫡	qian	3286983091
䫡	yan	3286941610
䫢	si	3286900129
䫣	xi	3286858648
䫤	ming	3286817167
䫦	ge	3286775686
䫦	kai	3286734205
䫨	ao	3286692724
䫪	shuang	3286651243
䫬	qin	3286609762
䫬	zhen	3286568281
䫭	hui	3286526800
䫮	chan	3286485319
䫰	lin	3286443838
䫱	na	3286402357
䫳	du	3286360876
䫵	mian	3286319395
䫷	e	3286277914
䫸	chao	3286236433
䫹	hong	3286194952
䫿	chao	3286153471
䬁	yi	3286111990
䬃	sa	3286070509
䬄	xu	3286029028
䬆	li	3285987547
䬇	yuan	3285946066
䬈	dui	3285904585
䬉	huo	3285863104
䬊	sha	3285821623
䬋	leng	3285780142
䬌	pou	3285738661
䬏	bu	3285697180
䬏	fou	3285655699
䬑	wei	3285614218
䬑	yu	3285572737
䬒	sou	3285531256
䬒	xiao	3285489775
䬕	shang	3285448294
䬕	xiang	3285406813
䬖	heng	3285365332
䬗	yang	3285323851
䬙	yao	3285282370
䬛	bi	3285240889
䬡	zhu	3285199408
䬤	zan	3285157927
䬤	zhan	3285116446
䬥	yi	3285074965
䬨	jiu	3285033484
䬮	yi	3284992003
䬱	ben	3284950522
䬴	mo	3284909041
䬵	ai	3284867560
䬵	gai	3284826079
䬷	she	3284784598
䬺	yang	3284743117
䬻	jian	3284701636
䬼	yuan	3284660155
䬽	dui	3284618674
䬽	shui	3284577193
䬿	wei	3284535712
䭁	zhi	3284494231
䭂	yi	3284452750
䭄	shi	3284411269
䭆	ne	3284369788
䭊	ying	3284328307
䭋	bao	3284286826
䭌	hu	3284245345
䭍	hu	3284203864
䭎	ye	3284162383
䭐	yang	3284120902
䭖	zhu	3284079421
䭗	ying	3284037940
䭙	jian	3283996459
䭙	jin	3283954978
䭚	chuang	3283913497
䭛	dan	3283872016
䭝	kuai	3283830535
䭟	ye	3283789054
䭠	jian	3283747573
䭥	xue	3283706092
䭦	bo	3283664611
䭧	mi	3283623130
䭨	shui	3283581649
䭩	mo	3283540168
䭫	qi	3283498687
䭬	qi	3283457206
䭮	fu	3283415725
䭯	bo	3283374244
䭰	beng	3283332763
䭱	bie	3283291282
䭲	yi	3283249801
䭳	wei	3283208320
䭴	huan	3283166839
䭵	fan	3283125358
䭶	qi	3283083877
䭸	bao	3283042396
䭸	fu	3283000915
䭹	ang	3282959434
䭺	ang	3282917953
䭻	fu	3282876472
䭼	qi	3282834991
䭽	qun	3282793510
䮀	bo	3282752029
䮁	pian	3282710548
䮇	yu	3282669067
䮉	lu	3282627586
䮊	yi	3282586105
䮋	li	3282544624
䮍	niao	3282503143
䮎	xi	3282461662
䮏	wu	3282420181
䮑	lei	3282378700
䮑	luo	3282337219
䮒	pu	3282295738
䮓	chao	3282254257
䮓	zhuo	3282212776
䮔	zui	3282171295
䮕	zhuo	3282129814
䮖	chang	3282088333
䮘	er	3282046852
䮙	yu	3282005371
䮚	leng	3281963890
䮚	ling	3281922409
䮛	fu	3281880928
䮜	ye	3281839447
䮜	zha	3281797966
䮟	sou	3281756485
䮡	bi	3281715004
䮡	bo	3281673523
䮢	zha	3281632042
䮤	he	3281590561
䮥	li	3281549080
䮨	zai	3281507599
䮩	gu	3281466118
䮪	cheng	3281424637
䮬	mo	3281383156
䮭	mi	3281341675
䮮	mai	3281300194
䮯	ao	3281258713
䮱	zhu	3281217232
䮵	tong	3281175751
䮷	du	3281134270
䮹	gui	3281092789
䮹	wei	3281051308
䮺	ji	3281009827
䮻	chi	3280968346
䮼	lin	3280926865
䯁	luo	3280885384
䯂	ji	3280843903
䯂	shen	3280802422
䯆	yi	3280760941
䯇	ku	3280719460
䯈	wan	3280677979
䯉	wa	3280636498
䯊	ke	3280595017
䯊	qia	3280553536
䯋	bo	3280512055
䯋	fei	3280470574
䯌	kao	3280429093
䯍	ling	3280387612
䯎	gan	3280346131
䯏	gua	3280304650
䯏	hua	3280263169
䯐	hai	3280221688
䯑	kuang	3280180207
䯒	heng	3280138726
䯓	kui	3280097245
䯔	ze	3280055764
䯕	ting	3280014283
䯖	lang	3279972802
䯗	bi	3279931321
䯘	huan	3279889840
䯙	po	3279848359
䯚	yao	3279806878
䯛	wan	3279765397
䯜	ti	3279723916
䯜	xi	3279682435
䯝	sui	3279640954
䯞	kua	3279599473
䯟	dui	3279557992
䯟	xia	3279516511
䯠	ao	3279475030
䯡	jian	3279433549
䯢	mo	3279392068
䯣	gui	3279350587
䯣	kui	3279309106
䯥	an	3279267625
䯥	qi	3279226144
䯦	ma	3279184663
䯧	qing	3279143182
䯨	he	3279101701
䯨	qiao	3279060220
䯪	kao	3279018739
䯫	hao	3278977258
䯬	duo	3278935777
䯭	xian	3278894296
䯮	nai	3278852815
䯯	suo	3278811334
䯰	jie	3278769853
䯱	fu	3278728372
䯱	pei	3278686891
䯱	pi	3278645410
䯲	ba	3278603929
䯲	pa	3278562448
䯳	song	3278520967
䯴	chang	3278479486
䯵	nie	3278438005
䯶	man	3278396524
䯶	mian	3278355043
䯷	song	3278313562
䯸	ci	3278272081
䯹	xian	3278230600
䯺	kuo	3278189119
䯼	di	3278147638
䯽	bao	3278106157
䯽	pou	3278064676
䯾	diao	3278023195
䯾	tiao	3277981714
䯿	sui	3277940233
䯿	zu	3277898752
䯿	zui	3277857271
䰀	wo	3277815790
䰁	fei	3277774309
䰂	cai	3277732828
䰃	fang	3277691347
䰃	peng	3277649866
䰄	sai	3277608385
䰄	shi	3277566904
䰆	rou	3277525423
䰇	qi	3277483942
䰈	cuo	3277442461
䰉	ban	3277400980
䰉	pan	3277359499
䰊	bo	3277318018
䰋	man	3277276537
䰌	cong	3277235056
䰌	zong	3277193575
䰍	ci	3277152094
䰏	ji	3277110613
䰒	meng	3277069132
䰓	mian	3277027651
䰔	pan	3276986170
䰕	lu	3276944689
䰗	jiu	3276903208
䰘	jiao	3276861727
䰘	liu	3276820246
䰙	yi	3276778765
䰚	wen	3276737284
䰛	ge	3276695803
䰛	li	3276654322
䰜	li	3276612841
䰝	zeng	3276571360
䰞	zhu	3276529879
䰟	hun	3276488398
䰠	shen	3276446917
䰡	chi	3276405436
䰢	xing	3276363955
䰣	wang	3276322474
䰤	dong	3276280993
䰥	huo	3276239512
䰥	yu	3276198031
䰦	pi	3276156550
䰧	hu	3276115069
䰨	mei	3276073588
䰩	che	3276032107
䰩	du	3275990626
䰪	mei	3275949145
䰬	ju	3275907664
䰭	nou	3275866183
䰯	yi	3275824702
䰰	ru	3275783221
䰱	ling	3275741740
䰱	long	3275700259
䰴	qi	3275658778
䰵	zi	3275617297
䰸	gong	3275575816
䰹	ze	3275534335
䰺	jie	3275492854
䰼	qin	3275451373
䰼	shen	3275409892
䰼	yin	3275368411
䰿	tuo	3275326930
䱃	zhi	3275285449
䱄	jie	3275243968
䱆	sheng	3275202487
䱈	qi	3275161006
䱉	shan	3275119525
䱏	tou	3275078044
䱑	xue	3275036563
䱔	chou	3274995082
䱔	tiao	3274953601
䱕	mei	3274912120
䱕	mou	3274870639
䱖	liu	3274829158
䱘	li	3274787677
䱞	liu	3274746196
䱠	zhan	3274704715
䱢	zheng	3274663234
䱣	zu	3274621753
䱨	la	3274580272
䱫	la	3274538791
䱮	e	3274497310
䱯	mu	3274455829
䱲	yuan	3274414348
䱳	zhan	3274372867
䱶	lang	3274331386
䱺	hai	3274289905
䱼	zhan	3274248424
䱿	chan	3274206943
䲂	xuan	3274165462
䲃	chao	3274123981
䲃	suo	3274082500
䲃	zao	3274041019
䲄	min	3273999538
䲆	su	3273958057
䲊	duo	3273916576
䲊	tuo	3273875095
䲊	wei	3273833614
䲋	cen	3273792133
䲌	kuan	3273750652
䲍	teng	3273709171
䲐	lu	3273667690
䲒	xie	3273626209
䲓	yan	3273584728
䲔	qing	3273543247
䲜	ye	3273501766
䲦	dai	3273460285
䲧	du	3273418804
䲪	xi	3273377323
䲬	qi	3273335842
䲮	yuan	3273294361
䲯	ji	3273252880
䲱	fang	3273211399
䲲	gong	3273169918
䲲	song	3273128437
䲳	hang	3273086956
䲴	zhen	3273045475
䲵	que	3273003994
䲺	gan	3272962513
䲻	xuan	3272921032
䲻	yuan	3272879551
䲽	diao	3272838070
䲽	shi	3272796589
䲾	qiao	3272755108
䲿	ci	3272713627
䳀	die	3272672146
䳀	yi	3272630665
䳁	bo	3272589184
䳃	wan	3272547703
䳄	ci	3272506222
䳈	bao	3272464741
䳉	dan	3272423260
䳊	ba	3272381779
䳋	tong	3272340298
䳋	xiao	3272298817
䳎	jiu	3272257336
䳐	ci	3272215855
䳔	jiu	3272174374
䳔	ju	3272132893
䳖	nie	3272091412
䳗	e	3272049931
䳘	e	3272008450
䳙	xing	3271966969
䳛	yan	3271925488
䳝	bu	3271884007
䳝	pou	3271842526
䳞	beng	3271801045
䳠	shui	3271759564
䳠	zhu	3271718083
䳣	yuan	3271676602
䳦	xuan	3271635121
䳩	yao	3271593640
䳪	juan	3271552159
䳬	e	3271510678
䳯	chong	3271469197
䳰	bao	3271427716
䳱	wu	3271386235
䳳	xu	3271344754
䳴	da	3271303273
䳴	ta	3271261792
䳵	chi	3271220311
䳶	ji	3271178830
䳶	qi	3271137349
䳶	xi	3271095868
䳷	cong	3271054387
䳸	ma	3271012906
䳹	kou	3270971425
䳻	can	3270929944
䳻	zhan	3270888463
䳿	ran	3270846982
䴁	yu	3270805501
䴂	xiang	3270764020
䴃	nao	3270722539
䴄	shun	3270681058
䴅	fen	3270639577
䴆	pu	3270598096
䴍	ying	3270556615
䴎	lei	3270515134
䴐	bao	3270473653
䴑	die	3270432172
䴒	ling	3270390691
䴜	wai	3270349210
䴞	di	3270307729
䴟	huan	3270266248
䴠	yao	3270224767
䴡	li	3270183286
䴢	mi	3270141805
䴣	hu	3270100324
䴤	sheng	3270058843
䴥	jia	3270017362
䴦	yin	3269975881
䴧	wei	3269934400
䴩	piao	3269892919
䴪	lu	3269851438
䴫	ling	3269809957
䴯	hu	3269768476
䴰	shu	3269726995
䴰	yi	3269685514
䴶	peng	3269644033
䴻	li	3269602552
䴼	chan	3269561071
䴿	meng	3269519590
䵀	suo	3269478109
䵁	qiang	3269436628
䵄	bi	3269395147
䵄	feng	3269353666
䵅	ao	3269312185
䵇	xian	3269270704
䵈	ku	3269229223
䵉	tou	3269187742
䵊	tuan	3269146261
䵋	wei	3269104780
䵌	xian	3269063299
䵎	tuan	3269021818
䵏	lao	3268980337
䵑	ni	3268938856
䵒	ni	3268897375
䵓	li	3268855894
䵔	dong	3268814413
䵕	ju	3268772932
䵖	qian	3268731451
䵖	qin	3268689970
䵗	bi	3268648489
䵗	bo	3268607008
䵙	zha	3268565527
䵚	tao	3268524046
䵛	qian	3268482565
䵜	nong	3268441084
䵝	ya	3268399603
䵝	yi	3268358122
䵞	jing	3268316641
䵟	gan	3268275160
䵠	di	3268233679
䵠	zhuo	3268192198
䵡	jian	3268150717
䵢	mei	3268109236
䵣	da	3268067755
䵤	jian	3268026274
䵤	xian	3267984793
䵥	yu	3267943312
䵦	wu	3267901831
䵦	xie	3267860350
䵧	zai	3267818869
䵨	mang	3267777388
䵩	li	3267735907
䵪	gun	3267694426
䵪	hun	3267652945
䵫	xun	3267611464
䵫	yu	3267569983
䵬	ta	3267528502
䵭	zhe	3267487021
䵮	yang	3267445540
䵯	tuan	3267404059
䵰	shang	3267362578
䵱	xi	3267321097
䵲	qiao	3267279616
䵵	chua	3267238135
䵵	zhuo	3267196654
䵹	zhi	3267155173
䵺	ding	3267113692
䵺	tian	3267072211
䵺	ting	3267030730
䵻	gu	3266989249
䵼	shang	3266947768
䵽	ca	3266906287
䵾	fu	3266864806
䵿	tie	3266823325
䶀	ta	3266781844
䶁	ta	3266740363
䶂	jue	3266698882
䶂	zhuo	3266657401
䶃	han	3266615920
䶄	ping	3266574439
䶅	he	3266532958
䶆	zhui	3266491477
䶇	zhou	3266449996
䶈	bo	3266408515
䶉	liu	3266367034
䶊	nv	3266325553
䶋	xi	3266284072
䶌	pao	3266242591
䶍	di	3266201110
䶎	he	3266159629
䶏	ti	3266118148
䶐	hui	3266076667
䶐	wai	3266035186
䶑	ti	3265993705
䶒	qi	3265952224
䶓	ji	3265910743
䶔	chi	3265869262
䶖	jin	3265827781
䶘	li	3265786300
䶙	ju	3265744819
䶚	qu	3265703338
䶛	la	3265661857
䶜	gu	3265620376
䶝	qia	3265578895
䶞	qi	3265537414
䶟	xian	3265495933
䶠	jian	3265454452
䶡	shi	3265412971
䶡	ze	3265371490
䶤	hua	3265330009
䶥	chu	3265288528
䶥	ju	3265247047
䶥	zha	3265205566
䶩	ji	3265164085
䶫	yan	3265122604
䶬	jian	3265081123
䶰	jiao	3265039642
䶳	yue	3264998161
䶵	chi	3264956680
䶷	jiao	3264915199
䶹	zuo	3264873718
丂	kao	3264832237
丂	qiao	3264790756
丄	shang	3264749275
丅	xia	3264707794
丆	han	3264666313
丏	mian	3264624832
丒	chou	3264583351
丗	shi	3264541870
丠	qiu	3264500389
両	liang	3264458908
丣	you	3264417427
丩	jiu	3264375946
丮	ji	3264334465
丯	jie	3264292984
丱	guan	3264251503
丱	kuang	3264210022
丳	chan	3264168541
丵	zhuo	3264127060
丷	ba	3264085579
丼	jing	3264044098
乀	fu	3264002617
乀	pie	3263961136
乁	ji	3263919655
乁	yi	3263878174
乂	yi	3263836693
乄	wu	3263795212
乆	jiu	3263753731
乊	yi	3263712250
乑	yin	3263670769
乑	zhong	3263629288
乕	hu	3263587807
乗	cheng	3263546326
乚	ya	3263504845
乚	yin	3263463364
乛	yi	3263421883
乛	zhe	3263380402
乢	gai	3263338921
乣	jiu	3263297440
乤	xia	3263255959
乥	hu	3263214478
乧	dou	3263172997
乨	shi	3263131516
乪	nang	3263090035
乫	jia	3263048554
乬	ju	3263007073
乭	shi	3262965592
乮	mao	3262924111
乯	hu	3262882630
乲	zi	3262841149
乴	xue	3262799668
乵	yan	3262758187
乶	fu	3262716706
乷	sha	3262675225
乸	na	3262633744
乹	gan	3262592263
乹	qian	3262550782
乺	suo	3262509301
乻	yu	3262467820
乼	zhu	3262426339
乽	zhe	3262384858
乿	luan	3262343377
乿	zhi	3262301896
亀	gui	3262260415
亁	gan	3262218934
亁	qian	3262177453
亃	lin	3262135972
亄	yi	3262094491
亅	jue	3262053010
亇	ge	3262011529
亊	shi	3261970048
亐	yu	3261928567
亖	si	3261887086
亗	sui	3261845605
亙	gen	3261804124
亙	geng	3261762643
亜	ya	3261721162
亝	qi	3261679681
亝	zhai	3261638200
亣	da	3261596719
亣	ta	3261555238
亪	ye	3261513757
亯	xiang	3261472276
亰	jing	3261430795
亱	ye	3261389314
亴	you	3261347833
亶	dan	3261306352
亷	lian	3261264871
亹	men	3261223390
亹	wei	3261181909
亼	ji	3261140428
亽	ji	3261098947
亾	wang	3261057466
仈	ba	3261015985
仌	bing	3260974504
仏	fo	3260933023
仐	san	3260891542
仒	bing	3260850061
仚	xian	3260808580
仛	cha	3260767099
仛	duo	3260725618
仛	tuo	3260684137
仛	zhe	3260642656
仜	hong	3260601175
仠	gan	3260559694
仠	han	3260518213
仢	bo	3260476732
仦	chao	3260435251
仧	chang	3260393770
仩	chang	3260352289
仩	shang	3260310808
仭	ren	3260269327
仮	fan	3260227846
仮	jia	3260186365
仯	chao	3260144884
仯	miao	3260103403
仱	jing	3260061922
仱	qian	3260020441
仴	wo	3259978960
仸	fo	3259937479
仸	yao	3259895998
仹	feng	3259854517
仺	cang	3259813036
仼	wang	3259771555
仾	di	3259730074
伀	zhong	3259688593
伂	pei	3259647112
伃	xu	3259605631
伃	yu	3259564150
伄	diao	3259522669
伅	dun	3259481188
伆	wu	3259439707
伇	yi	3259398226
伈	xin	3259356745
伋	ji	3259315264
伌	ai	3259273783
伒	jin	3259232302
伒	yin	3259190821
伓	pi	3259149340
伔	dan	3259107859
伕	fu	3259066378
伖	tang	3259024897
伜	cui	3258983416
伝	chuan	3258941935
伝	yun	3258900454
伨	xun	3258858973
伩	xin	3258817492
伬	chi	3258776011
伭	xian	3258734530
伮	nu	3258693049
伱	ni	3258651568
伳	xie	3258610087
伵	xu	3258568606
伷	zhou	3258527125
伹	qu	3258485644
伹	zu	3258444163
伻	beng	3258402682
伾	pi	3258361201
伿	yi	3258319720
佀	si	3258278239
佁	ai	3258236758
佁	chi	3258195277
佁	si	3258153796
佁	yi	3258112315
佂	zheng	3258070834
佄	gan	3258029353
佄	han	3257987872
佅	mai	3257946391
佈	bu	3257904910
佉	qu	3257863429
佊	bi	3257821948
佋	shao	3257780467
佋	zhao	3257738986
佌	ci	3257697505
佒	yang	3257656024
佔	zhan	3257614543
佖	bi	3257573062
佡	xian	3257531581
佢	qu	3257490100
佦	you	3257448619
佨	bao	3257407138
佪	huai	3257365657
佪	hui	3257324176
佫	he	3257282695
佭	xiang	3257241214
佮	e	3257199733
佮	ge	3257158252
佱	fa	3257116771
佲	ming	3257075290
佷	hen	3257033809
佸	huo	3256992328
佹	gui	3256950847
佺	quan	3256909366
佽	ci	3256867885
侀	xing	3256826404
侁	shen	3256784923
侂	tuo	3256743442
侅	gai	3256701961
侇	yi	3256660480
侊	guang	3256618999
侌	yin	3256577518
侎	mi	3256536037
侐	xu	3256494556
侒	an	3256453075
侓	lu	3256411594
侕	er	3256370113
侘	cha	3256328632
侙	chi	3256287151
侚	xun	3256245670
侜	zhou	3256204189
侞	ru	3256162708
侟	cun	3256121227
侟	jian	3256079746
価	jia	3256038265
価	si	3255996784
侢	dai	3255955303
侢	zai	3255913822
侤	ta	3255872341
侫	ning	3255830860
侭	jin	3255789379
侰	jiong	3255747898
侱	cheng	3255706417
侱	ting	3255664936
侲	chen	3255623455
侲	zhen	3255581974
侳	zuo	3255540493
侴	chou	3255499012
侷	ju	3255457531
侸	dou	3255416050
侸	shu	3255374569
侹	ting	3255333088
侺	shen	3255291607
侻	tui	3255250126
侻	tuo	3255208645
侼	bo	3255167164
侽	nan	3255125683
侾	xiao	3255084202
俀	tui	3255042721
俆	shu	3255001240
俆	xu	3254959759
俇	guang	3254918278
俈	ku	3254876797
俉	wu	3254835316
俋	yi	3254793835
俌	fu	3254752354
俍	lang	3254710873
俍	liang	3254669392
俒	hun	3254627911
俕	san	3254586430
俖	pei	3254544949
俙	xi	3254503468
俛	fu	3254461987
俛	mian	3254420506
俢	xiu	3254379025
俤	di	3254337544
俧	zhi	3254296063
俬	si	3254254582
俰	huo	3254213101
俲	xiao	3254171620
俴	jian	3254130139
俵	biao	3254088658
俶	chu	3254047177
俷	fei	3254005696
俹	ya	3253964215
俻	bei	3253922734
俼	yu	3253881253
俽	xin	3253839772
俿	chi	3253798291
俿	hu	3253756810
倁	zhi	3253715329
倂	bing	3253673848
倃	jiu	3253632367
倄	yao	3253590886
倅	cui	3253549405
倇	wan	3253507924
倊	zong	3253466443
倎	tian	3253424962
倐	shu	3253383481
倓	dan	3253342000
倓	tan	3253300519
倕	chui	3253259038
倕	zhui	3253217557
倖	xing	3253176076
倗	peng	3253134595
倗	ping	3253093114
倛	qi	3253051633
倝	gan	3253010152
倞	jing	3252968671
倞	liang	3252927190
倠	sui	3252885709
倢	jie	3252844228
倣	fang	3252802747
値	zhi	3252761266
倧	zong	3252719785
倯	song	3252678304
倰	leng	3252636823
倰	ling	3252595342
倱	hun	3252553861
倳	zi	3252512380
倴	ben	3252470899
倵	wu	3252429418
倶	ju	3252387937
倷	nai	3252346456
倸	cai	3252304975
倹	jian	3252263494
倻	ye	3252222013
倽	sha	3252180532
倿	ning	3252139051
偀	ying	3252097570
偁	cheng	3252056089
偂	jian	3252014608
偂	qian	3251973127
偄	ru	3251931646
偄	ruan	3251890165
偅	chong	3251848684
偅	tong	3251807203
偅	zhong	3251765722
偆	chun	3251724241
偊	yu	3251682760
偋	bing	3251641279
偍	ti	3251599798
偐	yan	3251558317
偒	dang	3251516836
偒	tang	3251475355
偓	wo	3251433874
偔	e	3251392393
偖	che	3251350912
偗	sheng	3251309431
偘	kan	3251267950
偙	di	3251226469
偛	cha	3251184988
偝	bei	3251143507
偞	xie	3251102026
偞	ye	3251060545
偞	zha	3251019064
偟	huang	3250977583
偠	yao	3250936102
偡	zhan	3250894621
偢	chou	3250853140
偣	yan	3250811659
偤	you	3250770178
偦	xu	3250728697
偧	zha	3250687216
偨	ci	3250645735
偪	bi	3250604254
偫	zhi	3250562773
偭	mian	3250521292
偮	ji	3250479811
偯	yi	3250438330
偰	xie	3250396849
偱	xun	3250355368
偲	cai	3250313887
偲	sai	3250272406
偲	si	3250230925
偳	duan	3250189444
偸	tou	3250147963
偹	bei	3250106482
偺	za	3250065001
偺	zan	3250023520
偼	jie	3249982039
傁	sou	3249940558
傂	si	3249899077
傂	zhi	3249857596
傃	su	3249816115
傄	xia	3249774634
傆	yuan	3249733153
傇	rong	3249691672
傉	nu	3249650191
傊	yun	3249608710
傋	gou	3249567229
傋	jiang	3249525748
傎	dian	3249484267
傏	tang	3249442786
傐	hao	3249401305
傒	xi	3249359824
傓	shan	3249318343
傔	qian	3249276862
傕	jue	3249235381
傗	chu	3249193900
傚	xiao	3249152419
傛	rong	3249110938
傛	yong	3249069457
傜	yao	3249027976
傝	ta	3248986495
傝	tan	3248945014
傞	suo	3248903533
傟	yang	3248862052
傠	fa	3248820571
傡	bing	3248779090
傤	zai	3248737609
傦	gu	3248696128
傫	lei	3248654647
傮	zao	3248613166
傰	beng	3248571685
傰	peng	3248530204
傶	qi	3248488723
傶	zu	3248447242
傸	chuang	3248405761
傹	jing	3248364280
傼	han	3248322799
傽	zhang	3248281318
傿	yan	3248239837
僁	su	3248198356
僁	xie	3248156875
僃	bei	3248115394
僄	piao	3248073913
僇	lu	3248032432
僈	man	3247990951
僊	xian	3247949470
僋	lan	3247907989
僋	tan	3247866508
僌	ying	3247825027
僎	zhuan	3247783546
僐	shan	3247742065
僒	jiong	3247700584
僔	zun	3247659103
僘	chang	3247617622
僙	guang	3247576141
僛	qi	3247534660
僜	cheng	3247493179
僜	deng	3247451698
僜	teng	3247410217
僝	chan	3247368736
僟	ji	3247327255
僠	bo	3247285774
僡	hui	3247244293
僢	chuan	3247202812
僢	chun	3247161331
僣	jian	3247119850
僣	tie	3247078369
僪	ju	3247036888
僪	yu	3246995407
僫	e	3246953926
僯	lin	3246912445
僰	bo	3246870964
僲	xian	3246829483
僶	min	3246788002
僷	ye	3246746521
僸	jin	3246705040
僺	qiao	3246663559
僼	feng	3246622078
僽	zhou	3246580597
僿	sai	3246539116
儃	chan	3246497635
儊	chu	3246456154
儌	jiao	3246414673
儍	sha	3246373192
儎	zai	3246331711
儏	can	3246290230
儑	an	3246248749
儓	tai	3246207268
儗	ni	3246165787
儙	qian	3246124306
儚	meng	3246082825
儛	wu	3246041344
儜	ning	3245999863
儝	qiong	3245958382
儞	ni	3245916901
儠	la	3245875420
儠	lie	3245833939
儤	bao	3245792458
儦	biao	3245750977
儧	zan	3245709496
儨	zhi	3245668015
儫	hao	3245626534
儬	chen	3245585053
儬	qing	3245543572
儭	chen	3245502091
儯	teng	3245460610
儳	chan	3245419129
儴	rang	3245377648
儴	xiang	3245336167
儵	shu	3245294686
儶	hui	3245253205
儶	xie	3245211724
儽	lei	3245170243
儾	nang	3245128762
兂	zan	3245087281
兇	xiong	3245045800
兊	dui	3245004319
兎	tu	3244962838
兏	chang	3244921357
児	er	3244879876
兓	jin	3244838395
兓	zan	3244796914
兘	shi	3244755433
兙	shi	3244713952
兛	qian	3244672471
兝	fen	3244630990
兞	mao	3244589509
兟	shen	3244548028
兠	dou	3244506547
兡	bai	3244465066
兣	li	3244423585
兤	huang	3244382104
兦	wang	3244340623
兪	yu	3244299142
兯	han	3244257661
兲	tian	3244216180
兺	fen	3244174699
兾	ji	3244133218
兿	yi	3244091737
冃	mao	3244050256
冄	ran	3244008775
円	yuan	3243967294
冇	mao	3243925813
冋	jiong	3243884332
冎	gua	3243842851
冏	jiong	3243801370
冐	mao	3243759889
冑	zhou	3243718408
冓	gou	3243676927
冔	xu	3243635446
冘	yin	3243593965
冚	kan	3243552484
冝	yi	3243511003
冞	mi	3243469522
冟	shi	3243428041
冡	meng	3243386560
冣	ju	3243345079
冦	kou	3243303598
冧	lin	3243262117
冨	fu	3243220636
冩	xie	3243179155
冭	tai	3243137674
冮	gang	3243096193
冴	hu	3243054712
冸	pan	3243013231
冹	fu	3242971750
冺	min	3242930269
冾	qia	3242888788
冿	jian	3242847307
凁	shu	3242805826
凁	sou	3242764345
凂	mei	3242722864
凃	tu	3242681383
凅	gu	3242639902
凊	jing	3242598421
凊	qing	3242556940
凎	gan	3242515459
凐	yin	3242473978
凒	ai	3242432497
凒	yi	3242391016
凓	li	3242349535
凕	ming	3242308054
凖	zhun	3242266573
凗	cui	3242225092
凘	si	3242183611
凚	jin	3242142130
凞	xi	3242100649
凢	fan	3242059168
凣	fan	3242017687
凥	ju	3241976206
処	chu	3241934725
凧	zheng	3241893244
凨	feng	3241851763
凩	mu	3241810282
凪	zhi	3241768801
凬	feng	3241727320
凮	feng	3241685839
凲	gan	3241644358
凷	kuai	3241602877
凾	han	3241561396
刄	ren	3241519915
刅	chuang	3241478434
刉	ji	3241436953
刋	qian	3241395472
刌	cun	3241353991
刏	ji	3241312510
刐	dan	3241271029
刓	wan	3241229548
刔	jue	3241188067
刕	li	3241146586
刜	fu	3241105105
刞	qu	3241063624
刟	diao	3241022143
刟	ju	3240980662
刡	min	3240939181
刢	ling	3240897700
刣	zhong	3240856219
刦	jie	3240814738
刧	jie	3240773257
刯	geng	3240731776
刱	chuang	3240690295
刲	kui	3240648814
刴	duo	3240607333
刵	er	3240565852
刼	jie	3240524371
剅	dou	3240482890
剅	lou	3240441409
剆	luo	3240399928
剈	yuan	3240358447
剉	cuo	3240316966
剏	chuang	3240275485
剒	cuo	3240234004
剓	li	3240192523
剕	fei	3240151042
剘	qi	3240109561
剙	chuang	3240068080
剚	zi	3240026599
剟	duo	3239985118
剠	lve	3239943637
剠	qing	3239902156
剢	du	3239860675
剢	zhuo	3239819194
剣	jian	3239777713
剤	ji	3239736232
剦	yan	3239694751
剨	huo	3239653270
剫	du	3239611789
剫	duo	3239570308
剬	duan	3239528827
剬	tuan	3239487346
剬	zhi	3239445865
剭	wu	3239404384
剰	sheng	3239362903
剱	jian	3239321422
剳	da	3239279941
剳	zha	3239238460
剶	chuan	3239196979
剷	chan	3239155498
剹	jiu	3239114017
剹	lu	3239072536
剺	li	3239031055
剻	peng	3238989574
剼	shan	3238948093
劀	gua	3238906612
劄	zha	3238865131
劅	zhuo	3238823650
劆	lian	3238782169
劋	chao	3238740688
劋	jiao	3238699207
劎	jian	3238657726
劒	jian	3238616245
劔	jian	3238574764
劕	zhi	3238533283
劖	chan	3238491802
劘	mo	3238450321
劙	li	3238408840
劜	ya	3238367359
劤	jin	3238325878
劥	keng	3238284397
劦	lie	3238242916
劦	xie	3238201435
劧	zhi	3238159954
劮	yi	3238118473
劯	zhu	3238076992
劰	mo	3238035511
労	lao	3237994030
劵	juan	3237952549
劵	quan	3237911068
劶	kou	3237869587
劷	yang	3237828106
劸	wa	3237786625
効	xiao	3237745144
劺	mou	3237703663
劻	kuang	3237662182
劼	jie	3237620701
劽	lie	3237579220
勀	ke	3237537739
勂	gao	3237496258
勄	min	3237454777
勅	chi	3237413296
勆	lang	3237371815
勈	yong	3237330334
勊	ke	3237288853
勌	juan	3237247372
勍	qing	3237205891
勎	lu	3237164410
勏	bu	3237122929
勓	kai	3237081448
勔	mian	3237039967
勗	xu	3236998486
勜	weng	3236957005
勜	yang	3236915524
勠	lu	3236874043
勡	piao	3236832562
勥	jiang	3236791081
勥	qiang	3236749600
勦	chao	3236708119
勦	jiao	3236666638
勧	quan	3236625157
勨	xiang	3236583676
勪	jue	3236542195
勫	fan	3236500714
勬	juan	3236459233
勭	dong	3236417752
勭	tong	3236376271
勮	ju	3236334790
勯	dan	3236293309
勲	xun	3236251828
勳	xun	3236210347
勶	che	3236168866
勷	rang	3236127385
勼	jiu	3236085904
勽	bao	3236044423
匁	wen	3236002942
匂	xiong	3235961461
匃	gai	3235919980
匄	gai	3235878499
匇	cong	3235837018
匇	yi	3235795537
匉	peng	3235754056
匊	ju	3235712575
匋	tao	3235671094
匌	ge	3235629613
匎	e	3235588132
匑	gong	3235546651
匒	da	3235505170
匓	jiu	3235463689
匔	gong	3235422208
匔	qiong	3235380727
匘	nao	3235339246
匛	jiu	3235297765
匜	yi	3235256284
匞	jiang	3235214803
匟	kang	3235173322
匢	hu	3235131841
匤	qu	3235090360
匥	bian	3235048879
匥	fan	3235007398
匧	qie	3234965917
匨	cang	3234924436
匨	zang	3234882955
匩	kuang	3234841474
匫	hu	3234799993
匬	yu	3234758512
匲	lian	3234717031
匳	lian	3234675550
匴	suan	3234634069
匶	jiu	3234592588
匷	jue	3234551107
匸	xi	3234509626
匼	an	3234468145
匼	e	3234426664
匼	ke	3234385183
匽	yan	3234343702
卂	xun	3234302221
卄	nian	3234260740
卆	zu	3234219259
卋	shi	3234177778
卌	xi	3234136297
卍	wan	3234094816
卐	wan	3234053335
単	dan	3234011854
卙	chi	3233970373
卙	ji	3233928892
卛	lv	3233887411
卛	shuai	3233845930
卝	gong	3233804449
卝	guan	3233762968
卝	kuang	3233721487
卥	xi	3233680006
卪	jie	3233638525
卬	ang	3233597044
卭	qiong	3233555563
卲	shao	3233514082
卶	chi	3233472601
卹	xu	3233431120
卼	wu	3233389639
卽	ji	3233348158
卾	e	3233306677
厀	xi	3233265196
厁	san	3233223715
厃	wei	3233182234
厃	yan	3233140753
厇	zhai	3233099272
厇	zhe	3233057791
厈	an	3233016310
厈	han	3232974829
厊	ya	3232933348
厎	di	3232891867
厎	zhi	3232850386
厏	zha	3232808905
厏	zhai	3232767424
厑	ya	3232725943
厒	he	3232684462
厒	qie	3232642981
厓	ya	3232601500
厓	yai	3232560019
厔	zhi	3232518538
厖	mang	3232477057
厖	pang	3232435576
厗	ti	3232394095
厛	ting	3232352614
厜	zui	3232311133
厞	fei	3232269652
厡	yuan	3232228171
厤	li	3232186690
厧	dian	3232145209
厪	jin	3232103728
厪	qin	3232062247
厫	ao	3232020766
厬	gui	3231979285
厯	li	3231937804
厰	chang	3231896323
厳	yan	3231854842
厵	yuan	3231813361
厷	gong	3231771880
厷	hong	3231730399
厷	you	3231688918
厸	lin	3231647437
厸	mian	3231605956
厹	qiu	3231564475
厹	rou	3231522994
厺	qu	3231481513
厼	er	3231440032
厽	lei	3231398551
厾	du	3231357070
叀	hui	3231315589
叀	zhuan	3231274108
叅	can	3231232627
収	shou	3231191146
叏	guai	3231149665
叐	ba	3231108184
叒	ruo	3231066703
叓	li	3231025222
叓	shi	3230983741
叕	jue	3230942260
叕	li	3230900779
叕	yi	3230859298
叕	zhuo	3230817817
叚	jia	3230776336
叚	xia	3230734855
叜	sou	3230693374
叝	gao	3230651893
叝	ji	3230610412
叞	wei	3230568931
叡	rui	3230527450
叧	gua	3230485969
叴	qiu	3230444488
叺	chi	3230403007
叾	liao	3230361526
叿	hong	3230320045
吀	mie	3230278564
吂	mang	3230237083
吅	song	3230195602
吅	xuan	3230154121
吇	ji	3230112640
吇	zi	3230071159
吋	cun	3230029678
吔	ye	3229988197
吘	ou	3229946716
吙	huo	3229905235
吚	xi	3229863754
吚	yi	3229822273
吜	chou	3229780792
吢	qin	3229739311
吤	ge	3229697830
吤	jie	3229656349
吤	xie	3229614868
吥	bu	3229573387
吥	pou	3229531906
吪	e	3229490425
吰	hong	3229448944
吷	chuo	3229407463
吷	jue	3229365982
吷	xue	3229324501
吺	dou	3229283020
吺	ru	3229241539
吽	hong	3229200058
吽	hou	3229158577
吿	gao	3229117096
呁	jun	3229075615
呄	ge	3229034134
呅	mei	3228992653
呅	wen	3228951172
呇	men	3228909691
呇	qi	3228868210
呉	wu	3228826729
呌	jiao	3228785248
呍	hong	3228743767
呎	chi	3228702286
呏	sheng	3228660805
呑	tun	3228619324
呚	qi	3228577843
呝	e	3228536362
呞	shi	3228494881
呟	juan	3228453400
呠	pen	3228411919
呡	wen	3228370438
呣	m	3228328957
呣	mu	3228287476
呥	ran	3228245995
呧	di	3228204514
呩	shi	3228163033
呪	zhou	3228121552
呫	tie	3228080071
呫	zhan	3228038590
呬	xi	3227997109
呭	yi	3227955628
呮	qi	3227914147
呮	zhi	3227872666
呯	ping	3227831185
呰	zi	3227789704
呴	xu	3227748223
呹	chi	3227706742
呹	yi	3227665261
呺	xiao	3227623780
呾	da	3227582299
呾	dan	3227540818
呾	ta	3227499337
呾	ya	3227457856
呿	qu	3227416375
咁	gan	3227374894
咁	han	3227333413
咃	tuo	3227291932
咅	pou	3227250451
咇	bi	3227208970
咈	fu	3227167489
咉	yang	3227126008
咊	he	3227084527
咍	hai	3227043046
咑	da	3227001565
咓	wa	3226960084
咗	zuo	3226918603
咘	bu	3226877122
咜	tuo	3226835641
咞	xian	3226794160
咟	huo	3226752679
咠	qi	3226711198
咡	er	3226669717
咢	e	3226628236
咥	die	3226586755
咥	xi	3226545274
咮	zhou	3226503793
咰	shu	3226462312
咰	xun	3226420831
咲	xiao	3226379350
咵	kua	3226337869
咶	gua	3226296388
咶	guo	3226254907
咶	hua	3226213426
咶	huai	3226171945
咶	shi	3226130464
咷	tao	3226088983
咹	an	3226047502
咹	e	3226006021
咺	xuan	3225964540
咾	lao	3225923059
哃	tong	3225881578
哅	hong	3225840097
哅	xiong	3225798616
哊	you	3225757135
哋	di	3225715654
哋	die	3225674173
哖	nian	3225632692
哘	xing	3225591211
哛	fen	3225549730
哠	hao	3225508249
哢	long	3225466768
哣	pou	3225425287
哤	mang	3225383806
哫	zu	3225342325
哬	he	3225300844
哰	lao	3225259363
哱	bo	3225217882
哴	lang	3225176401
哴	liang	3225134920
哵	ba	3225093439
哶	mie	3225051958
哷	lie	3225010477
哷	lv	3224968996
哸	sui	3224927515
哹	fu	3224886034
哻	han	3224844553
哾	shuo	3224803072
哾	yue	3224761591
唀	you	3224720110
唂	gu	3224678629
唃	gu	3224637148
唅	han	3224595667
唈	yi	3224554186
唋	tu	3224512705
唌	dan	3224471224
唌	xian	3224429743
唌	yan	3224388262
唍	wan	3224346781
唎	li	3224305300
唒	qiu	3224263819
唕	zao	3224222338
唖	ya	3224180857
唗	dou	3224139376
唘	qi	3224097895
唙	di	3224056414
唜	mo	3224014933
唞	dou	3223973452
唟	qu	3223931971
唥	leng	3223890490
唦	sha	3223849009
唨	zu	3223807528
唨	zuo	3223766047
唩	wei	3223724566
唩	wo	3223683085
唫	jin	3223641604
唫	yin	3223600123
唭	qi	3223558642
唲	er	3223517161
唴	qiang	3223475680
唵	an	3223434199
唶	jie	3223392718
唶	ze	3223351237
唸	dian	3223309756
唸	nian	3223268275
唹	yu	3223226794
唺	tian	3223185313
唽	xi	3223143832
啀	ai	3223102351
啀	yai	3223060870
啂	nou	3223019389
啅	zhao	3222977908
啅	zhuo	3222936427
啇	di	3222894946
啇	shi	3222853465
啇	zhai	3222811984
啈	e	3222770503
啈	heng	3222729022
啈	za	3222687541
啋	cai	3222646060
啋	xiao	3222604579
啌	qiang	3222563098
啌	xiang	3222521617
啍	tun	3222480136
啎	wu	3222438655
啑	die	3222397174
啑	jie	3222355693
啑	sha	3222314212
啑	ti	3222272731
啑	za	3222231250
啒	gu	3222189769
啔	qi	3222148288
啗	dan	3222106807
啘	wa	3222065326
啘	ye	3222023845
啘	yue	3221982364
啙	ci	3221940883
啙	zi	3221899402
啚	bi	3221857921
啚	tu	3221816440
啛	cui	3221774959
啝	he	3221733478
啠	zhe	3221691997
啣	xian	3221650516
啨	qing	3221609035
啨	ying	3221567554
啩	gua	3221526073
啫	zhe	3221484592
啱	yan	3221443111
啲	di	3221401630
啳	jue	3221360149
啳	quan	3221318668
啹	ju	3221277187
啺	tang	3221235706
啽	an	3221194225
啿	dan	3221152744
喅	yu	3221111263
喆	zhe	3221069782
喌	zhou	3221028301
喍	chai	3220986820
喐	yu	3220945339
喒	za	3220903858
喒	zan	3220862377
喓	yao	3220820896
喕	mian	3220779415
喖	hu	3220737934
喗	yun	3220696453
喛	he	3220654972
喛	huan	3220613491
喛	xuan	3220572010
喛	yuan	3220530529
喞	ji	3220489048
喠	chong	3220447567
喠	zhong	3220406086
喢	che	3220364605
喢	sha	3220323124
喣	xu	3220281643
喤	huang	3220240162
喥	du	3220198681
喥	duo	3220157200
喦	nie	3220115719
喨	liang	3220074238
喩	yu	3220032757
喫	chi	3219991276
喭	yan	3219949795
喯	ben	3219908314
喯	pen	3219866833
喰	can	3219825352
喰	qi	3219783871
喰	sun	3219742390
喴	wei	3219700909
営	ying	3219659428
喸	bu	3219617947
喺	xi	3219576466
喼	jie	3219534985
喿	sao	3219493504
喿	zao	3219452023
嗀	hu	3219410542
嗀	huo	3219369061
嗁	ti	3219327580
嗂	yao	3219286099
嗃	he	3219244618
嗈	yong	3219203137
嗋	xie	3219161656
嗏	cha	3219120175
嗕	ru	3219078694
嗗	gu	3219037213
嗗	wa	3218995732
嗘	ji	3218954251
嗙	pang	3218912770
嗛	qian	3218871289
嗞	zi	3218829808
嗠	lao	3218788327
嗠	luo	3218746846
嗢	wa	3218705365
嗭	zhi	3218663884
嗮	sai	3218622403
嗰	ga	3218580922
嗰	ge	3218539441
嗱	na	3218497960
嗴	qiang	3218456479
嗸	ao	3218414998
嗺	sui	3218373517
嗺	zui	3218332036
嗻	zhe	3218290555
嗻	zhu	3218249074
嗼	mo	3218207593
嘂	jiao	3218166112
嘃	chong	3218124631
嘅	kai	3218083150
嘊	ai	3218041669
嘊	yai	3218000188
嘋	xiao	3217958707
嘐	xiao	3217917226
嘑	hu	3217875745
嘒	hui	3217834264
嘕	xian	3217792783
嘙	po	3217751302
嘚	de	3217709821
嘝	hu	3217668340
嘠	ga	3217626859
嘡	tang	3217585378
嘢	ye	3217543897
嘥	sai	3217502416
嘦	jiao	3217460935
嘨	xiao	3217419454
嘫	ran	3217377973
嘷	hao	3217336492
嘼	chu	3217295011
嘼	shou	3217253530
嘼	xu	3217212049
嘾	dan	3217170568
嘾	tan	3217129087
噀	xun	3217087606
噂	zun	3217046125
噃	bo	3217004644
噃	fan	3216963163
噄	chi	3216921682
噆	can	3216880201
噆	zan	3216838720
噇	chuang	3216797239
噈	cu	3216755758
噈	he	3216714277
噈	za	3216672796
噉	dan	3216631315
噊	yu	3216589834
噋	kuo	3216548353
噋	tun	3216506872
噏	xi	3216465391
噐	qi	3216423910
噑	hao	3216382429
噒	lian	3216340948
噕	hui	3216299467
噖	yin	3216257986
噛	nie	3216216505
噟	ying	3216175024
噡	dan	3216133543
噡	zhan	3216092062
噣	du	3216050581
噣	zhou	3216009100
噣	zhu	3215967619
噣	zhuo	3215926138
噭	jiao	3215884657
噮	yuan	3215843176
噰	yong	3215801695
噳	yu	3215760214
噵	dao	3215718733
噷	hen	3215677252
噷	xin	3215635771
噺	xin	3215594290
噽	pi	3215552809
噾	yin	3215511328
噿	zui	3215469847
嚁	di	3215428366
嚃	ta	3215386885
嚄	huo	3215345404
嚄	o	3215303923
嚉	duo	3215262442
嚊	pi	3215220961
嚊	xi	3215179480
嚊	xiu	3215137999
嚋	chou	3215096518
嚋	zhou	3215055037
嚑	xun	3215013556
嚒	me	3214972075
嚔	ti	3214930594
嚔	zhi	3214889113
嚖	hui	3214847632
嚗	bao	3214806151
嚗	bo	3214764670
嚗	pao	3214723189
嚘	you	3214681708
嚚	yin	3214640227
嚜	me	3214598746
嚜	mo	3214557265
嚞	zhe	3214515784
嚟	li	3214474303
嚡	hai	3214432822
嚡	xie	3214391341
嚢	nang	3214349860
嚤	mo	3214308379
嚥	yan	3214266898
嚭	pi	3214225417
嚰	mo	3214183936
嚵	chan	3214142455
嚹	la	3214100974
嚺	ta	3214059493
嚻	xiao	3214018012
嚾	huan	3213976531
囆	chai	3213935050
囍	xi	3213893569
囎	zeng	3213852088
囏	jian	3213810607
囓	nie	3213769126
囖	luo	3213727645
囘	hui	3213686164
囙	yin	3213644683
囜	nin	3213603202
団	tuan	3213561721
囥	kang	3213520240
囦	yuan	3213478759
囧	jiong	3213437278
囨	pian	3213395797
囩	yun	3213354316
囬	hui	3213312835
囮	e	3213271354
囯	guo	3213229873
囲	tong	3213188392
囲	wei	3213146911
図	tu	3213105430
囶	guo	3213063949
囷	jun	3213022468
囷	qun	3212980987
囸	ri	3212939506
囻	guo	3212898025
囼	tai	3212856544
圀	guo	3212815063
圁	yin	3212773582
圂	hun	3212732101
圅	han	3212690620
圌	chui	3212649139
圎	yuan	3212607658
圏	quan	3212566177
圐	ku	3212524696
圑	fu	3212483215
圑	pu	3212441734
圔	ya	3212400253
圕	tu	3212358772
圗	tu	3212317291
圙	lve	3212275810
圚	hui	3212234329
圛	yi	3212192848
圝	luan	3212151367
圠	ya	3212109886
圡	tu	3212068405
圢	ting	3212026924
圤	pu	3211985443
圥	lu	3211943962
圦	kuai	3211902481
圧	ya	3211861000
圫	tuo	3211819519
圫	yu	3211778038
圫	zhun	3211736557
圱	qian	3211695076
圱	su	3211653595
圲	qian	3211612114
圴	zhuo	3211570633
圵	dang	3211529152
圶	qia	3211487671
圷	xia	3211446190
圸	shan	3211404709
圼	nie	3211363228
圽	mo	3211321747
圿	jia	3211280266
坁	zhi	3211238785
坃	xun	3211197304
坄	yi	3211155823
坅	qin	3211114342
坆	fen	3211072861
坆	mei	3211031380
坈	keng	3210989899
坈	rong	3210948418
坉	dun	3210906937
坉	tun	3210865456
坋	ben	3210823975
坋	fen	3210782494
坒	bi	3210741013
坓	jing	3210699532
坔	di	3210658051
坔	lan	3210616570
坕	jing	3210575089
坖	ji	3210533608
坘	di	3210492127
坙	jing	3210450646
坢	ban	3210409165
坢	pan	3210367684
坣	tang	3210326203
坥	ju	3210284722
坥	qu	3210243241
坧	zhi	3210201760
坬	gua	3210160279
坮	tai	3210118798
坰	jiong	3210077317
坱	yang	3210035836
坲	fo	3209994355
坴	liu	3209952874
坴	lu	3209911393
坵	qiu	3209869912
坸	gou	3209828431
坹	xue	3209786950
坺	ba	3209745469
坽	ling	3209703988
坾	zhu	3209662507
坿	fu	3209621026
垀	hu	3209579545
垁	zhi	3209538064
垇	ao	3209496583
垈	dai	3209455102
垉	pao	3209413621
垊	min	3209372140
垍	ji	3209330659
垎	he	3209289178
垏	lv	3209247697
垐	ci	3209206216
垑	chi	3209164735
垔	yin	3209123254
垕	hou	3209081773
垖	dui	3209040292
垗	zhao	3208998811
垘	fu	3208957330
垙	guang	3208915849
垚	yao	3208874368
垜	duo	3208832887
垝	gui	3208791406
垞	cha	3208749925
垟	yang	3208708444
垥	xie	3208666963
垨	shou	3208625482
垪	bing	3208584001
垬	hong	3208542520
垰	ka	3208501039
垳	hang	3208459558
垶	xing	3208418077
垹	bang	3208376596
垺	fou	3208335115
垺	fu	3208293634
垺	pei	3208252153
垺	pou	3208210672
垼	yi	3208169191
垽	yin	3208127710
垾	an	3208086229
垾	han	3208044748
垿	xu	3208003267
埀	chui	3207961786
埁	qin	3207920305
埄	beng	3207878824
埄	feng	3207837343
埅	di	3207795862
埅	fang	3207754381
埆	que	3207712900
埇	yong	3207671419
埈	jun	3207629938
埊	di	3207588457
埌	lang	3207546976
埍	juan	3207505495
埐	jin	3207464014
埐	qin	3207422533
埑	zhe	3207381052
埓	lie	3207339571
埖	hua	3207298090
埗	bu	3207256609
埛	jiong	3207215128
埜	ye	3207173647
埞	di	3207132166
埢	juan	3207090685
埢	quan	3207049204
埣	su	3207007723
埣	sui	3206966242
埥	qing	3206924761
埥	zheng	3206883280
埦	wan	3206841799
埧	ju	3206800318
埩	cheng	3206758837
埩	zheng	3206717356
埪	kong	3206675875
埫	chong	3206634394
埫	shang	3206592913
埫	tang	3206551432
埮	tan	3206509951
埱	chu	3206468470
埱	tou	3206426989
埲	beng	3206385508
埳	kan	3206344027
埵	duo	3206302546
埶	yi	3206261065
埻	dui	3206219584
埻	guo	3206178103
埻	zhun	3206136622
埼	qi	3206095141
埾	ju	3206053660
埿	ban	3206012179
埿	ni	3205970698
堁	ke	3205929217
堃	kun	3205887736
堄	ni	3205846255
堉	yu	3205804774
堌	gu	3205763293
堎	leng	3205721812
堎	ling	3205680331
堏	fang	3205638850
堐	ya	3205597369
堒	kun	3205555888
堓	an	3205514407
堔	chen	3205472926
堔	shen	3205431445
堗	tu	3205389964
堘	cheng	3205348483
堛	bi	3205307002
堜	lian	3205265521
堟	zhuan	3205224040
堢	bao	3205182559
堣	yu	3205141078
堥	mao	3205099597
堥	mou	3205058116
堥	wu	3205016635
堦	jie	3204975154
堧	ruan	3204933673
堨	e	3204892192
堩	geng	3204850711
堫	zong	3204809230
堬	yu	3204767749
堭	huang	3204726268
堮	e	3204684787
堲	ji	3204643306
堳	mei	3204601825
堶	tuo	3204560344
堷	pou	3204518863
堷	yin	3204477382
堸	feng	3204435901
堹	zhong	3204394420
堺	jie	3204352939
堻	jin	3204311458
堼	heng	3204269977
堽	gang	3204228496
堾	chun	3204187015
堿	jian	3204145534
塀	ping	3204104053
塁	lei	3204062572
塂	jiang	3204021091
塂	xiang	3203979610
塃	huang	3203938129
塅	duan	3203896648
塇	xuan	3203855167
塈	ji	3203813686
塉	ji	3203772205
塎	yong	3203730724
塐	su	3203689243
塓	mi	3203647762
塕	weng	3203606281
塖	cheng	3203564800
塙	que	3203523319
塚	zhong	3203481838
塛	li	3203440357
塜	peng	3203398876
塜	zhong	3203357395
塝	bang	3203315914
塟	zang	3203274433
塠	dui	3203232952
塡	tian	3203191471
塣	zheng	3203149990
塦	zhen	3203108509
塧	ai	3203067028
塨	gong	3203025547
塩	yan	3202984066
塪	kan	3202942585
塭	wen	3202901104
塮	xie	3202859623
塯	liu	3202818142
塰	hai	3202776661
塱	lang	3202735180
塲	chang	3202693699
塳	peng	3202652218
塴	beng	3202610737
塶	lu	3202569256
塷	lu	3202527775
塺	mei	3202486294
塻	mo	3202444813
塽	shuang	3202403332
墂	biao	3202361851
墄	ce	3202320370
墇	zhang	3202278889
墈	kan	3202237408
墌	zhi	3202195927
墌	zhuo	3202154446
墍	xi	3202112965
墎	guo	3202071484
墐	jin	3202030003
墑	di	3201988522
墔	cui	3201947041
墕	yan	3201905560
墖	ta	3201864079
増	zeng	3201822598
墘	qian	3201781117
墛	wei	3201739636
墡	shan	3201698155
墣	pu	3201656674
墤	kuai	3201615193
墤	tui	3201573712
墥	dong	3201532231
墥	tuan	3201490750
墦	fan	3201449269
墪	dun	3201407788
墫	zun	3201366307
墬	di	3201324826
墭	sheng	3201283345
墯	duo	3201241864
墰	tan	3201200383
墱	deng	3201158902
墲	mu	3201117421
墲	wu	3201075940
墴	huang	3201034459
墵	tan	3200992978
墸	zhu	3200951497
墹	jian	3200910016
墺	ao	3200868535
墽	ao	3200827054
墽	qiao	3200785573
壀	pi	3200744092
壂	dian	3200702611
壃	jiang	3200661130
壄	ye	3200619649
壆	bo	3200578168
壆	xue	3200536687
壉	ju	3200495206
壊	huai	3200453725
壌	rang	3200412244
壎	xun	3200370763
壖	ruan	3200329282
壜	tan	3200287801
壡	rui	3200246320
壥	chan	3200204839
壦	xun	3200163358
壨	lei	3200121877
壭	san	3200080396
壱	yi	3200038915
売	mai	3199997434
壴	zhu	3199955953
壵	zhuang	3199914472
壷	hu	3199872991
壻	xu	3199831510
壾	mang	3199790029
壿	zun	3199748548
夀	shou	3199707067
夁	yi	3199665586
夃	gu	3199624105
夃	ying	3199582624
夅	jiang	3199541143
夆	feng	3199499662
夈	zhai	3199458181
変	bian	3199416700
夊	sui	3199375219
夋	qun	3199333738
夌	ling	3199292257
夎	cuo	3199250776
夐	xiong	3199209295
夐	xuan	3199167814
夑	xie	3199126333
夒	nao	3199084852
夓	xia	3199043371
夗	yuan	3199001890
夘	mao	3198960409
夛	duo	3198918928
夝	qing	3198877447
夞	wai	3198835966
夡	qi	3198794485
夣	meng	3198753004
夦	chen	3198711523
夨	ze	3198670042
夬	guai	3198628561
夰	gao	3198587080
夲	ben	3198545599
夲	tao	3198504118
夳	tai	3198462637
夵	tao	3198421156
夵	yan	3198379675
夶	bi	3198338194
夻	hua	3198296713
夽	yun	3198255232
夿	ba	3198213751
奀	en	3198172270
奃	di	3198130789
奃	ti	3198089308
奅	pao	3198047827
奆	juan	3198006346
奊	lie	3197964865
奊	pi	3197923384
奊	xi	3197881903
奊	xie	3197840422
奌	dian	3197798941
奍	juan	3197757460
奍	quan	3197715979
奒	kai	3197674498
奓	she	3197633017
奓	zha	3197591536
奙	ben	3197550055
奛	huang	3197508574
奜	fei	3197467093
奝	diao	3197425612
奞	xun	3197384131
奟	beng	3197342650
奟	keng	3197301169
奡	ao	3197259688
奣	weng	3197218207
奤	ha	3197176726
奤	po	3197135245
奤	tai	3197093764
奦	wu	3197052283
奭	shi	3197010802
奰	bi	3196969321
奱	luan	3196927840
奵	ding	3196886359
奵	tian	3196844878
奷	qian	3196803397
奺	jiu	3196761916
奻	nuan	3196720435
奾	xian	3196678954
奿	fan	3196637473
妀	ji	3196595992
妅	hong	3196554511
妉	dan	3196513030
妋	fu	3196471549
妋	you	3196430068
妌	jing	3196388587
妎	hai	3196347106
妎	jie	3196305625
妏	wen	3196264144
妐	zhong	3196222663
妑	pa	3196181182
妔	hang	3196139701
妔	keng	3196098220
妕	zhong	3196056739
妘	yun	3196015258
妚	fou	3195973777
妚	pei	3195932296
妚	pi	3195890815
妛	chi	3195849334
妜	jue	3195807853
妜	yue	3195766372
妟	yan	3195724891
妠	na	3195683410
妠	nan	3195641929
妡	xin	3195600448
妢	fen	3195558967
妦	feng	3195517486
妧	wan	3195476005
妧	yuan	3195434524
妬	du	3195393043
妭	ba	3195351562
妭	bo	3195310081
妰	zhuo	3195268600
妱	zhao	3195227119
妳	nai	3195185638
妳	ni	3195144157
妴	yuan	3195102676
妵	tou	3195061195
妶	xian	3195019714
妶	xu	3194978233
妶	xuan	3194936752
妷	yi	3194895271
妷	zhi	3194853790
妸	e	3194812309
妺	mo	3194770828
妼	bi	3194729347
妽	shen	3194687866
妿	e	3194646385
姀	he	3194604904
姁	xu	3194563423
姂	fa	3194521942
姃	zheng	3194480461
姄	min	3194438980
姅	ban	3194397499
姇	fu	3194356018
姈	ling	3194314537
姉	jie	3194273056
姉	zi	3194231575
姌	ran	3194190094
姎	yang	3194148613
姏	man	3194107132
姕	ci	3194065651
姕	zi	3194024170
姖	ju	3193982689
姙	ren	3193941208
姛	dong	3193899727
姞	ji	3193858246
姟	gai	3193816765
姠	xiang	3193775284
姡	hua	3193733803
姡	huo	3193692322
姢	juan	3193650841
姤	gou	3193609360
姧	jian	3193567879
姩	nian	3193526398
姪	zhi	3193484917
姫	ji	3193443436
姫	zhen	3193401955
姭	xian	3193360474
姮	heng	3193318993
姯	guang	3193277512
姰	jun	3193236031
姰	xin	3193194550
姰	xuan	3193153069
姰	xun	3193111588
姱	kua	3193070107
姲	yan	3193028626
姳	ming	3192987145
姴	lie	3192945664
姵	pei	3192904183
姶	e	3192862702
姶	ya	3192821221
姷	you	3192779740
姸	yan	3192738259
姺	shen	3192696778
姺	xian	3192655297
姼	ji	3192613816
姼	shi	3192572335
姼	ti	3192530854
姽	gui	3192489373
姾	quan	3192447892
娀	song	3192406411
娂	hong	3192364930
娊	dan	3192323449
娊	xian	3192281968
娋	shao	3192240487
娍	cheng	3192199006
娍	sheng	3192157525
娎	xie	3192116044
娏	mang	3192074563
娐	fu	3192033082
娒	mei	3191991601
娒	mu	3191950120
娒	wu	3191908639
娔	ke	3191867158
娕	chuo	3191825677
娕	cu	3191784196
娕	lai	3191742715
娖	chuo	3191701234
娖	cu	3191659753
娗	tian	3191618272
娗	ting	3191576791
娚	nan	3191535310
娝	bi	3191493829
娝	pou	3191452348
娞	nei	3191410867
娞	sui	3191369386
娡	zhi	3191327905
娢	han	3191286424
娤	zhuang	3191244943
娦	pin	3191203462
娧	tui	3191161981
娨	xian	3191120500
娪	wu	3191079019
娪	yu	3191037538
娫	yan	3190996057
娬	wu	3190954576
娭	ai	3190913095
娮	yan	3190871614
娯	yu	3190830133
娰	si	3190788652
娳	li	3190747171
娵	ju	3190705690
娷	shui	3190664209
娷	zhui	3190622728
娸	qi	3190581247
娹	xian	3190539766
娺	zhuo	3190498285
娻	dong	3190456804
娽	lu	3190415323
娾	ai	3190373842
娾	e	3190332361
娾	yai	3190290880
娿	e	3190249399
婂	mian	3190207918
婃	cong	3190166437
婄	bu	3190124956
婄	pei	3190083475
婄	pou	3190041994
婅	ju	3190000513
婇	cai	3189959032
婈	ling	3189917551
婋	xiao	3189876070
婌	shu	3189834589
婍	qi	3189793108
婎	hui	3189751627
婏	fan	3189710146
婏	fu	3189668665
婐	wo	3189627184
婑	nei	3189585703
婑	rui	3189544222
婑	wo	3189502741
婒	tan	3189461260
婓	fei	3189419779
婔	fei	3189378298
婖	tian	3189336817
婗	ni	3189295336
婘	juan	3189253855
婘	quan	3189212374
婙	jing	3189170893
婛	jing	3189129412
婜	jin	3189087931
婜	qian	3189046450
婝	dian	3189004969
婞	xing	3188963488
婟	hu	3188922007
婠	guan	3188880526
婠	wan	3188839045
婣	yin	3188797564
婤	zhou	3188756083
婥	chuo	3188714602
婨	lun	3188673121
婩	an	3188631640
婩	nve	3188590159
婫	hun	3188548678
婫	kun	3188507197
婬	yin	3188465716
婮	ju	3188424235
婯	li	3188382754
婰	dian	3188341273
婱	xian	3188299792
婲	hua	3188258311
婹	yao	3188216830
婻	nan	3188175349
婼	chuo	3188133868
婼	ruo	3188092387
婽	jia	3188050906
婾	tou	3188009425
媀	yu	3187967944
媂	di	3187926463
媂	ti	3187884982
媃	rou	3187843501
媄	mei	3187802020
媅	dan	3187760539
媆	nen	3187719058
媆	nun	3187677577
媆	ruan	3187636096
媇	qin	3187594615
媉	wo	3187553134
媊	qian	3187511653
媋	chun	3187470172
媌	miao	3187428691
媍	fu	3187387210
媎	jie	3187345729
媏	duan	3187304248
媐	xi	3187262767
媐	yi	3187221286
媑	zhong	3187179805
媓	huang	3187138324
媔	mian	3187096843
媕	an	3187055362
媖	ying	3187013881
媗	xuan	3186972400
媘	jie	3186930919
媙	wei	3186889438
媝	qiu	3186847957
媞	shi	3186806476
媞	ti	3186764995
媟	xie	3186723514
媠	duo	3186682033
媠	nuo	3186640552
媠	tuo	3186599071
媡	lian	3186557590
媢	mao	3186516109
媣	ran	3186474628
媤	si	3186433147
媥	pian	3186391666
媦	wei	3186350185
媨	cu	3186308704
媨	jiu	3186267223
媩	hu	3186225742
媫	jie	3186184261
媬	bao	3186142780
媮	tou	3186101299
媱	yao	3186059818
媴	yuan	3186018337
媶	rong	3185976856
媷	ru	3185935375
媹	liu	3185893894
媺	mei	3185852413
媻	pan	3185810932
媿	kui	3185769451
嫀	qin	3185727970
嫀	shen	3185686489
嫃	zhen	3185645008
嫄	yuan	3185603527
嫅	jie	3185562046
嫅	suo	3185520565
嫆	rong	3185479084
嫇	meng	3185437603
嫇	ming	3185396122
嫊	su	3185354641
嫋	niao	3185313160
嫍	tao	3185271679
嫎	bang	3185230198
嫎	pang	3185188717
嫏	lang	3185147236
嫐	nao	3185105755
嫑	bao	3185064274
嫑	biao	3185022793
嫓	pi	3184981312
嫕	yi	3184939831
嫙	xuan	3184898350
嫚	man	3184856869
嫛	yi	3184815388
嫝	kang	3184773907
嫞	yong	3184732426
嫟	ni	3184690945
嫤	jin	3184649464
嫨	han	3184607983
嫨	nan	3184566502
嫪	lao	3184525021
嫬	zhe	3184483540
嫭	hu	3184442059
嫮	hu	3184400578
嫯	ao	3184359097
嫰	nen	3184317616
嫲	ma	3184276135
嫳	pie	3184234654
嫴	gu	3184193173
嫶	jiao	3184151692
嫶	qiao	3184110211
嫷	tuo	3184068730
嫸	zhan	3184027249
嫹	mao	3183985768
嫹	miao	3183944287
嫺	xian	3183902806
嫼	mo	3183861325
嫽	liao	3183819844
嫾	lian	3183778363
嬁	deng	3183736882
嬂	zhi	3183695401
嬄	yi	3183653920
嬆	xi	3183612439
嬊	yan	3183570958
嬍	mei	3183529477
嬎	fan	3183487996
嬎	fu	3183446515
嬏	fan	3183405034
嬑	yi	3183363553
嬓	jiao	3183322072
嬔	fu	3183280591
嬕	shi	3183239110
嬘	sui	3183197629
嬚	lian	3183156148
嬛	huan	3183114667
嬛	xuan	3183073186
嬜	xin	3183031705
嬞	dong	3182990224
嬠	can	3182948743
嬢	niang	3182907262
嬥	diao	3182865781
嬥	tiao	3182824300
嬨	ci	3182782819
嬩	yu	3182741338
嬫	rong	3182699857
嬬	ru	3182658376
嬬	xu	3182616895
嬭	nai	3182575414
嬯	tai	3182533933
嬱	can	3182492452
嬱	qian	3182450971
嬳	yue	3182409490
嬵	mian	3182368009
嬶	bi	3182326528
嬹	xing	3182285047
嬺	ni	3182243566
嬼	liu	3182202085
嬽	yuan	3182160604
嬿	yan	3182119123
孁	ling	3182077642
孂	jiao	3182036161
孃	niang	3181994680
孅	xian	3181953199
孈	hui	3181911718
孈	xie	3181870237
孉	huan	3181828756
孉	quan	3181787275
孊	mi	3181745794
孍	yan	3181704313
孒	jue	3181662832
孖	ma	3181621351
孖	zi	3181579870
孞	xin	3181538389
孠	si	3181496908
孡	tai	3181455427
孧	niu	3181413946
孧	you	3181372465
孨	ni	3181330984
孨	zhuan	3181289503
孭	mie	3181248022
孮	cong	3181206541
孯	qian	3181165060
孴	ni	3181123579
孴	yi	3181082098
孶	zi	3181040617
孷	li	3180999136
孹	bo	3180957655
孼	nie	3180916174
宂	rong	3180874693
宆	qiong	3180833212
宊	jia	3180791731
宊	tu	3180750250
宍	rou	3180708769
宎	yao	3180667288
宐	yi	3180625807
宑	jing	3180584326
宒	zhun	3180542845
宔	zhu	3180501364
宖	hong	3180459883
実	shi	3180418402
宧	yi	3180376921
宨	tiao	3180335440
宩	shi	3180293959
宬	cheng	3180252478
宭	qun	3180210997
宯	xiao	3180169516
宱	zha	3180128035
宲	bao	3180086554
宲	shi	3180045073
宷	shen	3180003592
宺	huang	3179962111
宻	mi	3179920630
宼	kou	3179879149
寀	cai	3179837668
寁	zan	3179796187
寃	yuan	3179754706
寈	qing	3179713225
寉	he	3179671744
寉	que	3179630263
寊	zhen	3179588782
寋	jian	3179547301
寍	ning	3179505820
寎	bing	3179464339
寏	huan	3179422858
寑	qin	3179381377
寔	shi	3179339896
寕	ning	3179298415
寖	jin	3179256934
寗	ning	3179215453
寘	zhi	3179173972
寙	yu	3179132491
寚	bao	3179091010
寛	kuan	3179049529
寜	ning	3179008048
寣	hu	3178966567
寭	hui	3178925086
寱	yi	3178883605
寲	yi	3178842124
寳	bao	3178800643
寴	qin	3178759162
寽	lv	3178717681
寽	lve	3178676200
対	dui	3178634719
尀	po	3178593238
専	zhuan	3178551757
尃	fu	3178510276
尅	ke	3178468795
尌	shu	3178427314
尐	ji	3178385833
尐	jie	3178344352
尒	er	3178302871
尓	er	3178261390
尗	shu	3178219909
尙	shang	3178178428
尛	ma	3178136947
尛	me	3178095466
尛	mo	3178053985
尞	liao	3178012504
尟	xian	3177971023
尠	xian	3177929542
尡	hun	3177888061
尡	kun	3177846580
尣	wang	3177805099
尦	liao	3177763618
尨	mang	3177722137
尨	pang	3177680656
尩	wang	3177639175
尪	wang	3177597694
尫	wang	3177556213
尭	yao	3177514732
尮	duo	3177473251
尯	kui	3177431770
尰	zhong	3177390289
尲	gan	3177348808
尳	gu	3177307327
尵	tui	3177265846
尵	zhuai	3177224365
尶	gan	3177182884
屄	bi	3177141403
屇	tian	3177099922
屌	diao	3177058441
屒	zhen	3177016960
屔	ni	3176975479
屖	xi	3176933998
屗	wei	3176892517
屘	man	3176851036
屚	lou	3176809555
屛	ping	3176768074
屝	fei	3176726593
屟	ti	3176685112
屟	xie	3176643631
屧	xie	3176602150
屪	liao	3176560669
屫	jue	3176519188
屭	xi	3176477707
屰	ji	3176436226
屰	ni	3176394745
屰	po	3176353264
屲	wa	3176311783
屳	xian	3176270302
屴	li	3176228821
屵	e	3176187340
屵	yan	3176145859
屶	hui	3176104378
屷	hui	3176062897
屸	hong	3176021416
屸	long	3175979935
屻	ren	3175938454
屼	wu	3175896973
屽	an	3175855492
屽	han	3175814011
屾	shen	3175772530
岀	chu	3175731049
岃	ren	3175689568
岄	yue	3175648087
岅	ban	3175606606
岆	yao	3175565125
岇	ang	3175523644
岉	wu	3175482163
岊	jie	3175440682
岋	e	3175399201
岋	ji	3175357720
岎	cha	3175316239
岎	fen	3175274758
岏	wan	3175233277
岒	qian	3175191796
岓	qi	3175150315
岕	jie	3175108834
岝	zuo	3175067353
岞	zuo	3175025872
岟	yang	3174984391
岠	ju	3174942910
岤	xue	3174901429
岥	po	3174859948
岦	li	3174818467
岧	tiao	3174776986
岨	qu	3174735505
岪	fu	3174694024
岮	tuo	3174652543
岯	pi	3174611062
岰	ao	3174569581
岲	kuang	3174528100
岴	qu	3174486619
岶	po	3174445138
岹	tiao	3174403657
岺	ling	3174362176
岻	chi	3174320695
岼	ping	3174279214
岾	han	3174237733
峀	xiu	3174196252
峂	tong	3174154771
峅	bian	3174113290
峆	he	3174071809
峇	ba	3174030328
峇	ke	3173988847
峈	luo	3173947366
峉	e	3173905885
峊	fu	3173864404
峊	nie	3173822923
峌	die	3173781442
峍	lu	3173739961
峎	en	3173698480
峏	er	3173656999
峐	gai	3173615518
峑	quan	3173574037
峓	yi	3173532556
峔	mu	3173491075
峕	shi	3173449594
峖	an	3173408113
峗	wei	3173366632
峘	huan	3173325151
峚	mi	3173283670
峛	li	3173242189
峛	lie	3173200708
峜	ji	3173159227
峝	tong	3173117746
峞	wei	3173076265
峟	you	3173034784
峠	qia	3172993303
峢	li	3172951822
峧	jiao	3172910341
峩	e	3172868860
峫	xie	3172827379
峫	ye	3172785898
峬	bu	3172744417
峮	qun	3172702936
峯	feng	3172661455
峱	nao	3172619974
峲	li	3172578493
峳	you	3172537012
峵	hong	3172495531
峵	rong	3172454050
峷	shen	3172412569
峸	cheng	3172371088
峹	tu	3172329607
峺	geng	3172288126
峼	gao	3172246645
峼	hao	3172205164
峾	yin	3172163683
峿	wu	3172122202
崀	lang	3172080721
崁	kan	3172039240
崅	que	3171997759
崈	chong	3171956278
崉	ta	3171914797
崊	lin	3171873316
崋	hua	3171831835
崌	ju	3171790354
崏	min	3171748873
崐	kun	3171707392
崑	kun	3171665911
崒	cui	3171624430
崒	zu	3171582949
崓	gu	3171541468
崕	ya	3171499987
崕	yai	3171458506
崘	lun	3171417025
崚	leng	3171375544
崜	duo	3171334063
崝	zheng	3171292582
崟	yin	3171251101
崡	han	3171209620
崣	wei	3171168139
崥	bi	3171126658
崥	pi	3171085177
崨	jie	3171043696
崪	zu	3171002215
崫	jue	3170960734
崫	ku	3170919253
崯	yin	3170877772
崰	zi	3170836291
崲	huang	3170794810
崳	yu	3170753329
崶	feng	3170711848
崷	qiu	3170670367
崸	yang	3170628886
崹	ti	3170587405
崺	yi	3170545924
崻	zhi	3170504443
崼	die	3170462962
崼	shi	3170421481
崿	e	3170380000
嵀	zhu	3170338519
嵁	kan	3170297038
嵁	zhan	3170255557
嵂	lv	3170214076
嵃	yan	3170172595
嵄	mei	3170131114
嵅	han	3170089633
嵆	ji	3170048152
嵈	huan	3170006671
嵉	ting	3169965190
嵍	mao	3169923709
嵍	wu	3169882228
嵎	yu	3169840747
嵏	zong	3169799266
嵑	jie	3169757785
嵑	ke	3169716304
嵒	yan	3169674823
嵓	yan	3169633342
嵔	wei	3169591861
嵕	zong	3169550380
嵖	cha	3169508899
嵗	sui	3169467418
嵙	ke	3169425937
嵜	qi	3169384456
嵞	tu	3169342975
嵟	dui	3169301494
嵠	xi	3169260013
嵡	weng	3169218532
嵢	cang	3169177051
嵣	dang	3169135570
嵣	tang	3169094089
嵤	rong	3169052608
嵤	ying	3169011127
嵥	jie	3168969646
嵦	ai	3168928165
嵦	kai	3168886684
嵧	liu	3168845203
嵨	wu	3168803722
嵪	kao	3168762241
嵪	qiao	3168720760
嵭	beng	3168679279
嵮	dian	3168637798
嵰	qian	3168596317
嵱	yong	3168554836
嵲	nie	3168513355
嵳	cuo	3168471874
嵵	shi	3168430393
嵶	ruo	3168388912
嵹	jiang	3168347431
嵺	jiao	3168305950
嵺	liao	3168264469
嵻	kang	3168222988
嵿	ding	3168181507
嶀	tu	3168140026
嶃	zhan	3168098545
嶅	ao	3168057064
嶆	cao	3168015583
嶉	cui	3167974102
嶉	zui	3167932621
嶊	zui	3167891140
嶋	dao	3167849659
嶌	dao	3167808178
嶍	xi	3167766697
嶎	yu	3167725216
嶏	pei	3167683735
嶏	pi	3167642254
嶐	long	3167600773
嶑	xiang	3167559292
嶒	ceng	3167517811
嶓	bo	3167476330
嶕	jiao	3167434849
嶖	yan	3167393368
嶘	zhan	3167351887
嶚	liao	3167310406
嶛	liao	3167268925
嶜	jin	3167227444
嶜	qin	3167185963
嶞	duo	3167144482
嶟	zun	3167103001
嶡	gui	3167061520
嶡	jue	3167020039
嶣	jiao	3166978558
嶥	jue	3166937077
嶦	shan	3166895596
嶦	zhan	3166854115
嶫	ye	3166812634
嶬	yi	3166771153
嶭	e	3166729672
嶭	nie	3166688191
嶯	ji	3166646710
嶰	xie	3166605229
嶱	ke	3166563748
嶳	di	3166522267
嶵	zui	3166480786
嶶	wei	3166439305
嶻	jie	3166397824
嶻	za	3166356343
嶾	yin	3166314862
嶿	ru	3166273381
巀	jie	3166231900
巁	li	3166190419
巁	lie	3166148938
巂	gui	3166107457
巂	sui	3166065976
巇	xi	3166024495
巈	ju	3165983014
巉	chan	3165941533
巌	yan	3165900052
巎	nao	3165858571
巏	quan	3165817090
巐	chao	3165775609
巓	dian	3165734128
巕	nie	3165692647
巙	kui	3165651166
巙	nao	3165609685
巜	huan	3165568204
巜	kuai	3165526723
巟	huang	3165485242
巣	chao	3165443761
巤	lie	3165402280
巪	ju	3165360799
巬	gu	3165319318
巭	gu	3165277837
巵	zhi	3165236356
巶	zhao	3165194875
巸	yi	3165153394
巹	jin	3165111913
巺	xun	3165070432
巻	juan	3165028951
巼	ba	3164987470
巿	fu	3164945989
帀	za	3164904508
帄	ding	3164863027
帇	nie	3164821546
帉	fen	3164780065
帊	pa	3164738584
帋	zhi	3164697103
帍	hu	3164655622
帎	dan	3164614141
帒	dai	3164572660
帓	mo	3164531179
帓	wa	3164489698
帗	bo	3164448217
帗	fu	3164406736
帞	mo	3164365255
帟	yi	3164323774
帠	yi	3164282293
帡	ping	3164240812
帢	qia	3164199331
帣	juan	3164157850
帤	ru	3164116369
帨	shui	3164074888
帩	qiao	3164033407
帪	zhen	3163991926
帬	qun	3163950445
帯	dai	3163908964
帰	gui	3163867483
帲	ping	3163826002
帵	wan	3163784521
帹	qie	3163743040
帹	sha	3163701559
帺	ji	3163660078
帺	qi	3163618597
帾	du	3163577116
帿	hou	3163535635
幁	xu	3163494154
幆	kai	3163452673
幆	yi	3163411192
幇	bang	3163369711
幈	ping	3163328230
幉	die	3163286749
幊	gong	3163245268
幋	pan	3163203787
幍	tao	3163162306
幎	mi	3163120825
幏	jia	3163079344
幐	teng	3163037863
幑	hui	3162996382
幒	zhong	3162954901
幖	biao	3162913420
幙	mu	3162871939
幚	bang	3162830458
幜	jing	3162788977
幝	chan	3162747496
幤	bi	3162706015
幥	zhang	3162664534
幦	mi	3162623053
幧	qiao	3162581572
幨	chan	3162540091
幪	meng	3162498610
幭	mie	3162457129
幮	chu	3162415648
幯	jie	3162374167
幵	jian	3162332686
幵	qian	3162291205
幷	bing	3162249724
庁	ting	3162208243
庂	ze	3162166762
広	guang	3162125281
庅	mo	3162083800
庈	qin	3162042319
庉	dun	3162000838
庌	ya	3161959357
庍	bai	3161917876
庍	ting	3161876395
庍	xin	3161834914
庎	jie	3161793433
庒	zhuang	3161751952
庘	ya	3161710471
庛	ci	3161668990
庝	tong	3161627509
庡	yi	3161586028
庢	zhi	3161544547
庣	tiao	3161503066
庤	zhi	3161461585
庨	xiao	3161420104
庩	tu	3161378623
庪	gui	3161337142
庬	mang	3161295661
庬	pang	3161254180
庮	you	3161212699
庯	bu	3161171218
庰	bing	3161129737
庱	cheng	3161088256
庴	ji	3161046775
庺	song	3161005294
庻	shu	3160963813
庽	yu	3160922332
庿	miao	3160880851
廀	sou	3160839370
廃	fei	3160797889
廅	e	3160756408
廆	hui	3160714927
廆	wei	3160673446
廇	liu	3160631965
廋	sou	3160590484
廌	zhi	3160549003
廍	bu	3160507522
廍	pou	3160466041
廏	jiu	3160424560
廐	jiu	3160383079
廘	lu	3160341598
廙	yi	3160300117
廜	tu	3160258636
廤	ku	3160217155
廦	bi	3160175674
廫	liao	3160134193
廭	ji	3160092712
廯	xian	3160051231
廰	ting	3160009750
廱	yong	3159968269
廲	li	3159926788
廵	xun	3159885307
廸	di	3159843826
廹	pai	3159802345
廹	po	3159760864
廻	hui	3159719383
廼	nai	3159677902
廽	hui	3159636421
弅	fen	3159594940
弆	ju	3159553459
弆	qu	3159511978
弇	yan	3159470497
弉	zang	3159429016
弌	yi	3159387535
弍	er	3159346054
弎	san	3159304573
弐	er	3159263092
弔	diao	3159221611
弖	hu	3159180130
弙	wu	3159138649
弚	tui	3159097168
弜	jiang	3159055687
弝	ba	3159014206
弞	shen	3158972725
弡	jue	3158931244
弡	zhang	3158889763
弢	tao	3158848282
弣	fu	3158806801
弤	di	3158765320
弨	chao	3158723839
弫	zhen	3158682358
弬	yi	3158640877
弮	juan	3158599396
弮	quan	3158557915
弰	shao	3158516434
弲	xuan	3158474953
弲	yuan	3158433472
弴	diao	3158391991
弶	jiang	3158350510
弸	beng	3158309029
弸	peng	3158267548
弻	bi	3158226067
弽	she	3158184586
弾	dan	3158143105
弿	jian	3158101624
彁	ge	3158060143
彂	fa	3158018662
彃	bi	3157977181
彅	jian	3157935700
彇	xiao	3157894219
彉	guo	3157852738
彊	jiang	3157811257
彊	qiang	3157769776
彋	hong	3157728295
彏	jue	3157686814
彑	ji	3157645333
彔	lu	3157603852
彚	hui	3157562371
彛	yi	3157520890
彜	yi	3157479409
彣	wen	3157437928
彧	yu	3157396447
彫	diao	3157354966
彮	yong	3157313485
彯	miao	3157272004
彯	piao	3157230523
彴	zhuo	3157189042
彵	tuo	3157147561
彵	yi	3157106080
彶	ji	3157064599
彸	zhong	3157023118
彺	wang	3156981637
彽	chi	3156940156
彽	di	3156898675
彾	ling	3156857194
彿	fu	3156815713
徃	wang	3156774232
徆	xi	3156732751
徍	wa	3156691270
徍	wang	3156649789
徎	cheng	3156608308
徎	zheng	3156566827
徏	zhi	3156525346
従	cong	3156483865
徔	cong	3156442384
徖	cong	3156400903
徚	dong	3156359422
徛	ji	3156317941
徝	zhi	3156276460
徟	zhou	3156234979
徢	xie	3156193498
徣	jie	3156152017
徤	jian	3156110536
徥	shi	3156069055
徥	ti	3156027574
徦	jia	3155986093
徦	xia	3155944612
徧	bian	3155903131
徧	pian	3155861650
徫	wei	3155820169
徬	pang	3155778688
徯	xi	3155737207
徰	zheng	3155695726
徱	piao	3155654245
徲	chi	3155612764
徲	ti	3155571283
徳	de	3155529802
徴	zheng	3155488321
徶	bie	3155446840
徸	chong	3155405359
徸	zhong	3155363878
徺	jiao	3155322397
徻	hui	3155280916
徻	wei	3155239435
徾	mei	3155197954
忀	xiang	3155156473
忁	bao	3155114992
忂	ju	3155073511
忂	qu	3155032030
忇	le	3154990549
忈	ren	3154949068
忊	ding	3154907587
忊	ting	3154866106
忋	gai	3154824625
忎	ren	3154783144
忓	gan	3154741663
忓	han	3154700182
忔	qi	3154658701
忔	yi	3154617220
忕	shi	3154575739
忕	tai	3154534258
忚	lie	3154492777
忚	xi	3154451296
忛	fan	3154409815
応	ying	3154368334
忞	min	3154326853
忞	wen	3154285372
忟	wen	3154243891
忢	wu	3154202410
忣	ji	3154160929
忥	xi	3154119448
忦	jia	3154077967
忨	wan	3154036486
忩	cong	3153995005
忬	shu	3153953524
忬	yu	3153912043
忯	qi	3153870562
忯	shi	3153829081
忰	cui	3153787600
忲	tai	3153746119
忳	dun	3153704638
忳	tun	3153663157
忳	zhun	3153621676
忴	qian	3153580195
忴	qin	3153538714
忶	hun	3153497233
忷	xiong	3153455752
忹	kuang	3153414271
忹	wang	3153372790
忺	xian	3153331309
忼	hang	3153289828
忼	kang	3153248347
怇	ju	3153206866
怈	yi	3153165385
怉	bao	3153123904
怋	men	3153082423
怋	min	3153040942
怌	pei	3152999461
怐	ju	3152957980
怐	kou	3152916499
怑	ban	3152875018
怓	nao	3152833537
怓	niu	3152792056
怗	tie	3152750575
怘	gu	3152709094
怘	hu	3152667613
怚	ju	3152626132
怞	chou	3152584651
怞	zhou	3152543170
怟	di	3152501689
怢	die	3152460208
怢	tu	3152418727
怢	tui	3152377246
怣	you	3152335765
怤	fu	3152294284
怬	xi	3152252803
怭	bi	3152211322
怮	yao	3152169841
怮	you	3152128360
怰	xuan	3152086879
怱	cong	3152045398
怲	bing	3152003917
怳	huang	3151962436
怴	xu	3151920955
怴	xue	3151879474
怶	bi	3151837993
怶	pi	3151796512
怷	shu	3151755031
怸	xi	3151713550
怹	tan	3151672069
怺	yong	3151630588
怽	mi	3151589107
怽	mo	3151547626
怾	zhi	3151506145
恀	shi	3151464664
恄	xi	3151423183
恅	lao	3151381702
恇	kuang	3151340221
恈	mou	3151298740
恉	zhi	3151257259
恊	xie	3151215778
恌	tiao	3151174297
恎	die	3151132816
恏	hao	3151091335
恑	gui	3151049854
恑	wei	3151008373
恓	xi	3150966892
恔	jiao	3150925411
恔	xiao	3150883930
恖	sai	3150842449
恖	si	3150800968
恗	hu	3150759487
恗	kua	3150718006
恘	qiu	3150676525
恛	hui	3150635044
恜	chi	3150593563
恞	yi	3150552082
恟	xiong	3150510601
恠	guai	3150469120
恡	lin	3150427639
恦	shang	3150386158
恮	quan	3150344677
恮	zhuan	3150303196
恱	yue	3150261715
恲	peng	3150220234
恴	de	3150178753
恵	hui	3150137272
恷	qiu	3150095791
恾	mang	3150054310
悀	yong	3150012829
悁	juan	3149971348
悁	yuan	3149929867
悂	bi	3149888386
悂	pi	3149846905
悆	yu	3149805424
悇	tu	3149763943
悇	yu	3149722462
悈	jie	3149680981
悈	ke	3149639500
悊	zhe	3149598019
悋	lin	3149556538
悎	hao	3149515057
悎	jiao	3149473576
悐	ti	3149432095
悑	bu	3149390614
悕	xi	3149349133
悗	man	3149307652
悗	men	3149266171
悘	yi	3149224690
悙	heng	3149183209
悜	cheng	3149141728
悡	li	3149100247
悢	lang	3149058766
悢	liang	3149017285
悤	cong	3148975804
悥	yi	3148934323
悧	li	3148892842
悩	nao	3148851361
悪	e	3148809880
悰	cong	3148768399
悳	de	3148726918
悷	li	3148685437
悷	san	3148643956
悷	tan	3148602475
悹	guan	3148560994
悺	guan	3148519513
悽	qi	3148478032
悾	kong	3148436551
悿	tian	3148395070
惁	xi	3148353589
惂	kan	3148312108
惃	gun	3148270627
惄	ni	3148229146
惇	dun	3148187665
惈	guo	3148146184
惉	zhan	3148104703
惌	yuan	3148063222
惍	jin	3148021741
惎	ji	3147980260
惏	lan	3147938779
惏	lin	3147897298
惐	xu	3147855817
惐	yu	3147814336
惒	he	3147772855
惓	quan	3147731374
惔	tan	3147689893
惔	yan	3147648412
惖	ti	3147606931
惗	nie	3147565450
惙	chuo	3147523969
惛	hun	3147482488
惞	xin	3147441007
惢	rui	3147399526
惢	suo	3147358045
惣	zong	3147316564
惤	jian	3147275083
惥	yong	3147233602
惪	de	3147192121
惵	die	3147150640
惵	tie	3147109159
惷	chun	3147067678
惸	qiong	3147026197
惼	bian	3146984716
惽	hun	3146943235
惽	min	3146901754
惾	zong	3146860273
惿	shi	3146818792
惿	ti	3146777311
愂	bei	3146735830
愃	xuan	3146694349
愄	wei	3146652868
愅	ge	3146611387
愊	bi	3146569906
愋	xuan	3146528425
愌	huan	3146486944
愐	mian	3146445463
愑	yong	3146403982
愒	kai	3146362501
愓	dang	3146321020
愔	yin	3146279539
愖	chen	3146238058
愖	dan	3146196577
愖	xin	3146155096
愗	mao	3146113615
愘	ke	3146072134
愘	qia	3146030653
愙	ke	3145989172
愝	yan	3145947691
愞	nuo	3145906210
愡	zong	3145864729
愢	sai	3145823248
愢	si	3145781767
愥	ying	3145740286
愪	yun	3145698805
愬	su	3145657324
愭	qi	3145615843
愮	yao	3145574362
愯	song	3145532881
愰	huang	3145491400
愱	ji	3145449919
愲	gu	3145408438
愳	ju	3145366957
愵	ni	3145325476
愶	xie	3145283995
愸	zheng	3145242514
愹	yong	3145201033
愺	cao	3145159552
愻	xun	3145118071
愼	shen	3145076590
愽	bo	3145035109
慀	xi	3144993628
慀	xie	3144952147
慁	hun	3144910666
慂	yong	3144869185
慃	yang	3144827704
慅	sao	3144786223
慆	tao	3144744742
慇	yin	3144703261
慉	xu	3144661780
慏	ming	3144620299
慒	cao	3144578818
慒	cong	3144537337
慓	piao	3144495856
慔	mu	3144454375
慗	chi	3144412894
慛	cui	3144371413
慜	min	3144329932
慞	zhang	3144288451
慠	ao	3144246970
慡	shuang	3144205489
慥	zao	3144164008
慦	jiu	3144122527
慩	lian	3144081046
慬	jin	3144039565
慬	qin	3143998084
慴	she	3143956603
慴	zhe	3143915122
慻	juan	3143873641
慼	qi	3143832160
慽	qi	3143790679
慾	yu	3143749198
慿	ping	3143707717
憀	liao	3143666236
憁	cong	3143624755
憁	song	3143583274
憃	chong	3143541793
憄	zhi	3143500312
憆	cheng	3143458831
憇	qi	3143417350
憈	qu	3143375869
憉	peng	3143334388
憌	qiong	3143292907
憏	chi	3143251426
憓	hui	3143209945
憕	cheng	3143168464
憕	deng	3143126983
憕	zheng	3143085502
憗	yin	3143044021
憘	xi	3143002540
憙	xi	3142961059
憛	tan	3142919578
憜	duo	3142878097
憞	dui	3142836616
憞	dun	3142795135
憞	tun	3142753654
憟	su	3142712173
憠	jue	3142670692
憡	ce	3142629211
憣	fan	3142587730
憥	lao	3142546249
憭	liao	3142504768
憯	can	3142463287
憰	jue	3142421806
憱	cu	3142380325
憳	tan	3142338844
憵	pi	3142297363
憺	dan	3142255882
憻	tan	3142214401
憼	jing	3142172920
憽	song	3142131439
憿	ji	3142089958
憿	jiao	3142048477
懁	huan	3142006996
懁	xuan	3141965515
懃	qin	3141924034
懄	qin	3141882553
懅	ju	3141841072
懅	qu	3141799591
懆	cao	3141758110
懎	se	3141716629
懏	jun	3141675148
懐	huai	3141633667
懖	kuo	3141592186
懗	xia	3141550705
懚	yin	3141509224
懛	dai	3141467743
懝	ai	3141426262
懝	ni	3141384781
懡	mo	3141343300
懢	lan	3141301819
懢	xian	3141260338
懥	zhi	3141218857
懪	bo	3141177376
懬	kuang	3141135895
懮	you	3141094414
懯	fu	3141052933
懱	mie	3141011452
懳	hui	3140969971
懴	chan	3140928490
懹	rang	3140887009
懻	ji	3140845528
懽	huan	3140804047
戂	mi	3140762566
戂	mo	3140721085
戄	jue	3140679604
戅	gang	3140638123
戉	yue	3140596642
戓	ge	3140555161
戙	dong	3140513680
戜	die	3140472199
戝	zei	3140430718
戞	jia	3140389237
戣	kui	3140347756
戦	zhan	3140306275
戨	ge	3140264794
戫	yu	3140223313
戭	yan	3140181832
戵	qu	3140140351
戸	hu	3140098870
戹	e	3140057389
戺	shi	3140015908
戻	li	3139974427
戻	ti	3139932946
戼	mao	3139891465
扂	dian	3139849984
扄	jiong	3139808503
扄	shang	3139767022
扅	yi	3139725541
扆	yi	3139684060
扊	yan	3139642579
扏	qiu	3139601098
扐	le	3139559617
払	fan	3139518136
払	fu	3139476655
扖	ru	3139435174
扗	zai	3139393693
扙	zhang	3139352212
扚	di	3139310731
扚	diao	3139269250
扚	li	3139227769
扚	yue	3139186288
扜	wu	3139144807
扜	yu	3139103326
扝	ku	3139061845
扝	wu	3139020364
扞	han	3138978883
扟	shen	3138937402
扠	cha	3138895921
扡	chi	3138854440
扡	tuo	3138812959
扢	gu	3138771478
扢	xi	3138729997
扤	wu	3138688516
扥	den	3138647035
扨	ren	3138605554
扱	xi	3138564073
扲	qian	3138522592
扲	qin	3138481111
扴	jia	3138439630
扵	yu	3138398149
扷	ao	3138356668
扸	xi	3138315187
扸	zhe	3138273706
扺	qi	3138232225
扺	zhi	3138190744
扻	zhi	3138149263
扻	zi	3138107782
扽	den	3138066301
扽	dun	3138024820
抁	yan	3137983339
抂	kuang	3137941858
抂	wang	3137900377
抃	bian	3137858896
抅	ju	3137817415
抆	wen	3137775934
抇	hu	3137734453
抈	yue	3137692972
抋	qin	3137651491
抌	dan	3137610010
抌	zhen	3137568529
抍	zheng	3137527048
抎	yun	3137485567
抏	wan	3137444086
抐	na	3137402605
抐	ne	3137361124
抐	ni	3137319643
抐	rui	3137278162
抔	pou	3137236681
抙	pou	3137195200
抜	ba	3137153719
抝	ao	3137112238
択	ze	3137070757
抣	yun	3137029276
抦	bing	3136987795
抧	zhai	3136946314
抧	zhi	3136904833
抩	nan	3136863352
抩	tan	3136821871
抪	ba	3136780390
抪	bu	3136738909
抪	pu	3136697428
抭	tao	3136655947
抭	yao	3136614466
抮	zhen	3136572985
抯	zha	3136531504
抰	yang	3136490023
抲	he	3136448542
抲	qia	3136407061
抳	ni	3136365580
抴	she	3136324099
抴	ye	3136282618
抶	chi	3136241137
抷	pei	3136199656
抷	pi	3136158175
抸	jia	3136116694
抺	mei	3136075213
抾	qu	3136033732
拀	chu	3135992251
拁	jia	3135950770
拁	ya	3135909289
拃	zha	3135867808
拃	zhan	3135826327
拏	na	3135784846
拑	qian	3135743365
拕	tuo	3135701884
拝	bai	3135660403
拞	di	3135618922
拠	ju	3135577441
拡	kuo	3135535960
拤	qia	3135494479
拪	qian	3135452998
拫	hen	3135411517
拰	nin	3135370036
拲	gong	3135328555
拵	cun	3135287074
拵	zun	3135245593
拸	chi	3135204112
拸	hai	3135162631
拸	yi	3135121150
拹	xie	3135079669
拺	ce	3135038188
拺	chuo	3134996707
拺	se	3134955226
拻	hui	3134913745
挀	bai	3134872264
挃	die	3134830783
挃	zhi	3134789302
挄	guang	3134747821
挄	kuo	3134706340
挅	duo	3134664859
挆	duo	3134623378
挊	nong	3134581897
挋	zhen	3134540416
挌	ge	3134498935
挍	jiao	3134457454
挏	dong	3134415973
挐	na	3134374492
挒	lie	3134333011
挓	zha	3134291530
挔	lv	3134250049
挕	die	3134208568
挕	she	3134167087
挗	jue	3134125606
挘	lie	3134084125
挧	yu	3134042644
挬	bo	3134001163
挭	geng	3133959682
挮	ti	3133918201
挰	cheng	3133876720
挱	sa	3133835239
挳	keng	3133793758
挴	mei	3133752277
挵	long	3133710796
挵	nong	3133669315
挶	ju	3133627834
挷	peng	3133586353
挸	jian	3133544872
挻	shan	3133503391
挻	yan	3133461910
挼	luo	3133420429
挼	rua	3133378948
挼	ruo	3133337467
挼	sui	3133295986
挿	cha	3133254505
捀	feng	3133213024
捁	jiao	3133171543
捁	ku	3133130062
捄	jiu	3133088581
捇	chi	3133047100
捇	huo	3133005619
捈	cha	3132964138
捈	shu	3132922657
捈	tu	3132881176
捊	fu	3132839695
捊	pou	3132798214
捑	ze	3132756733
捒	shu	3132715252
捒	song	3132673771
捒	sou	3132632290
捓	ye	3132590809
捓	yu	3132549328
捔	jue	3132507847
捔	zhuo	3132466366
捖	gua	3132424885
捖	wan	3132383404
捗	bu	3132341923
捘	zun	3132300442
捙	ye	3132258961
捙	yi	3132217480
捚	zhai	3132175999
捛	lv	3132134518
捜	sou	3132093037
捝	shui	3132051556
捝	tuo	3132010075
捝	yan	3131968594
捠	bang	3131927113
捤	wei	3131885632
捥	wan	3131844151
捦	qin	3131802670
捪	min	3131761189
捬	bu	3131719708
捬	fu	3131678227
捯	dao	3131636746
捰	luo	3131595265
捰	wo	3131553784
捳	yue	3131512303
捴	zong	3131470822
捵	chen	3131429341
捵	nian	3131387860
捵	tian	3131346379
捸	tu	3131304898
捹	ben	3131263417
捼	nuo	3131221936
捼	ruo	3131180455
捽	zu	3131138974
捽	zuo	3131097493
捾	wo	3131056012
捾	xia	3131014531
捿	qi	3130973050
捿	xi	3130931569
掅	qing	3130890088
掋	di	3130848607
掍	hun	3130807126
掑	qi	3130765645
掓	shu	3130724164
掔	qian	3130682683
掕	ling	3130641202
掜	nai	3130599721
掜	ni	3130558240
掜	nie	3130516759
掜	yi	3130475278
掝	huo	3130433797
掝	xu	3130392316
掞	shan	3130350835
掞	yan	3130309354
掟	ding	3130267873
掟	zheng	3130226392
掤	bing	3130184911
掦	ti	3130143430
掫	zhou	3130101949
掫	zou	3130060468
掯	ken	3130018987
掱	pa	3129977506
掱	shou	3129936025
掲	jie	3129894544
掵	ming	3129853063
掶	jie	3129811582
掹	meng	3129770101
掻	sao	3129728620
掽	peng	3129687139
掿	nuo	3129645658
揁	keng	3129604177
揁	zheng	3129562696
揂	jiu	3129521215
揂	you	3129479734
揃	jian	3129438253
揅	yan	3129396772
揇	nan	3129355291
揈	hong	3129313810
揈	ju	3129272329
揈	xuan	3129230848
揊	che	3129189367
揊	pi	3129147886
揋	wei	3129106405
揌	sai	3129064924
揑	nie	3129023443
揓	shi	3128981962
揔	song	3128940481
揔	zong	3128899000
揕	zhen	3128857519
揗	shun	3128816038
揗	xun	3128774557
揘	huang	3128733076
揘	yong	3128691595
揙	bian	3128650114
揜	yan	3128608633
揝	zan	3128567152
揝	zuan	3128525671
揟	ju	3128484190
揟	xu	3128442709
揢	ke	3128401228
揢	qia	3128359747
揤	ji	3128318266
揥	ti	3128276785
揦	la	3128235304
揧	la	3128193823
揨	chen	3128152342
揫	jiu	3128110861
揬	tu	3128069380
揯	gen	3128027899
揰	chong	3127986418
揱	shuo	3127944937
揱	xian	3127903456
揱	xiao	3127861975
揳	jia	3127820494
揳	xie	3127779013
揵	qian	3127737532
揷	cha	3127696051
揹	bei	3127654570
揺	yao	3127613089
揻	wei	3127571608
揼	beng	3127530127
搃	zong	3127488646
搄	gen	3127447165
搄	geng	3127405684
搆	gou	3127364203
搇	qin	3127322722
搈	rong	3127281241
搉	que	3127239760
搑	nang	3127198279
搑	rong	3127156798
搒	bang	3127115317
搒	beng	3127073836
搒	peng	3127032355
搕	ke	3126990874
搘	zhi	3126949393
搙	nou	3126907912
搙	nu	3126866431
搙	nuo	3126824950
搚	la	3126783469
搚	xian	3126741988
搚	xie	3126700507
搝	qiu	3126659026
搟	xian	3126617545
搢	jin	3126576064
搣	mie	3126534583
搤	e	3126493102
搥	chui	3126451621
搧	shan	3126410140
搨	ta	3126368659
搩	jie	3126327178
搩	zha	3126285697
搫	ban	3126244216
搫	pan	3126202735
搫	po	3126161254
搮	li	3126119773
搯	tao	3126078292
搰	hu	3126036811
搱	nai	3125995330
搱	zhi	3125953849
搲	wa	3125912368
搳	hua	3125870887
搳	qia	3125829406
搳	xia	3125787925
搷	chen	3125746444
搷	tian	3125704963
搸	zhen	3125663482
搹	e	3125622001
搻	nuo	3125580520
搼	quan	3125539039
搾	zha	3125497558
摂	she	3125456077
摉	sou	3125414596
摌	chan	3125373115
摌	sun	3125331634
摍	suo	3125290153
摎	jiu	3125248672
摎	liao	3125207191
摏	chong	3125165710
摓	feng	3125124229
摖	cha	3125082748
摖	qi	3125041267
摗	song	3124999786
摗	sou	3124958305
摚	cheng	3124916824
摛	chi	3124875343
摝	lu	3124833862
摠	zong	3124792381
摡	gai	3124750900
摡	xi	3124709419
摢	chu	3124667938
摢	hu	3124626457
摣	zha	3124584976
摣	zhua	3124543495
摤	chuang	3124502014
摥	tang	3124460533
摦	hua	3124419052
摨	nai	3124377571
摨	zhi	3124336090
摬	ying	3124294609
摮	ao	3124253128
摰	nie	3124211647
摱	man	3124170166
摴	chu	3124128685
摴	shu	3124087204
摵	mi	3124045723
摵	she	3124004242
摵	su	3123962761
摷	jiao	3123921280
摽	biao	3123879799
摽	piao	3123838318
摾	jiang	3123796837
摿	yao	3123755356
摿	yin	3123713875
撀	gou	3123672394
撁	qian	3123630913
撃	ji	3123589432
撆	pie	3123547951
撉	dun	3123506470
撍	qian	3123464989
撍	zan	3123423508
撍	zen	3123382027
撎	yi	3123340546
撔	hong	3123299065
撗	guang	3123257584
撘	da	3123216103
撚	nian	3123174622
撛	lin	3123133141
撜	cheng	3123091660
撜	zheng	3123050179
撠	ji	3123008698
撡	cao	3122967217
撢	dan	3122925736
撦	che	3122884255
撨	fu	3122842774
撨	sou	3122801293
撨	xiao	3122759812
撪	ben	3122718331
撯	zhuo	3122676850
撱	tuo	3122635369
撱	wei	3122593888
撴	dun	3122552407
撹	jiao	3122510926
撽	ji	3122469445
撽	qiao	3122427964
撽	yao	3122386483
擆	zhuo	3122345002
擉	chuo	3122303521
擌	se	3122262040
擏	jing	3122220559
擏	qing	3122179078
擑	jie	3122137597
擕	xi	3122096116
擕	xie	3122054635
擖	ge	3122013154
擖	ka	3121971673
擙	ao	3121930192
擛	ye	3121888711
擝	meng	3121847230
擡	tai	3121805749
擨	ye	3121764268
擩	ru	3121722787
擭	huo	3121681306
擭	wo	3121639825
擮	ji	3121598344
擮	jie	3121556863
擵	mo	3121515382
擶	jian	3121473901
擸	lie	3121432420
擹	tan	3121390939
擿	ti	3121349458
擿	zhi	3121307977
攁	yang	3121266496
攂	lei	3121225015
攃	ca	3121183534
攃	sa	3121142053
攅	zan	3121100572
攇	xian	3121059091
攈	jun	3121017610
攈	pei	3120976129
攊	li	3120934648
攌	huan	3120893167
攍	ying	3120851686
攐	qian	3120810205
攓	qian	3120768724
攕	jian	3120727243
攕	xian	3120685762
攗	mei	3120644281
攚	weng	3120602800
攟	jun	3120561319
攠	mi	3120519838
攠	mo	3120478357
攡	chi	3120436876
攡	li	3120395395
攨	wa	3120353914
攭	li	3120312433
攭	luo	3120270952
攰	gui	3120229471
攱	gui	3120187990
攲	qi	3120146509
攷	kao	3120105028
攺	yi	3120063547
攼	gan	3120022066
攼	han	3119980585
攽	ban	3119939104
敀	po	3119897623
敁	dian	3119856142
敂	kou	3119814661
敃	min	3119773180
敄	mou	3119731699
敄	wu	3119690218
敆	he	3119648737
敇	ce	3119607256
敇	chi	3119565775
敊	chu	3119524294
敊	shou	3119482813
敋	ge	3119441332
敍	xu	3119399851
敎	jiao	3119358370
敐	chen	3119316889
敒	shen	3119275408
敓	duo	3119233927
敔	yu	3119192446
敚	duo	3119150965
敜	nie	3119109484
敟	dian	3119068003
敠	duo	3119026522
敠	que	3118985041
敡	yi	3118943560
敤	ke	3118902079
敥	jiao	3118860598
敥	yan	3118819117
敧	ji	3118777636
敧	qi	3118736155
敨	tou	3118694674
敪	duo	3118653193
敭	yang	3118611712
敮	xia	3118570231
敯	min	3118528750
敱	ai	3118487269
敶	zhen	3118445788
敹	liao	3118404307
敻	xiong	3118362826
敼	yi	3118321345
敽	jiao	3118279864
敾	shan	3118238383
斀	zhu	3118196902
斀	zhuo	3118155421
斈	xue	3118113940
斉	qi	3118072459
斊	qi	3118030978
斍	jue	3117989497
斎	zhai	3117948016
斏	lang	3117906535
斒	ban	3117865054
斔	yu	3117823573
斖	wei	3117782092
斘	sheng	3117740611
斚	jia	3117699130
斝	jia	3117657649
斞	yu	3117616168
斠	jiao	3117574687
斢	tiao	3117533206
斢	tou	3117491725
斣	dou	3117450244
斦	yin	3117408763
斦	zhi	3117367282
斨	qiang	3117325801
斪	qu	3117284320
斮	cuo	3117242839
斮	zhuo	3117201358
斱	zhuo	3117159877
斲	zhuo	3117118396
斳	jin	3117076915
斳	qin	3117035434
斴	lin	3116993953
斵	zhuo	3116952472
斶	chu	3116910991
斺	chan	3116869510
斺	jie	3116828029
斻	hang	3116786548
斾	pei	3116745067
斿	you	3116703586
旀	mei	3116662105
旀	mie	3116620624
旂	qi	3116579143
旇	bi	3116537662
旇	pi	3116496181
旈	liu	3116454700
旉	fu	3116413219
旊	fang	3116371738
旍	jing	3116330257
旐	zhao	3116288776
旑	yi	3116247295
旓	shao	3116205814
旔	jian	3116164333
旕	yu	3116122852
旘	zhi	3116081371
旙	fan	3116039890
旚	piao	3115998409
旛	fan	3115956928
旜	zhan	3115915447
旞	sui	3115873966
旡	ji	3115832485
旣	ji	3115791004
旤	huo	3115749523
旪	xie	3115708042
旫	tiao	3115666561
旲	tai	3115625080
旲	ying	3115583599
旳	di	3115542118
旴	xu	3115500637
旵	chan	3115459156
旹	shi	3115417675
旻	min	3115376194
旼	min	3115334713
旽	tun	3115293232
旾	chun	3115251751
旿	wu	3115210270
昁	bei	3115168789
昄	ban	3115127308
昅	jie	3115085827
昇	sheng	3115044346
昈	hu	3115002865
昉	fang	3114961384
昋	gui	3114919903
昋	jiong	3114878422
昍	xuan	3114836941
昐	fen	3114795460
昑	qin	3114753979
昒	hu	3114712498
昖	yan	3114671017
昗	ze	3114629536
昘	fang	3114588055
昚	shen	3114546574
昛	ju	3114505093
昞	bing	3114463612
昡	xuan	3114422131
昢	pei	3114380650
昢	po	3114339169
昣	zhen	3114297688
昤	ling	3114256207
昦	hao	3114214726
昩	mo	3114173245
昪	bian	3114131764
昫	xu	3114090283
昬	hun	3114048802
昮	zong	3114007321
昰	shi	3113965840
昲	fei	3113924359
昳	die	3113882878
昷	wen	3113841397
昸	dong	3113799916
昹	ai	3113758435
昺	bing	3113716954
昻	ang	3113675473
昿	kuang	3113633992
晀	tiao	3113592511
晄	huang	3113551030
晅	xuan	3113509549
晆	kui	3113468068
晇	kua	3113426587
晇	xu	3113385106
晈	jiao	3113343625
晊	zhi	3113302144
晍	tong	3113260663
晎	hong	3113219182
晐	gai	3113177701
晑	xiang	3113136220
晘	han	3113094739
晙	jun	3113053258
晜	kun	3113011777
晞	xi	3112970296
晠	sheng	3112928815
晢	zhe	3112887334
晣	zhe	3112845853
晥	han	3112804372
晥	wan	3112762891
晧	hao	3112721410
晩	wan	3112679929
晪	tian	3112638448
晫	zhuo	3112596967
晬	zui	3112555486
晭	zhou	3112514005
晱	shan	3112472524
晲	ni	3112431043
晳	xi	3112389562
晵	du	3112348081
晵	qi	3112306600
晸	zheng	3112265119
晹	yi	3112223638
晻	an	3112182157
晻	yan	3112140676
晼	wan	3112099195
晽	lin	3112057714
晿	chang	3112016233
暀	wang	3111974752
暁	xiao	3111933271
暃	fei	3111891790
暅	geng	3111850309
暅	xuan	3111808828
暆	yi	3111767347
暋	min	3111725866
暍	he	3111684385
暍	ye	3111642904
暎	ying	3111601423
暏	du	3111559942
暏	shu	3111518461
暒	qing	3111476980
暓	mao	3111435499
暔	nan	3111394018
暕	jian	3111352537
暙	chun	3111311056
暚	yao	3111269575
暛	suo	3111228094
暜	jin	3111186613
暜	pu	3111145132
暞	jiao	3111103651
暠	gao	3111062170
暡	weng	3111020689
暣	qi	3110979208
暤	hao	3110937727
暥	yan	3110896246
暦	li	3110854765
暩	ji	3110813284
暪	men	3110771803
暬	xie	3110730322
暭	hao	3110688841
暯	mo	3110647360
暰	cong	3110605879
暱	ni	3110564398
暲	zhang	3110522917
暳	hui	3110481436
暵	han	3110439955
暶	xuan	3110398474
暷	chuan	3110356993
暸	liao	3110315512
暺	dan	3110274031
暺	tan	3110232550
暻	jing	3110191069
暼	pie	3110149588
暽	lin	3110108107
暿	xi	3110066626
曀	yi	3110025145
曁	ji	3109983664
曂	huang	3109942183
曃	dai	3109900702
曅	ye	3109859221
曈	tong	3109817740
曋	shen	3109776259
曌	zhao	3109734778
曍	hao	3109693297
曎	yi	3109651816
曐	xing	3109610335
曑	shen	3109568854
曒	jiao	3109527373
曓	bao	3109485892
曔	jing	3109444411
曕	yan	3109402930
曗	ye	3109361449
曘	ru	3109319968
曚	meng	3109278487
曞	li	3109237006
曟	chen	3109195525
曡	die	3109154044
曢	liao	3109112563
曣	yan	3109071082
曤	huo	3109029601
曧	rong	3108988120
曪	luo	3108946639
曫	luan	3108905158
曯	zhu	3108863677
曱	ya	3108822196
曱	yue	3108780715
曵	ye	3108739234
曶	hu	3108697753
曺	cao	3108656272
曻	sheng	3108614791
曽	ceng	3108573310
朁	can	3108531829
朂	xu	3108490348
朄	yin	3108448867
朅	qie	3108407386
朆	fen	3108365905
朇	pi	3108324424
朌	ban	3108282943
朌	fen	3108241462
朎	ling	3108199981
朏	fei	3108158500
朑	ti	3108117019
朒	nv	3108075538
朓	tiao	3108034057
朖	lang	3107992576
朘	juan	3107951095
朘	zui	3107909614
朙	ming	3107868133
朚	huang	3107826652
朚	mang	3107785171
朚	meng	3107743690
朚	wang	3107702209
朜	tun	3107660728
朞	ji	3107619247
朞	qi	3107577766
朠	ying	3107536285
朡	zong	3107494804
朢	wang	3107453323
朣	tong	3107411842
朤	lang	3107370361
朩	deng	3107328880
朩	pin	3107287399
朮	zhu	3107245918
朰	mu	3107204437
朲	ren	3107162956
朳	ba	3107121475
朶	duo	3107079994
朷	dao	3107038513
朷	mu	3106997032
朷	tiao	3106955551
朸	li	3106914070
朹	gui	3106872589
朹	qiu	3106831108
朻	jiu	3106789627
朼	bi	3106748146
朾	cheng	3106706665
朾	ting	3106665184
朿	ci	3106623703
杁	ru	3106582222
杄	qian	3106540741
杅	yu	3106499260
杇	wu	3106457779
杊	xun	3106416298
杋	fan	3106374817
杍	zi	3106333336
杒	er	3106291855
杒	ren	3106250374
杔	tuo	3106208893
杔	zhe	3106167412
杕	di	3106125931
杗	mang	3106084450
杘	chi	3106042969
杙	yi	3106001488
杚	gai	3105960007
杚	ge	3105918526
杛	gong	3105877045
杝	li	3105835564
杝	yi	3105794083
杢	jie	3105752602
杣	mian	3105711121
杣	shan	3105669640
杤	wan	3105628159
杦	jiu	3105586678
杧	mang	3105545197
杫	si	3105503716
杫	xi	3105462235
杫	zhi	3105420754
杬	yuan	3105379273
杮	bei	3105337792
杮	fei	3105296311
杴	xian	3105254830
杶	chun	3105213349
杸	shu	3105171868
杹	hua	3105130387
杺	xin	3105088906
杻	chou	3105047425
杻	niu	3105005944
杽	chou	3104964463
枀	song	3104922982
枂	wo	3104881501
枂	yue	3104840020
枃	jin	3104798539
枅	ji	3104757058
枆	mao	3104715577
枈	bi	3104674096
枈	pi	3104632615
枊	ang	3104591134
枌	fen	3104549653
枍	yi	3104508172
枎	fu	3104466691
枏	nan	3104425210
枑	hu	3104383729
枒	ya	3104342248
枓	dou	3104300767
枔	xin	3104259286
枖	yao	3104217805
枙	e	3104176324
枛	zhao	3104134843
枟	yun	3104093362
枠	hua	3104051881
枡	dou	3104010400
枡	sheng	3103968919
枤	di	3103927438
枤	duo	3103885957
枦	lu	3103844476
枩	song	3103802995
枬	nan	3103761514
枬	zhan	3103720033
枮	xian	3103678552
枮	zhen	3103637071
枱	ci	3103595590
枱	si	3103554109
枱	tai	3103512628
枲	xi	3103471147
枴	guai	3103429666
枹	bao	3103388185
枹	fu	3103346704
枺	mo	3103305223
枻	yi	3103263742
枼	ye	3103222261
枽	ye	3103180780
枾	shi	3103139299
枿	nie	3103097818
柀	bi	3103056337
柂	yi	3103014856
柅	ni	3102973375
柆	la	3102931894
柇	he	3102890413
柈	ban	3102848932
柈	pan	3102807451
柉	fan	3102765970
柊	zhong	3102724489
柋	dai	3102683008
柌	ci	3102641527
柍	yang	3102600046
柍	ying	3102558565
柎	fu	3102517084
柕	mao	3102475603
柖	shao	3102434122
柗	song	3102392641
柛	shen	3102351160
柟	nan	3102309679
柡	yong	3102268198
柣	zhi	3102226717
柤	zha	3102185236
柦	dan	3102143755
柧	gu	3102102274
柨	bu	3102060793
柨	pu	3102019312
柪	ao	3101977831
柫	fu	3101936350
柭	ba	3101894869
柭	bie	3101853388
柭	bo	3101811907
柭	fu	3101770426
柭	pei	3101728945
柮	duo	3101687464
柲	bi	3101645983
柶	si	3101604502
柷	zhu	3101563021
柸	pei	3101521540
柹	fei	3101480059
柹	shi	3101438578
柺	guai	3101397097
査	cha	3101355616
査	zha	3101314135
柼	yao	3101272654
柾	jiu	3101231173
栁	liu	3101189692
栂	mei	3101148211
栃	li	3101106730
栄	rong	3101065249
栆	zao	3101023768
栍	sheng	3100982287
栐	yong	3100940806
栒	xun	3100899325
栔	qi	3100857844
栕	zhen	3100816363
栘	yi	3100774882
栙	xiang	3100733401
栚	zhen	3100691920
栛	li	3100650439
栜	ci	3100608958
栜	se	3100567477
栞	kan	3100525996
栟	ben	3100484515
栟	bing	3100443034
栠	ren	3100401553
栢	bai	3100360072
栣	ren	3100318591
栤	bing	3100277110
栥	zi	3100235629
栦	chou	3100194148
栧	yi	3100152667
栨	ci	3100111186
栫	jian	3100069705
栬	zui	3100028224
栭	er	3099986743
栮	er	3099945262
栯	you	3099903781
栯	yu	3099862300
栰	fa	3099820819
栱	gong	3099779338
栴	zhan	3099737857
栵	li	3099696376
栵	lie	3099654895
栶	yin	3099613414
栺	yi	3099571933
栺	zhi	3099530452
栻	shi	3099488971
栿	fu	3099447490
桇	ru	3099406009
桋	yi	3099364528
桍	ku	3099323047
桏	qiong	3099281566
桒	sang	3099240085
桖	xue	3099198604
桗	duo	3099157123
桘	zhui	3099115642
桙	mou	3099074161
桙	yu	3099032680
桚	zan	3098991199
桜	ying	3098949718
桝	jie	3098908237
桞	liu	3098866756
桟	zhan	3098825275
桬	sha	3098783794
桭	zhen	3098742313
桮	bei	3098700832
桯	ting	3098659351
桰	kuo	3098617870
桲	bo	3098576389
桳	ben	3098534908
桵	rui	3098493427
桸	xi	3098451946
桹	lang	3098410465
桺	liu	3098368984
桻	feng	3098327503
桼	qi	3098286022
桽	wen	3098244541
桾	jun	3098203060
梀	su	3098161579
梀	yin	3098120098
梂	qiu	3098078617
梄	you	3098037136
梇	long	3097995655
梈	peng	3097954174
梉	zhuang	3097912693
梊	di	3097871212
梋	juan	3097829731
梋	xie	3097788250
梋	xuan	3097746769
梌	cha	3097705288
梌	tu	3097663807
梍	zao	3097622326
梎	ao	3097580845
梎	you	3097539364
梐	bi	3097497883
梑	di	3097456402
梒	han	3097414921
梕	ren	3097373440
梙	huan	3097331959
梚	wan	3097290478
梛	nuo	3097248997
梞	ji	3097207516
梠	lv	3097166035
梡	hun	3097124554
梡	kuan	3097083073
梣	cen	3097041592
梣	chen	3097000111
梤	fen	3096958630
梥	song	3096917149
梩	li	3096875668
梪	dou	3096834187
梫	qin	3096792706
梬	ying	3096751225
梮	ju	3096709744
梱	kun	3096668263
梴	chan	3096626782
梶	wei	3096585301
梷	jing	3096543820
梸	li	3096502339
梹	bin	3096460858
梹	bing	3096419377
梺	xia	3096377896
梻	fo	3096336415
梽	zhi	3096294934
棃	li	3096253453
棅	bing	3096211972
棇	cong	3096170491
棇	song	3096129010
棈	qian	3096087529
棊	qi	3096046048
棌	cai	3096004567
棎	chan	3095963086
棏	de	3095921605
棏	zhe	3095880124
棐	fei	3095838643
棑	pai	3095797162
棓	bang	3095755681
棓	bei	3095714200
棓	pei	3095672719
棓	pou	3095631238
棔	hun	3095589757
棙	li	3095548276
棙	lie	3095506795
棛	yu	3095465314
棜	yu	3095423833
棝	gu	3095382352
棞	jun	3095340871
棢	wang	3095299390
棤	cuo	3095257909
棥	fan	3095216428
棦	cheng	3095174947
棨	qi	3095133466
棩	yuan	3095091985
棪	yan	3095050504
棫	yu	3095009023
棬	quan	3094967542
棭	yi	3094926061
棯	ren	3094884580
棳	zhuo	3094843099
棴	fu	3094801618
棴	su	3094760137
棷	sou	3094718656
棷	zou	3094677175
棸	zou	3094635694
棻	fen	3094594213
棽	chen	3094552732
棽	shen	3094511251
棾	qing	3094469770
棿	ni	3094428289
棿	nie	3094386808
椀	wan	3094345327
椂	lu	3094303846
椃	hao	3094262365
椄	jie	3094220884
椆	chou	3094179403
椇	ju	3094137922
椈	ju	3094096441
椉	cheng	3094054960
椊	zuo	3094013479
椌	qiang	3093971998
椑	bei	3093930517
椓	zhuo	3093889036
椔	zi	3093847555
椕	bin	3093806074
椖	peng	3093764593
椗	ding	3093723112
椘	chu	3093681631
椙	chang	3093640150
椛	hua	3093598669
検	jian	3093557188
椞	xi	3093515707
椡	dao	3093474226
椣	dian	3093432745
椥	zhi	3093391264
椦	juan	3093349783
椦	quan	3093308302
椧	ming	3093266821
椨	fu	3093225340
椩	geng	3093183859
椪	peng	3093142378
椬	yi	3093100897
椯	chuan	3093059416
椯	duo	3093017935
椱	fu	3092976454
椳	wei	3092934973
椵	jia	3092893492
椶	zong	3092852011
椷	jian	3092810530
椸	yi	3092769049
椺	xi	3092727568
椻	ya	3092686087
椻	yan	3092644606
椼	yan	3092603125
椾	jian	3092561644
椾	zhan	3092520163
楀	yu	3092478682
楁	he	3092437201
楃	wo	3092395720
楄	pian	3092354239
楅	bi	3092312758
楆	yao	3092271277
楈	xu	3092229796
楉	ruo	3092188315
楋	la	3092146834
楌	yan	3092105353
楍	ben	3092063872
楏	kui	3092022391
楐	jie	3091980910
楑	kui	3091939429
楒	si	3091897948
楕	tuo	3091856467
楖	ji	3091814986
楖	zhi	3091773505
楘	mu	3091732024
楙	mao	3091690543
楛	hu	3091649062
楛	ku	3091607581
楜	hu	3091566100
楟	ting	3091524619
楡	yu	3091483138
楢	you	3091441657
楤	cong	3091400176
楤	song	3091358695
楥	xuan	3091317214
楧	yang	3091275733
楩	pian	3091234252
楪	die	3091192771
楬	jie	3091151290
楯	dun	3091109809
楯	shun	3091068328
楰	yu	3091026847
楲	wei	3090985366
楳	mei	3090943885
楴	di	3090902404
楴	shi	3090860923
楴	ti	3090819442
楶	jie	3090777961
楺	rou	3090736480
楻	huang	3090694999
楽	le	3090653518
楽	yue	3090612037
楾	quan	3090570556
楿	xiang	3090529075
榁	shi	3090487594
榃	tan	3090446113
榅	wen	3090404632
榅	yun	3090363151
榊	shen	3090321670
榋	chu	3090280189
榌	bi	3090238708
榌	pi	3090197227
榎	jia	3090155746
榏	yi	3090114265
榐	chan	3090072784
榐	nian	3090031303
榐	zhan	3089989822
榐	zhen	3089948341
榑	bo	3089906860
榑	fu	3089865379
榒	nuo	3089823898
榓	mi	3089782417
榖	gu	3089740936
榗	jian	3089699455
榗	jin	3089657974
榙	ta	3089616493
榚	yao	3089575012
榞	yuan	3089533531
榟	zi	3089492050
榠	ming	3089450569
榡	su	3089409088
榢	jia	3089367607
榣	yao	3089326126
榤	jie	3089284645
榥	huang	3089243164
榦	gan	3089201683
榩	qian	3089160202
榬	yuan	3089118721
榰	zhi	3089077240
榳	ting	3089035759
榵	rong	3088994278
榶	tang	3088952797
榸	zhai	3088911316
榹	si	3088869835
榺	sheng	3088828354
榼	ke	3088786873
榽	xi	3088745392
榾	gu	3088703911
槀	gao	3088662430
槀	kao	3088620949
槂	sun	3088579468
槃	pan	3088537987
槄	tao	3088496506
槅	ge	3088455025
槆	chun	3088413544
槆	xun	3088372063
槇	dian	3088330582
槇	zhen	3088289101
槈	nou	3088247620
槉	ji	3088206139
槏	lian	3088164658
槏	qian	3088123177
槏	xian	3088081696
槑	mei	3088040215
槒	xu	3087998734
槓	gang	3087957253
槕	zhuo	3087915772
槖	tuo	3087874291
槗	qiao	3087832810
様	xiang	3087791329
様	yang	3087749848
槙	dian	3087708367
槜	zui	3087666886
槝	dao	3087625405
槞	long	3087583924
槡	sang	3087542443
槢	xi	3087500962
槣	gui	3087459481
槣	ji	3087418000
槥	hui	3087376519
槦	yong	3087335038
槩	gai	3087293557
槪	gai	3087252076
槬	hua	3087210595
槯	cui	3087169114
槯	zui	3087127633
槰	peng	3087086152
槱	you	3087044671
槴	hu	3087003190
槵	huan	3086961709
槷	nie	3086920228
槷	xie	3086878747
槷	yi	3086837266
槸	yi	3086795785
槹	gao	3086754304
槺	kang	3086712823
槾	man	3086671342
樀	di	3086629861
樀	zhe	3086588380
樀	zhi	3086546899
樃	lang	3086505418
樄	chen	3086463937
樆	chi	3086422456
樆	li	3086380975
樇	xiu	3086339494
樈	qing	3086298013
樉	shuang	3086256532
樋	tong	3086215051
樌	guan	3086173570
樍	ze	3086132089
樎	su	3086090608
樏	lei	3086049127
樐	lu	3086007646
樑	liang	3085966165
樒	mi	3085924684
樔	chao	3085883203
樔	jiao	3085841722
樕	su	3085800241
樖	ke	3085758760
樚	du	3085717279
樚	lu	3085675798
樛	jiu	3085634317
樜	zhe	3085592836
樝	zha	3085551355
樤	tiao	3085509874
樥	peng	3085468393
樦	zhu	3085426912
樧	sha	3085385431
権	quan	3085343950
樬	cong	3085302469
樭	ji	3085260988
樮	yan	3085219507
樰	xue	3085178026
樴	zhi	3085136545
樶	zui	3085095064
樷	cong	3085053583
樼	zhen	3085012102
橀	xi	3084970621
橁	chun	3084929140
橁	xun	3084887659
橂	dian	3084846178
橆	wu	3084804697
橉	lin	3084763216
橊	liu	3084721735
橌	xian	3084680254
橍	run	3084638773
橎	fan	3084597292
橏	jian	3084555811
橏	zhan	3084514330
橑	lao	3084472849
橑	liao	3084431368
橒	yun	3084389887
橓	shun	3084348406
橔	dun	3084306925
橔	tui	3084265444
橕	cheng	3084223963
橖	cheng	3084182482
橖	tang	3084141001
橗	meng	3084099520
橜	jue	3084058039
橝	dian	3084016558
橝	tan	3083975077
橝	xin	3083933596
橞	hui	3083892115
橠	nuo	3083850634
橣	ning	3083809153
橤	rui	3083767672
橦	chong	3083726191
橦	chuang	3083684710
橦	tong	3083643229
橦	zhong	3083601748
橧	zeng	3083560267
橩	qiong	3083518786
橪	ran	3083477305
橪	yan	3083435824
橬	qian	3083394343
橬	qin	3083352862
橭	gu	3083311381
橮	liu	3083269900
橰	gao	3083228419
橲	xi	3083186938
橳	sheng	3083145457
橴	zi	3083103976
橵	zan	3083062495
橶	ji	3083021014
橷	dou	3082979533
橸	jing	3082938052
橻	chu	3082896571
橻	cu	3082855090
橽	ta	3082813609
橾	qiao	3082772128
橾	shu	3082730647
橿	jiang	3082689166
檃	yin	3082647685
檅	hui	3082606204
檅	sui	3082564723
檆	shan	3082523242
檇	zui	3082481761
檈	xuan	3082440280
檊	gan	3082398799
檌	zui	3082357318
檍	yi	3082315837
檏	pu	3082274356
檓	hui	3082232875
檕	ji	3082191394
檖	sui	3082149913
檘	bo	3082108432
檘	ping	3082066951
檙	cheng	3082025470
檚	chu	3081983989
檝	ji	3081942508
檞	jie	3081901027
檞	xie	3081859546
檤	dao	3081818065
檦	biao	3081776584
檧	song	3081735103
檨	she	3081693622
檪	li	3081652141
檱	qi	3081610660
檴	huo	3081569179
檶	qian	3081527698
檷	mi	3081486217
檷	ni	3081444736
檹	yi	3081403255
檺	gao	3081361774
檼	yin	3081320293
檽	nou	3081278812
檽	ru	3081237331
檽	ruan	3081195850
櫀	qi	3081154369
櫁	mi	3081112888
櫂	zhao	3081071407
櫄	chun	3081029926
櫆	kui	3080988445
櫇	po	3080946964
櫈	deng	3080905483
櫉	chu	3080864002
櫊	ge	3080822521
櫋	mian	3080781040
櫌	you	3080739559
櫐	lei	3080698078
櫑	lei	3080656597
櫒	sa	3080615116
櫔	li	3080573635
櫕	cuan	3080532154
櫖	chu	3080490673
櫖	lv	3080449192
櫗	mei	3080407711
櫗	mie	3080366230
櫘	hui	3080324749
櫙	ou	3080283268
櫜	gao	3080241787
櫡	zhu	3080200306
櫡	zhuo	3080158825
櫣	lian	3080117344
櫤	jiang	3080075863
櫭	ji	3080034382
櫭	jie	3079992901
櫮	e	3079951420
櫰	gui	3079909939
櫰	huai	3079868458
櫲	yu	3079826977
櫵	qiao	3079785496
櫷	gui	3079744015
櫺	ling	3079702534
櫼	jian	3079661053
櫼	shan	3079619572
櫾	you	3079578091
櫿	ying	3079536610
欀	xiang	3079495129
欁	nong	3079453648
欂	bo	3079412167
欃	chan	3079370686
欅	ju	3079329205
欈	wei	3079287724
欈	zui	3079246243
欉	cong	3079204762
欋	qu	3079163281
欌	cang	3079121800
欎	yu	3079080319
欔	jue	3079038838
欕	yan	3078997357
欗	lan	3078955876
欙	lei	3078914395
欚	li	3078872914
欛	ba	3078831433
欜	nang	3078789952
欝	yu	3078748471
欟	guan	3078706990
欥	huan	3078665509
欥	yi	3078624028
欥	yu	3078582547
欦	han	3078541066
欦	qian	3078499585
欦	xian	3078458104
欨	xu	3078416623
欩	chao	3078375142
欪	chu	3078333661
欪	qu	3078292180
欪	xi	3078250699
欫	qi	3078209218
欬	kai	3078167737
欭	yi	3078126256
欭	yin	3078084775
欮	jue	3078043294
欯	kai	3078001813
欯	xi	3077960332
欰	xu	3077918851
欱	he	3077877370
欱	xia	3077835889
欳	kui	3077794408
欴	lang	3077752927
欵	kuan	3077711446
欶	shuo	3077669965
欸	ai	3077628484
欸	eh	3077587003
欸	ei	3077545522
欻	chua	3077504041
欻	hu	3077462560
欻	xu	3077421079
欼	chi	3077379598
欿	kan	3077338117
歀	kuan	3077296636
歁	kan	3077255155
歂	chuan	3077213674
歅	yin	3077172193
歈	yu	3077130712
歊	xiao	3077089231
歋	ye	3077047750
歎	tan	3077006269
歏	jin	3076964788
歏	qun	3076923307
歑	hu	3076881826
歒	ti	3076840345
歒	xiao	3076798864
歓	huan	3076757383
歔	xu	3076715902
歖	xi	3076674421
歖	yi	3076632940
歘	chua	3076591459
歚	shan	3076549978
歜	chu	3076508497
歝	yi	3076467016
歠	chuo	3076425535
歨	bu	3076384054
歩	bu	3076342573
歫	ju	3076301092
歬	qian	3076259611
歭	chi	3076218130
歭	zhi	3076176649
歮	se	3076135168
歯	chi	3076093687
歰	se	3076052206
歱	zhong	3076010725
歳	sui	3075969244
歴	li	3075927763
歵	cuo	3075886282
歵	ze	3075844801
歶	yu	3075803320
歺	dai	3075761839
歺	e	3075720358
歽	zhe	3075678877
歾	mo	3075637396
殀	yao	3075595915
殅	sheng	3075554434
殈	xu	3075512953
殌	jue	3075471472
殎	qia	3075429991
殏	qiu	3075388510
殐	su	3075347029
殑	qing	3075305548
殔	yi	3075264067
殕	bo	3075222586
殕	fou	3075181105
殕	ye	3075139624
殗	ye	3075098143
殙	hun	3075056662
殜	die	3075015181
殝	zhen	3074973700
殟	wa	3074932219
殟	wen	3074890738
殟	wu	3074849257
殠	chou	3074807776
殣	jin	3074766295
殥	yin	3074724814
殦	diao	3074683333
殧	jiu	3074641852
殩	cuan	3074600371
殬	du	3074558890
殭	jiang	3074517409
殱	jian	3074475928
殶	zhu	3074434447
殸	qing	3074392966
殹	yi	3074351485
殽	xiao	3074310004
殽	yao	3074268523
殾	xun	3074227042
毃	qiao	3074185561
毇	hui	3074144080
毈	duan	3074102599
毉	yi	3074061118
毌	guan	3074019637
毎	mei	3073978156
毐	ai	3073936675
毑	jie	3073895194
毘	pi	3073853713
毜	hao	3073812232
毝	cai	3073770751
毞	pi	3073729270
毟	lie	3073687789
毠	jia	3073646308
毢	sai	3073604827
毣	mao	3073563346
毣	mu	3073521865
毤	tuo	3073480384
毥	xun	3073438903
毦	er	3073397422
毧	rong	3073355941
毨	xian	3073314460
毩	ju	3073272979
毬	qiu	3073231498
毭	dou	3073190017
毭	nuo	3073148536
毮	sha	3073107055
毰	pei	3073065574
毱	ju	3073024093
毲	duo	3072982612
毴	bi	3072941131
毶	san	3072899650
毷	mao	3072858169
毸	sai	3072816688
毸	sui	3072775207
毺	shu	3072733726
毺	yu	3072692245
毻	tuo	3072650764
毼	da	3072609283
毼	he	3072567802
毼	ke	3072526321
毾	ta	3072484840
氁	mu	3072443359
氃	tong	3072401878
氄	rong	3072360397
氉	sao	3072318916
氊	zhan	3072277435
氋	meng	3072235954
氎	die	3072194473
氒	jue	3072152992
気	qi	3072111511
氜	ri	3072070030
氜	yang	3072028549
氝	nei	3071987068
氞	nei	3071945587
氠	shen	3071904106
氥	xi	3071862625
氱	yang	3071821144
氶	cheng	3071779663
氶	zheng	3071738182
氷	bing	3071696701
氹	dang	3071655220
氺	shui	3071613739
氻	le	3071572258
氼	mei	3071530777
氼	ni	3071489296
氾	fan	3071447815
氿	gui	3071406334
氿	jiu	3071364853
汃	bin	3071323372
汃	pa	3071281891
汄	ze	3071240410
汅	mian	3071198929
汈	diao	3071157448
汋	zhuo	3071115967
汌	chuan	3071074486
汍	wan	3071033005
汎	fan	3070991524
汏	da	3070950043
汏	tai	3070908562
汑	tuo	3070867081
汒	mang	3070825600
汓	qiu	3070784119
汓	you	3070742638
汖	chi	3070701157
汖	pin	3070659676
汘	qian	3070618195
汙	wu	3070576714
汚	wu	3070535233
汢	tu	3070493752
汣	jiu	3070452271
汥	ji	3070410790
汥	zhi	3070369309
汦	zhi	3070327828
汧	qian	3070286347
汫	jing	3070244866
汬	jing	3070203385
汭	rui	3070161904
汮	jun	3070120423
汯	hong	3070078942
汱	fu	3070037461
汱	quan	3069995980
汳	bian	3069954499
汵	cen	3069913018
汵	gan	3069871537
汵	han	3069830056
汷	zhong	3069788575
汸	fang	3069747094
汸	pang	3069705613
汻	hu	3069664132
汻	huang	3069622651
汼	niu	3069581170
汼	you	3069539689
汿	xu	3069498208
沀	xu	3069456727
沇	yan	3069415246
沊	dan	3069373765
沋	you	3069332284
沍	hu	3069290803
沎	huo	3069249322
沑	niu	3069207841
沑	nv	3069166360
沕	mi	3069124879
沕	wu	3069083398
沗	pang	3069041917
沗	tian	3069000436
沘	bi	3068958955
沚	zhi	3068917474
沜	pan	3068875993
沝	zhui	3068834512
沝	zi	3068793031
沞	za	3068751550
沠	liu	3068710069
沢	ze	3068668588
沬	mei	3068627107
沯	za	3068585626
沯	zan	3068544145
沰	tuo	3068502664
沴	li	3068461183
沵	mi	3068419702
沶	chi	3068378221
沶	shi	3068336740
沶	yi	3068295259
沷	fa	3068253778
沺	tian	3068212297
泀	si	3068170816
泂	jiong	3068129335
泃	gou	3068087854
泃	ju	3068046373
泆	yi	3068004892
泇	jia	3067963411
泈	zhong	3067921930
泋	hui	3067880449
泍	ben	3067838968
泎	ze	3067797487
泏	ku	3067756006
泏	zhu	3067714525
泑	you	3067673044
泒	gu	3067631563
泘	hu	3067590082
泙	ping	3067548601
泚	ci	3067507120
泜	zhi	3067465639
泝	su	3067424158
泟	cheng	3067382677
泤	si	3067341196
泦	ju	3067299715
泧	sa	3067258234
泧	xue	3067216753
泩	sheng	3067175272
泬	jue	3067133791
泬	xue	3067092310
泭	fu	3067050829
泲	ji	3067009348
泴	guan	3066967867
泹	dan	3066926386
泿	yin	3066884905
洀	pan	3066843424
洀	zhou	3066801943
洂	ye	3066760462
洂	yi	3066718981
洃	hui	3066677500
洅	zai	3066636019
洆	cheng	3066594538
洈	wei	3066553057
洉	hou	3066511576
洊	jian	3066470095
洍	si	3066428614
洏	er	3066387133
洐	xing	3066345652
洑	fu	3066304171
洓	qi	3066262690
洓	se	3066221209
洓	suo	3066179728
洓	zi	3066138247
洔	zhi	3066096766
洕	yin	3066055285
洖	wu	3066013804
洘	kao	3065972323
洜	luo	3065930842
洝	an	3065889361
洝	e	3065847880
洝	yan	3065806399
洟	ti	3065764918
洟	yi	3065723437
洠	mou	3065681956
洡	lei	3065640475
洢	yi	3065598994
洣	mi	3065557513
洤	quan	3065516032
洦	po	3065474551
洨	xiao	3065433070
洩	xie	3065391589
洬	shuo	3065350108
洬	su	3065308627
洭	kuang	3065267146
洯	jie	3065225665
洯	qie	3065184184
洰	ju	3065142703
洴	ping	3065101222
洷	zhi	3065059741
洸	guang	3065018260
洺	ming	3064976779
洿	wu	3064935298
浀	qu	3064893817
浂	yi	3064852336
浄	jing	3064810855
浌	fa	3064769374
浖	lie	3064727893
浗	qiu	3064686412
浘	wei	3064644931
浛	gan	3064603450
浛	han	3064561969
浝	mang	3064520488
浟	di	3064479007
浟	you	3064437526
浡	bo	3064396045
浢	dou	3064354564
浤	hong	3064313083
浥	yi	3064271602
浧	cheng	3064230121
浧	ying	3064188640
浧	zheng	3064147159
浨	lan	3064105678
浫	han	3064064197
浬	li	3064022716
浭	geng	3063981235
浰	li	3063939754
浰	lian	3063898273
浱	chun	3063856792
浲	feng	3063815311
浲	hong	3063773830
浳	yi	3063732349
浵	tong	3063690868
浶	lao	3063649387
浺	chong	3063607906
浻	jiong	3063566425
浽	nei	3063524944
浽	sui	3063483463
浾	cheng	3063441982
涀	jian	3063400501
涀	xian	3063359020
涁	shen	3063317539
涃	kun	3063276058
涄	ping	3063234577
涆	han	3063193096
涊	nian	3063151615
涋	tu	3063110134
涍	xiao	3063068653
涏	ting	3063027172
涐	e	3062985691
涒	tun	3062944210
涖	li	3062902729
涗	shui	3062861248
涘	si	3062819767
涙	lei	3062778286
涚	shui	3062736805
涜	du	3062695324
涥	heng	3062653843
涬	xing	3062612362
涭	shou	3062570881
涭	tao	3062529400
涰	chuo	3062487919
涱	zhang	3062446438
涳	kong	3062404957
涳	nang	3062363476
涴	wo	3062321995
涶	tuo	3062280514
涹	wo	3062239033
涺	ju	3062197552
涻	she	3062156071
涽	hun	3062114590
涾	ta	3062073109
淁	ji	3062031628
淁	qie	3061990147
淂	de	3061948666
淃	juan	3061907185
淈	gu	3061865704
淈	hu	3061824223
淉	guan	3061782742
淉	guo	3061741261
淊	yan	3061699780
淍	diao	3061658299
淍	zhou	3061616818
淎	peng	3061575337
淏	hao	3061533856
淐	chang	3061492375
淓	fang	3061450894
淔	zhi	3061409413
淕	lu	3061367932
淗	ju	3061326451
淛	zhe	3061284970
淜	peng	3061243489
淟	tian	3061202008
淢	yu	3061160527
淣	ni	3061119046
淧	mi	3061077565
淩	ling	3061036084
淭	qu	3060994603
淯	yu	3060953122
淰	nian	3060911641
淲	biao	3060870160
淲	hu	3060828679
淴	hu	3060787198
淸	qing	3060745717
淽	zhi	3060704236
淾	yin	3060662755
淿	bo	3060621274
淿	mi	3060579793
渀	ben	3060538312
渁	yuan	3060496831
渂	min	3060455350
渂	wen	3060413869
渃	re	3060372388
渃	ruo	3060330907
渄	fei	3060289426
渆	yuan	3060247945
渇	ke	3060206464
済	ji	3060164983
渉	she	3060123502
渋	se	3060082021
渏	yi	3060040540
渒	pai	3059999059
渒	pi	3059957578
渓	qi	3059916097
渓	xi	3059874616
渕	yuan	3059833135
渘	rou	3059791654
渜	nuan	3059750173
渞	qiu	3059708692
渞	wu	3059667211
渟	ting	3059625730
渧	di	3059584249
渨	wei	3059542768
渪	ru	3059501287
渮	ge	3059459806
渮	he	3059418325
渰	yan	3059376844
渱	gong	3059335363
渱	hong	3059293882
渳	mi	3059252401
渵	mao	3059210920
渶	ying	3059169439
渷	yan	3059127958
渹	hong	3059086477
渹	qing	3059044996
渻	sheng	3059003515
渼	mei	3058962034
渽	zai	3058920553
渿	nai	3058879072
湀	gui	3058837591
湁	chi	3058796110
湂	e	3058754629
湅	lian	3058713148
湆	qi	3058671667
湇	qi	3058630186
湈	mei	3058588705
湉	tian	3058547224
湌	can	3058505743
湏	hui	3058464262
湏	min	3058422781
湐	mo	3058381300
湑	xu	3058339819
湒	ji	3058298338
湕	jian	3058256857
湗	feng	3058215376
湙	yi	3058173895
湚	yin	3058132414
湜	shi	3058090933
湝	jie	3058049452
湠	tan	3058007971
湡	yu	3057966490
湢	bi	3057925009
湣	min	3057883528
湤	shi	3057842047
湥	tu	3057800566
湦	sheng	3057759085
湧	yong	3057717604
湨	ju	3057676123
湩	dong	3057634642
湩	zhong	3057593161
湪	nuan	3057551680
湪	tuan	3057510199
湬	jiao	3057468718
湭	qiu	3057427237
湰	long	3057385756
湱	huo	3057344275
湲	yuan	3057302794
湳	nan	3057261313
湴	ban	3057219832
湴	pan	3057178351
湵	you	3057136870
湶	quan	3057095389
湷	hun	3057053908
湷	zhuang	3057012427
湸	liang	3056970946
湹	chan	3056929465
湺	xian	3056887984
湺	yan	3056846503
湻	chun	3056805022
湼	nie	3056763541
湽	zi	3056722060
満	man	3056680579
溂	la	3056639098
溄	feng	3056597617
溄	hong	3056556136
溊	bo	3056514655
溋	ying	3056473174
溌	po	3056431693
溍	jin	3056390212
溎	gui	3056348731
溎	yan	3056307250
溑	suo	3056265769
溒	yuan	3056224288
溓	lian	3056182807
溓	lin	3056141326
溓	nian	3056099845
溓	xian	3056058364
溔	yao	3056016883
溕	meng	3055975402
溗	cheng	3055933921
溙	tai	3055892440
溚	da	3055850959
溚	ta	3055809478
溛	wa	3055767997
溞	sao	3055726516
溠	zha	3055685035
溣	lun	3055643554
溦	wei	3055602073
溨	cai	3055560592
溨	zai	3055519111
溩	wu	3055477630
溬	qiang	3055436149
溭	ze	3055394668
溵	yin	3055353187
溸	su	3055311706
溹	se	3055270225
溹	suo	3055228744
溼	shi	3055187263
溾	ai	3055145782
溾	wei	3055104301
溿	pan	3055062820
滀	chu	3055021339
滀	xu	3054979858
滃	weng	3054938377
滆	ge	3054896896
滈	hao	3054855415
滈	xue	3054813934
滉	huang	3054772453
滊	xi	3054730972
滍	zhi	3054689491
滐	jie	3054648010
滒	ge	3054606529
滖	sui	3054565048
滘	jiao	3054523567
滙	hui	3054482086
滛	yin	3054440605
滜	gao	3054399124
滝	long	3054357643
滣	chun	3054316162
滧	yao	3054274681
滫	xiu	3054233200
滮	biao	3054191719
滰	jiang	3054150238
滱	kou	3054108757
滳	shang	3054067276
滵	mi	3054025795
滶	ao	3053984314
滺	you	3053942833
滼	fan	3053901352
滽	yong	3053859871
漀	qing	3053818390
漃	ji	3053776909
漄	ya	3053735428
漅	chao	3053693947
漇	xi	3053652466
漈	ji	3053610985
漋	long	3053569504
漌	jin	3053528023
漑	gai	3053486542
漒	qiang	3053445061
漖	jiao	3053403580
漗	cong	3053362099
漘	chun	3053320618
漛	teng	3053279137
漜	ye	3053237656
漝	xi	3053196175
漞	mi	3053154694
漟	tang	3053113213
漡	shang	3053071732
漡	tang	3053030251
漥	wa	3052988770
漦	chi	3052947289
漦	li	3052905808
漧	gan	3052864327
漨	beng	3052822846
漨	feng	3052781365
漨	peng	3052739884
漮	kang	3052698403
漰	peng	3052656922
漴	chong	3052615441
漴	chuang	3052573960
漴	zhuang	3052532479
漷	huo	3052490998
漷	kuo	3052449517
漹	yan	3052408036
漺	chuang	3052366555
漺	shuang	3052325074
漻	liao	3052283593
漻	liu	3052242112
漻	xiao	3052200631
漼	cui	3052159150
漽	ti	3052117669
潀	cong	3052076188
潂	hong	3052034707
潃	xiu	3051993226
潃	xun	3051951745
潄	shu	3051910264
潅	guan	3051868783
潈	cong	3051827302
潈	zong	3051785821
潉	kun	3051744340
潊	xu	3051702859
潌	zhi	3051661378
潎	pi	3051619897
潏	jue	3051578416
潏	yu	3051536935
潐	jiao	3051495454
潐	qiao	3051453973
潒	dang	3051412492
潒	xiang	3051371011
潒	yang	3051329530
潓	hui	3051288049
潖	pa	3051246568
潗	ji	3051205087
潝	xi	3051163606
潟	xi	3051122125
潠	xun	3051080644
潡	dun	3051039163
潥	su	3050997682
潧	zhen	3050956201
潨	cong	3050914720
潨	zong	3050873239
潩	yi	3050831758
潪	zhe	3050790277
潪	zhi	3050748796
潫	wan	3050707315
潱	ye	3050665834
潳	tu	3050624353
潳	zha	3050582872
潵	sa	3050541391
潵	san	3050499910
潶	hei	3050458429
潹	chan	3050416948
潻	shu	3050375467
潽	pu	3050333986
潾	lin	3050292505
澁	se	3050251024
澂	cheng	3050209543
澃	jiong	3050168062
澊	cun	3050126581
澋	hong	3050085100
澏	han	3050043619
澑	liu	3050002138
澓	fu	3049960657
澔	hao	3049919176
澘	shan	3049877695
澙	xi	3049836214
澚	ao	3049794733
澚	yu	3049753252
澝	ning	3049711771
澞	yu	3049670290
澟	lin	3049628809
澣	huan	3049587328
澣	wan	3049545847
澥	xie	3049504366
澨	shi	3049462885
澪	ling	3049421404
澭	yong	3049379923
澯	can	3049338442
澲	ye	3049296961
澴	huan	3049255480
澵	zhen	3049213999
澷	man	3049172518
澸	dan	3049131037
澺	yi	3049089556
澻	sui	3049048075
澼	pi	3049006594
澽	ju	3048965113
澿	qin	3048923632
濅	jin	3048882151
濈	ji	3048840670
濋	chu	3048799189
濌	ta	3048757708
濍	song	3048716227
濎	ding	3048674746
濎	ting	3048633265
濏	se	3048591784
濐	zhu	3048550303
濓	lian	3048508822
濔	mi	3048467341
濖	shu	3048425860
濗	mi	3048384379
濙	ying	3048342898
濝	qi	3048301417
濢	cui	3048259936
濢	zui	3048218455
濣	wo	3048176974
濥	yin	3048135493
濦	yin	3048094012
濨	ci	3048052531
濩	huo	3048011050
濪	jing	3047969569
濪	qing	3047928088
濬	jun	3047886607
濭	ai	3047845126
濭	kai	3047803645
濭	ke	3047762164
濲	gu	3047720683
濳	qian	3047679202
濵	bin	3047637721
濵	pin	3047596240
濶	kuo	3047554759
濷	fei	3047513278
濸	cang	3047471797
濹	me	3047430316
濻	wei	3047388835
濽	zan	3047347354
瀀	you	3047305873
瀊	pan	3047264392
瀌	biao	3047222911
瀍	chan	3047181430
瀎	mie	3047139949
瀎	mo	3047098468
瀐	jian	3047056987
瀒	se	3047015506
瀓	cheng	3046974025
瀔	gu	3046932544
瀖	huo	3046891063
瀜	rong	3046849582
瀞	jing	3046808101
瀡	sui	3046766620
瀤	huai	3046725139
瀤	wai	3046683658
瀥	xue	3046642177
瀩	dui	3046600696
瀪	fan	3046559215
瀫	hu	3046517734
瀬	lai	3046476253
瀮	lian	3046434772
瀱	ji	3046393291
瀶	lin	3046351810
瀷	yi	3046310329
瀸	jian	3046268848
瀺	chan	3046227367
瀻	dai	3046185886
瀼	rang	3046144405
瀽	jian	3046102924
瀿	fan	3046061443
灀	shuang	3046019962
灁	yuan	3045978481
灂	jiao	3045937000
灂	ze	3045895519
灂	zhuo	3045854038
灅	lei	3045812557
灆	lan	3045771076
灇	cong	3045729595
灈	qu	3045688114
灉	yong	3045646633
灊	qian	3045605152
灋	fa	3045563671
灎	yan	3045522190
灐	ying	3045480709
灔	yan	3045439228
灖	mi	3045397747
灗	shan	3045356266
灚	jiao	3045314785
灛	chan	3045273304
灜	ying	3045231823
灢	nang	3045190342
灥	xun	3045148861
灨	gan	3045107380
灩	yan	3045065899
灪	yu	3045024418
灮	guang	3044982937
灱	xiao	3044941456
灲	xiao	3044899975
灳	hui	3044858494
灴	hong	3044817013
灷	zhuan	3044775532
灹	yu	3044734051
灹	zha	3044692570
灺	xie	3044651089
灻	chi	3044609608
炁	qi	3044568127
炂	zhong	3044526646
炃	ben	3044485165
炃	fen	3044443684
炄	niu	3044402203
炆	wen	3044360722
炇	po	3044319241
炇	pu	3044277760
炈	yi	3044236279
炋	pi	3044194798
炌	kai	3044153317
炍	pan	3044111836
炏	kai	3044070355
炏	yan	3044028874
炐	feng	3043987393
炐	pang	3043945912
炑	mu	3043904431
炓	liao	3043862950
炗	guang	3043821469
炘	xin	3043779988
炚	guang	3043738507
炛	guang	3043697026
炞	bian	3043655545
炟	da	3043614064
炠	xia	3043572583
炡	zheng	3043531102
炢	zhu	3043489621
炣	ke	3043448140
炤	zhao	3043406659
炥	fu	3043365178
炦	ba	3043323697
炧	xie	3043282216
炨	duo	3043240735
炨	xie	3043199254
炩	ling	3043157773
炪	chu	3043116292
炪	zhuo	3043074811
炰	pao	3043033330
炲	tai	3042991849
炴	yang	3042950368
炵	tong	3042908887
炶	han	3042867406
炶	shan	3042825925
炾	huang	3042784444
炿	zhou	3042742963
烄	jiao	3042701482
烄	yao	3042660001
烅	xu	3042618520
烆	heng	3042577039
烇	quan	3042535558
烉	huan	3042494077
烋	xiao	3042452596
烋	xiu	3042411115
烌	xiu	3042369634
烍	xian	3042328153
烎	yin	3042286672
烐	zhou	3042245191
烑	yao	3042203710
烒	shi	3042162229
烓	wei	3042120748
烔	tong	3042079267
烕	mie	3042037786
烖	zai	3041996305
烗	kai	3041954824
烚	xia	3041913343
烜	xuan	3041871862
烝	zheng	3041830381
烞	po	3041788900
烠	ai	3041747419
烠	hui	3041705938
烡	guang	3041664457
烢	che	3041622976
烣	hui	3041581495
烥	ju	3041540014
烮	lie	3041498533
烰	fu	3041457052
烱	jiong	3041415571
烲	che	3041374090
烲	xie	3041332609
烳	pu	3041291128
烵	zhuo	3041249647
烶	ting	3041208166
烸	hai	3041166685
烺	lang	3041125204
烻	shan	3041083723
烻	yan	3041042242
烼	xu	3041000761
烾	chi	3040959280
烿	rong	3040917799
焀	hu	3040876318
焁	xi	3040834837
焂	shu	3040793356
焃	he	3040751875
焄	xun	3040710394
焅	kao	3040668913
焅	ku	3040627432
焆	juan	3040585951
焆	ye	3040544470
焆	yuan	3040502989
焆	yue	3040461508
焇	xiao	3040420027
焈	xi	3040378546
焋	zhuang	3040337065
焌	jun	3040295584
焌	qu	3040254103
焍	di	3040212622
焎	xie	3040171141
焏	ji	3040129660
焏	qi	3040088179
焑	yan	3040046698
焒	lv	3040005217
焔	yan	3039963736
焗	ju	3039922255
焜	kun	3039880774
焝	hun	3039839293
焞	tun	3039797812
焟	xi	3039756331
焠	cui	3039714850
焢	hong	3039673369
焣	chao	3039631888
焣	ju	3039590407
焤	fu	3039548926
焥	ai	3039507445
焥	wo	3039465964
焧	cong	3039424483
焨	feng	3039383002
焩	ping	3039341521
焪	qiong	3039300040
焫	re	3039258559
焫	ruo	3039217078
焬	xi	3039175597
焬	yi	3039134116
焭	qiong	3039092635
焮	xin	3039051154
焲	yi	3039009673
焳	jue	3038968192
焴	yu	3038926711
焵	gang	3038885230
焷	pi	3038843749
焸	gu	3038802268
焸	xiong	3038760787
焸	ying	3038719306
焹	gang	3038677825
焺	sheng	3038636344
焻	chang	3038594863
焻	gua	3038553382
焼	shao	3038511901
焽	xiong	3038470420
焾	nian	3038428939
焿	geng	3038387458
煀	qu	3038345977
煁	chen	3038304496
煂	he	3038263015
煃	kui	3038221534
煄	zhong	3038180053
煆	xia	3038138572
煆	ya	3038097091
煋	xing	3038055610
煍	jiao	3038014129
煏	bi	3037972648
煐	ying	3037931167
煑	zhu	3037889686
煓	tuan	3037848205
煔	qian	3037806724
煔	shan	3037765243
煕	xi	3037723762
煖	nuan	3037682281
煗	nuan	3037640800
煘	chan	3037599319
煚	jiong	3037557838
煛	jiong	3037516357
煝	mei	3037474876
煟	wei	3037433395
煠	ye	3037391914
煠	zha	3037350433
煡	jin	3037308952
煡	xin	3037267471
煣	rou	3037225990
煪	qiu	3037184509
煫	sui	3037143028
煭	lie	3037101547
煯	jie	3037060066
煰	gao	3037018585
煰	zao	3036977104
煵	nan	3036935623
煵	xia	3036894142
煶	shi	3036852661
煷	huo	3036811180
煹	gou	3036769699
煻	tang	3036728218
煾	en	3036686737
煾	yun	3036645256
煿	bo	3036603775
熀	huang	3036562294
熁	xie	3036520813
熃	wu	3036479332
熆	he	3036437851
熇	he	3036396370
熇	kao	3036354889
熈	xi	3036313408
熋	nai	3036271927
熍	qiong	3036230446
熎	yao	3036188965
熐	mi	3036147484
熑	lian	3036106003
熑	qian	3036064522
熖	yan	3036023041
熚	bi	3035981560
熛	biao	3035940079
熜	cong	3035898598
熜	zong	3035857117
熝	ao	3035815636
熝	lu	3035774155
熢	beng	3035732674
熢	feng	3035691193
熢	peng	3035649712
熣	cui	3035608231
熣	sui	3035566750
熤	yi	3035525269
熥	teng	3035483788
熥	tong	3035442307
熦	jue	3035400826
熧	zong	3035359345
熩	hu	3035317864
熪	yi	3035276383
熫	zhi	3035234902
熭	wei	3035193421
熮	liu	3035151940
熯	han	3035110459
熴	kun	3035068978
熶	cuan	3035027497
熷	zeng	3034986016
熸	jian	3034944535
熺	xi	3034903054
熻	xi	3034861573
熼	yi	3034820092
熽	xiao	3034778611
熿	huang	3034737130
燂	qian	3034695649
燂	tan	3034654168
燄	yan	3034612687
燅	xian	3034571206
燅	xun	3034529725
燇	jun	3034488244
燉	dun	3034446763
燊	shen	3034405282
燋	jiao	3034363801
燍	si	3034322320
燍	xi	3034280839
燏	yu	3034239358
燐	lin	3034197877
燑	tong	3034156396
燓	fen	3034114915
燗	lan	3034073434
燚	yi	3034031953
燛	jing	3033990472
燛	jiong	3033948991
燝	zhu	3033907510
燞	jiao	3033866029
燢	xue	3033824548
燣	lan	3033783067
燤	lie	3033741586
燤	tai	3033700105
燨	xi	3033658624
燩	que	3033617143
燪	cong	3033575662
燪	zong	3033534181
燫	lian	3033492700
燬	hui	3033451219
燯	ling	3033409738
燱	yi	3033368257
燲	xie	3033326776
燳	zhao	3033285295
燷	lan	3033243814
燸	ru	3033202333
燸	ruan	3033160852
燺	he	3033119371
燺	kao	3033077890
燻	xun	3033036409
燿	yao	3032994928
爀	he	3032953447
爂	biao	3032911966
爅	mo	3032870485
爇	re	3032829004
爇	ruo	3032787523
爈	lv	3032746042
爉	la	3032704561
爉	lie	3032663080
爊	ao	3032621599
爋	xun	3032580118
爌	huang	3032538637
爌	kuang	3032497156
爎	liao	3032455675
爏	li	3032414194
爑	jue	3032372713
爒	liao	3032331232
爔	xi	3032289751
爕	xie	3032248270
爘	can	3032206789
爙	rang	3032165308
爚	yue	3032123827
爜	cong	3032082346
爞	chong	3032040865
爞	tong	3031999384
爟	guan	3031957903
爠	qu	3031916422
爠	yao	3031874941
爠	yue	3031833460
爡	che	3031791979
爢	mi	3031750498
爤	lan	3031709017
爦	lan	3031667536
爩	yu	3031626055
爫	zhao	3031584574
爫	zhua	3031543093
爮	pao	3031501612
爯	chen	3031460131
爯	cheng	3031418650
爳	han	3031377169
爴	jue	3031335688
爼	zu	3031294207
牀	chuang	3031252726
牁	ge	3031211245
牁	ke	3031169764
牂	zang	3031128283
牃	die	3031086802
牄	qiang	3031045321
牅	yong	3031003840
牉	pan	3030962359
牊	chao	3030920878
牎	chuang	3030879397
牏	tou	3030837916
牏	yu	3030796435
牐	zha	3030754954
牑	bian	3030713473
牑	mian	3030671992
牓	bang	3030630511
牔	bo	3030589030
牕	chuang	3030547549
牗	yong	3030506068
牗	you	3030464587
牚	cheng	3030423106
牜	niu	3030381625
牞	jiu	3030340144
牞	le	3030298663
牠	ta	3030257182
牣	ren	3030215701
牤	mang	3030174220
牥	fang	3030132739
牨	gang	3030091258
牪	yan	3030049777
牫	ge	3030008296
牫	qiu	3029966815
牫	zang	3029925334
牬	bei	3029883853
牭	si	3029842372
牰	chou	3029800891
牰	you	3029759410
牱	ge	3029717929
牳	mu	3029676448
牴	di	3029634967
牶	quan	3029593486
牷	quan	3029552005
牸	zi	3029510524
牻	mang	3029469043
犂	li	3029427562
犃	pou	3029386081
犆	te	3029344600
犆	zhi	3029303119
犇	ben	3029261638
犈	quan	3029220157
犉	chun	3029178676
犉	run	3029137195
犌	jia	3029095714
犎	feng	3029054233
犐	ke	3029012752
犑	ju	3028971271
犔	xi	3028929790
犕	bei	3028888309
犗	jie	3028846828
犘	ma	3028805347
犙	san	3028763866
犚	wei	3028722385
犛	li	3028680904
犜	dun	3028639423
犝	tong	3028597942
犠	xi	3028556461
犡	li	3028514980
犣	lie	3028473499
犥	pao	3028432018
犥	piao	3028390537
犦	bo	3028349056
犨	chou	3028307575
犩	wei	3028266094
犪	kui	3028224613
犫	chou	3028183132
犮	ba	3028141651
犱	ji	3028100170
犲	cai	3028058689
犲	chai	3028017208
犳	zhuo	3027975727
犵	ge	3027934246
犵	qi	3027892765
犺	kang	3027851284
犻	bo	3027809803
犻	fei	3027768322
犻	pei	3027726841
犼	hou	3027685360
犽	ya	3027643879
犾	yin	3027602398
犿	fan	3027560917
犿	huan	3027519436
狅	kuang	3027477955
狅	qing	3027436474
狆	zhong	3027394993
狇	mu	3027353512
狉	pi	3027312031
狊	ju	3027270550
狋	chi	3027229069
狋	quan	3027187588
狋	yi	3027146107
狌	sheng	3027104626
狌	xing	3027063145
狏	tuo	3027021664
狏	yi	3026980183
狑	ling	3026938702
狓	pi	3026897221
狔	ni	3026855740
狕	yao	3026814259
狖	you	3026772778
狘	xue	3026731297
狘	yue	3026689816
狚	dan	3026648335
狛	bo	3026606854
狜	ku	3026565373
狟	heng	3026523892
狟	huan	3026482411
狟	xuan	3026440930
狢	he	3026399449
狢	mo	3026357968
狣	zhao	3026316487
狤	ji	3026275006
狤	jie	3026233525
狤	kuai	3026192044
狥	xun	3026150563
狦	shan	3026109082
狧	shi	3026067601
狧	ta	3026026120
狪	dong	3025984639
狪	tong	3025943158
狫	lao	3025901677
狵	mang	3025860196
狵	zhuo	3025818715
狶	shi	3025777234
狶	xi	3025735753
狾	zhi	3025694272
狿	yan	3025652791
猀	sha	3025611310
猂	han	3025569829
猄	jing	3025528348
猅	pai	3025486867
猆	fei	3025445386
猇	xiao	3025403905
猈	ba	3025362424
猈	bai	3025320943
猉	qi	3025279462
猋	biao	3025237981
猏	jian	3025196500
猐	qiang	3025155019
猑	kun	3025113538
猒	yan	3025072057
猔	zong	3025030576
猘	zhi	3024989095
猚	wei	3024947614
猚	ya	3024906133
猟	lie	3024864652
猠	dian	3024823171
猣	zong	3024781690
猤	gui	3024740209
猦	feng	3024698728
猨	yuan	3024657247
猭	chuan	3024615766
猭	yuan	3024574285
猯	tuan	3024532804
猰	jia	3024491323
猰	qie	3024449842
猰	ya	3024408361
猲	he	3024366880
猲	xie	3024325399
猳	jia	3024283918
猵	bian	3024242437
猵	pian	3024200956
猺	yao	3024159475
猼	bo	3024117994
猼	po	3024076513
猽	ming	3024035032
獀	sou	3023993551
獂	yuan	3023952070
獃	dai	3023910589
獆	hao	3023869108
獇	qiang	3023827627
獈	yi	3023786146
獉	zhen	3023744665
獋	gao	3023703184
獋	hao	3023661703
獌	man	3023620222
獏	mo	3023578741
獏	mu	3023537260
獓	ao	3023495779
獔	hao	3023454298
獕	cui	3023412817
獘	bi	3023371336
獙	bi	3023329855
獚	huang	3023288374
獛	pu	3023246893
獜	lin	3023205412
獝	xu	3023163931
獝	yu	3023122450
獞	tong	3023080969
獞	zhuang	3023039488
獡	shuo	3022998007
獣	shou	3022956526
獤	dun	3022915045
獥	jiao	3022873564
獦	ge	3022832083
獦	lie	3022790602
獦	xie	3022749121
獧	juan	3022707640
獳	nou	3022666159
獴	meng	3022624678
獶	nao	3022583197
獶	you	3022541716
獽	rang	3022500235
獿	nao	3022458754
玃	jue	3022417273
玅	miao	3022375792
玅	xuan	3022334311
玆	zi	3022292830
玈	lu	3022251349
玊	su	3022209868
玌	qiu	3022168387
玍	ga	3022126906
玏	le	3022085425
玐	ba	3022043944
玒	hong	3022002463
玓	di	3021960982
玔	chuan	3021919501
玕	gan	3021878020
玗	yu	3021836539
玘	qi	3021795058
玜	gong	3021753577
玜	hong	3021712096
玝	wu	3021670615
玞	fu	3021629134
玠	jie	3021587653
玡	ya	3021546172
玣	bian	3021504691
玤	bang	3021463210
玥	yue	3021421729
玦	jue	3021380248
玧	men	3021338767
玧	yun	3021297286
玨	jue	3021255805
玪	jian	3021214324
玪	lin	3021172843
玪	qian	3021131362
玪	yin	3021089881
玬	dan	3021048400
玭	pin	3021006919
玴	yi	3020965438
玵	an	3020923957
玵	gan	3020882476
玶	ping	3020840995
玸	fu	3020799514
玹	xuan	3020758033
玼	ci	3020716552
玽	gou	3020675071
玾	jia	3020633590
玿	shao	3020592109
珁	ci	3020550628
珃	ran	3020509147
珄	sheng	3020467666
珅	shen	3020426185
珆	tai	3020384704
珆	yi	3020343223
珇	zu	3020301742
珋	liu	3020260261
珌	bi	3020218780
珎	zhen	3020177299
珒	jin	3020135818
珓	jiao	3020094337
珔	jian	3020052856
珕	li	3020011375
珖	guang	3019969894
珗	xian	3019928413
珘	zhou	3019886932
珚	yan	3019845451
珛	xiu	3019803970
珜	yang	3019762489
珝	xu	3019721008
珟	su	3019679527
珡	qin	3019638046
珢	ken	3019596565
珢	yin	3019555084
珣	xun	3019513603
珤	bao	3019472122
珦	xiang	3019430641
珨	xia	3019389160
珪	gui	3019347679
珫	chong	3019306198
珬	xu	3019264717
珮	pei	3019223236
珯	lao	3019181755
珱	ying	3019140274
珳	wen	3019098793
珴	e	3019057312
珵	cheng	3019015831
珵	ting	3018974350
珶	di	3018932869
珷	wu	3018891388
珸	wu	3018849907
珹	cheng	3018808426
珺	jun	3018766945
珻	mei	3018725464
珽	ting	3018683983
珿	chu	3018642502
琀	han	3018601021
琁	xuan	3018559540
琂	yan	3018518059
琄	xuan	3018476578
琇	xiu	3018435097
琈	fu	3018393616
琋	xi	3018352135
琌	ling	3018310654
琍	li	3018269173
琑	suo	3018227692
琒	feng	3018186211
琓	wan	3018144730
琔	dian	3018103249
琕	bing	3018061768
琕	pin	3018020287
琗	cui	3017978806
琗	se	3017937325
琘	min	3017895844
琙	yu	3017854363
琜	lai	3017812882
琝	min	3017771401
琝	wen	3017729920
琞	sheng	3017688439
琞	wang	3017646958
琟	wei	3017605477
琟	yu	3017563996
琠	dian	3017522515
琠	tian	3017481034
琡	chu	3017439553
琣	beng	3017398072
琣	pei	3017356591
琤	cheng	3017315110
琧	e	3017273629
琩	chang	3017232148
琫	beng	3017190667
琭	lu	3017149186
琯	guan	3017107705
琱	diao	3017066224
琲	bei	3017024743
琷	que	3016983262
琸	zhuo	3016941781
琹	qin	3016900300
琻	jin	3016858819
琽	du	3016817338
琾	jie	3016775857
瑀	yu	3016734376
瑂	mei	3016692895
瑃	chun	3016651414
瑄	xuan	3016609933
瑅	ti	3016568452
瑆	xing	3016526971
瑇	dai	3016485490
瑈	rou	3016444009
瑉	min	3016402528
瑊	jian	3016361047
瑌	ruan	3016319566
瑍	huan	3016278085
瑎	xie	3016236604
瑏	chuan	3016195123
瑐	jian	3016153642
瑑	zhuan	3016112161
瑓	lian	3016070680
瑔	quan	3016029199
瑖	duan	3015987718
瑘	ya	3015946237
瑝	huang	3015904756
瑠	liu	3015863275
瑡	shi	3015821794
瑢	rong	3015780313
瑥	wen	3015738832
瑦	wu	3015697351
瑧	zhen	3015655870
瑨	jin	3015614389
瑫	tao	3015572908
瑬	liu	3015531427
瑮	li	3015489946
瑯	lang	3015448465
瑱	tian	3015406984
瑱	zhen	3015365503
瑳	cuo	3015324022
瑴	jue	3015282541
瑵	zhao	3015241060
瑹	shu	3015199579
瑹	tu	3015158098
瑺	chang	3015116617
瑼	zhuan	3015075136
瑿	yi	3015033655
璂	qi	3014992174
璄	jing	3014950693
璄	ying	3014909212
璅	suo	3014867731
璆	qiu	3014826250
璈	ao	3014784769
璌	yin	3014743288
璏	wei	3014701807
璏	zhi	3014660326
璑	wu	3014618845
璒	deng	3014577364
璓	xiu	3014535883
璔	zeng	3014494402
璖	qu	3014452921
璘	lin	3014411440
璙	liao	3014369959
璚	jue	3014328478
璚	qiong	3014286997
璟	jing	3014245516
璠	fan	3014204035
璢	liu	3014162554
璤	hui	3014121073
璥	jing	3014079592
璪	zao	3014038111
璬	jiao	3013996630
璭	gun	3013955149
璮	tan	3013913668
璱	se	3013872187
璲	sui	3013830706
璳	tian	3013789225
璴	chu	3013747744
璶	jin	3013706263
璷	fu	3013664782
璷	lu	3013623301
璻	zui	3013581820
璿	xuan	3013540339
瓀	ruan	3013498858
瓁	wo	3013457377
瓂	gai	3013415896
瓃	lei	3013374415
瓆	zhi	3013332934
瓇	rou	3013291453
瓈	li	3013249972
瓉	zan	3013208491
瓋	ti	3013167010
瓌	gui	3013125529
瓍	sui	3013084048
瓎	la	3013042567
瓑	li	3013001086
瓖	xiang	3012959605
瓗	qiong	3012918124
瓗	wei	3012876643
瓘	guan	3012835162
瓙	dao	3012793681
瓝	bo	3012752200
瓟	bo	3012710719
瓟	pao	3012669238
瓡	hu	3012627757
瓡	zhi	3012586276
瓥	li	3012544795
瓧	shi	3012503314
瓨	hong	3012461833
瓨	xiang	3012420352
瓩	qian	3012378871
瓪	ban	3012337390
瓫	pen	3012295909
瓬	fang	3012254428
瓭	dan	3012212947
瓰	fen	3012171466
瓱	mao	3012129985
瓲	tun	3012088504
瓲	tunwa	3012047023
瓲	wa	3012005542
瓳	hu	3011964061
瓵	yi	3011922580
瓸	bai	3011881099
瓹	juan	3011839618
瓺	chang	3011798137
瓻	chi	3011756656
瓼	li	3011715175
瓽	dang	3011673694
瓾	meng	3011632213
甀	zhui	3011590732
甁	ping	3011549251
甂	bian	3011507770
甃	zhou	3011466289
甆	ci	3011424808
甇	ying	3011383327
甈	qi	3011341846
甉	xian	3011300365
甋	di	3011258884
甎	chuan	3011217403
甎	zhuan	3011175922
甐	lin	3011134441
甔	dan	3011092960
甕	weng	3011051479
甗	yan	3011009998
甛	tian	3010968517
甝	han	3010927036
甞	chang	3010885555
甠	qing	3010844074
甡	shen	3010802593
甤	rui	3010761112
甦	su	3010719631
甧	shen	3010678150
甪	lu	3010636669
甮	beng	3010595188
甮	feng	3010553707
甴	you	3010512226
甴	zha	3010470745
甶	fu	3010429264
甹	ping	3010387783
甼	ting	3010346302
甽	quan	3010304821
甽	zhen	3010263340
甿	meng	3010221859
畁	bi	3010180378
畂	liu	3010138897
畃	xun	3010097416
畄	liu	3010055935
畆	mu	3010014454
畇	yun	3009972973
畉	fu	3009931492
畊	geng	3009890011
畍	jie	3009848530
畐	bi	3009807049
畐	fu	3009765568
畑	tian	3009724087
畒	mu	3009682606
畓	duo	3009641125
畕	jiang	3009599644
畖	wa	3009558163
畗	da	3009516682
畗	fu	3009475201
畘	nan	3009433720
畞	mu	3009392239
畟	ce	3009350758
畠	tian	3009309277
畡	gai	3009267796
畣	da	3009226315
畤	zhi	3009184834
畧	lve	3009143353
畨	fan	3009101872
畨	pan	3009060391
畩	yi	3009018910
畬	she	3008977429
畬	yu	3008935948
畭	yu	3008894467
畮	mu	3008852986
畯	jun	3008811505
畱	liu	3008770024
畳	die	3008728543
畵	hua	3008687062
畷	chuo	3008645581
畷	zhui	3008604100
畺	jiang	3008562619
畻	cheng	3008521138
畼	chang	3008479657
畽	tuan	3008438176
畽	tun	3008396695
畾	lei	3008355214
疀	cha	3008313733
疁	liu	3008272252
疂	die	3008230771
疄	lin	3008189290
疅	jiang	3008147809
疈	pi	3008106328
疉	die	3008064847
疌	jie	3008023366
疌	qie	3007981885
疍	dan	3007940404
疎	shu	3007898923
疐	zhi	3007857442
疓	nai	3007815961
疕	bi	3007774480
疘	gang	3007732999
疛	zhou	3007691518
疜	xia	3007650037
疞	xu	3007608556
疢	chen	3007567075
疦	jue	3007525594
疦	xue	3007484113
疧	qi	3007442632
疧	zhi	3007401151
疨	xia	3007359670
疨	ya	3007318189
疩	cui	3007276708
疪	bi	3007235227
疶	xie	3007193746
疶	xue	3007152265
疷	zhi	3007110784
疺	bian	3007069303
疺	fa	3007027822
疻	zhi	3006986341
疿	fei	3006944860
痀	gou	3006903379
痀	ju	3006861898
痁	dian	3006820417
痁	shan	3006778936
痆	ni	3006737455
痆	nian	3006695974
痆	nie	3006654493
痋	chong	3006613012
痋	teng	3006571531
痌	tong	3006530050
痎	jie	3006488569
痏	wei	3006447088
痐	hui	3006405607
痑	shi	3006364126
痑	tan	3006322645
痓	chi	3006281164
痗	mei	3006239683
痚	xiao	3006198202
痜	tu	3006156721
痝	mang	3006115240
痟	xiao	3006073759
痠	suan	3006032278
痡	fu	3005990797
痡	pu	3005949316
痥	duo	3005907835
痩	shou	3005866354
痬	yi	3005824873
痭	beng	3005783392
痭	peng	3005741911
痯	guan	3005700430
痲	ma	3005658949
痳	lin	3005617468
痵	ji	3005575987
痶	dian	3005534506
痶	tian	3005493025
痷	an	3005451544
痷	e	3005410063
痷	ye	3005368582
痸	chi	3005327101
痻	min	3005285620
痽	dui	3005244139
瘄	cu	3005202658
瘇	zhong	3005161177
瘈	chi	3005119696
瘈	ji	3005078215
瘉	yu	3005036734
瘎	chen	3004995253
瘏	tu	3004953772
瘔	ku	3004912291
瘖	yin	3004870810
瘚	jue	3004829329
瘜	xi	3004787848
瘝	guan	3004746367
瘣	hui	3004704886
瘣	lei	3004663405
瘨	dian	3004621924
瘬	zhang	3004580443
瘯	cu	3004538962
瘶	sou	3004497481
瘷	se	3004456000
瘹	diao	3004414519
瘽	qin	3004373038
癄	qiao	3004331557
癅	liu	3004290076
癊	yin	3004248595
癋	he	3004207114
癏	guan	3004165633
癑	nong	3004124152
癒	yu	3004082671
癓	wei	3004041190
癕	yong	3003999709
癗	lei	3003958228
癙	shu	3003916747
癚	dan	3003875266
癛	bing	3003833785
癛	lin	3003792304
癝	lin	3003750823
癡	chi	3003709342
癦	meng	3003667861
癨	huo	3003626380
癳	luo	3003584899
癵	luan	3003543418
癶	bo	3003501937
癷	bo	3003460456
癹	ba	3003418975
発	fa	3003377494
癿	bie	3003336013
癿	qie	3003294532
皀	bi	3003253051
皀	ji	3003211570
皁	zao	3003170089
皃	mao	3003128608
皅	ba	3003087127
皅	pa	3003045646
皉	ci	3003004165
皊	ling	3002962684
皌	mo	3002921203
皍	ji	3002879722
皏	peng	3002838241
皐	gao	3002796760
皒	e	3002755279
皔	han	3002713798
皕	bi	3002672317
皗	chou	3002630836
皘	qian	3002589355
皛	jiao	3002547874
皛	po	3002506393
皛	xiao	3002464912
皜	hao	3002423431
皝	huang	3002381950
皞	hao	3002340469
皠	cui	3002298988
皡	hao	3002257507
皢	xiao	3002216026
皣	ye	3002174545
皥	hao	3002133064
皦	jiao	3002091583
皧	ai	3002050102
皨	xing	3002008621
皩	huang	3001967140
皫	piao	3001925659
皬	he	3001884178
皭	jiao	3001842697
皯	gan	3001801216
皳	qiu	3001759735
皵	que	3001718254
皶	zha	3001676773
皷	gu	3001635292
皹	jun	3001593811
皻	cu	3001552330
皻	zha	3001510849
皼	gu	3001469368
皽	zhan	3001427887
皽	zhao	3001386406
盀	qi	3001344925
盁	ying	3001303444
盃	bei	3001261963
盄	zhao	3001220482
盇	he	3001179001
盉	he	3001137520
盋	bo	3001096039
盌	wan	3001054558
盓	wu	3001013077
盓	yu	3000971596
盕	fan	3000930115
盙	fu	3000888634
盚	qiu	3000847153
盝	lu	3000805672
盠	li	3000764191
盢	xu	3000722710
盦	an	3000681229
盩	zhou	3000639748
盫	an	3000598267
盬	gu	3000556786
盭	li	3000515305
盰	gan	3000473824
盳	mang	3000432343
盳	wang	3000390862
盵	qi	3000349381
盶	yuan	3000307900
盷	min	3000266419
盷	tian	3000224938
盷	xian	3000183457
盺	xin	3000141976
盻	xi	3000100495
盽	feng	3000059014
盿	min	3000017533
眀	ming	2999976052
眂	shi	2999934571
眃	hun	2999893090
眃	yun	2999851609
眅	pan	2999810128
眆	fang	2999768647
眊	mao	2999727166
県	xian	2999685685
眎	shi	2999644204
眏	yang	2999602723
眏	ying	2999561242
眐	zheng	2999519761
眑	yao	2999478280
眒	shen	2999436799
眓	huo	2999395318
眔	da	2999353837
眕	zhen	2999312356
眖	kuang	2999270875
眗	ju	2999229394
眗	kou	2999187913
眗	xu	2999146432
眘	shen	2999104951
眛	mei	2999063470
眜	mie	2999021989
眜	mo	2998980508
眝	zhu	2998939027
眞	zhen	2998897546
眡	shi	2998856065
眣	die	2998814584
眤	ni	2998773103
眧	chao	2998731622
眪	bing	2998690141
眪	fang	2998648660
眫	mi	2998607179
眫	pan	2998565698
眮	tong	2998524217
眰	die	2998482736
眰	zhi	2998441255
眱	di	2998399774
眲	ne	2998358293
眳	ming	2998316812
眴	xuan	2998275331
眹	zhen	2998233850
眻	yang	2998192369
眽	mo	2998150888
眿	mo	2998109407
睂	mei	2998067926
睄	qiao	2998026445
睄	shao	2997984964
睄	xiao	2997943483
睅	han	2997902002
睆	huan	2997860521
睈	cheng	2997819040
睉	cuo	2997777559
睉	zhuai	2997736078
睊	juan	2997694597
睋	e	2997653116
睌	man	2997611635
睎	xi	2997570154
睒	shan	2997528673
睓	tian	2997487192
睕	wan	2997445711
睖	leng	2997404230
睖	ling	2997362749
睗	shi	2997321268
睘	qiong	2997279787
睙	lie	2997238306
睝	li	2997196825
睟	sui	2997155344
睠	juan	2997113863
睤	bi	2997072382
睧	hun	2997030901
睩	lu	2996989420
睭	zhou	2996947939
睮	yu	2996906458
睯	hun	2996864977
睰	ma	2996823496
睱	xia	2996782015
睲	xing	2996740534
睳	hui	2996699053
睵	zai	2996657572
睶	chun	2996616091
睷	jian	2996574610
睸	mei	2996533129
睺	hou	2996491648
睻	xuan	2996450167
睼	tian	2996408686
瞁	xu	2996367205
瞂	fa	2996325724
瞃	wo	2996284243
瞈	weng	2996242762
瞉	ji	2996201281
瞉	kou	2996159800
瞊	dang	2996118319
瞋	chen	2996076838
瞏	qiong	2996035357
瞐	mo	2995993876
瞔	ze	2995952395
瞕	zhang	2995910914
瞖	yi	2995869433
瞗	diao	2995827952
瞗	dou	2995786471
瞙	mo	2995744990
瞚	shun	2995703509
瞝	chi	2995662028
瞣	huan	2995620547
瞣	wan	2995579066
瞦	xi	2995537585
瞨	pu	2995496104
瞫	shen	2995454623
瞮	che	2995413142
瞲	xu	2995371661
瞲	xue	2995330180
瞴	mi	2995288699
瞴	mou	2995247218
瞴	wu	2995205737
瞸	ye	2995164256
瞹	ai	2995122775
瞺	hui	2995081294
瞾	zhao	2995039813
矀	mei	2994998332
矁	chou	2994956851
矂	sao	2994915370
矃	cheng	2994873889
矃	ning	2994832408
矄	xun	2994790927
矅	yao	2994749446
矆	huo	2994707965
矆	wo	2994666484
矆	xue	2994625003
矆	yue	2994583522
矈	mian	2994542041
矋	lei	2994500560
矋	li	2994459079
矌	guo	2994417598
矌	kuang	2994376117
矎	xuan	2994334636
矏	mian	2994293155
矐	huo	2994251674
矒	meng	2994210193
矔	guan	2994168712
矙	kan	2994127231
矝	jin	2994085750
矝	lin	2994044269
矞	yu	2994002788
矟	shuo	2993961307
矠	ze	2993919826
矠	zhuo	2993878345
矡	jue	2993836864
矤	shen	2993795383
矦	hou	2993753902
矨	ying	2993712421
矪	zhou	2993670940
矰	zeng	2993629459
矱	huo	2993587978
矱	yue	2993546497
矴	ding	2993505016
矵	diao	2993463535
矵	qi	2993422054
矷	zi	2993380573
矹	wu	2993339092
矺	da	2993297611
矺	zhe	2993256130
矻	ku	2993214649
矼	gang	2993173168
矼	jiang	2993131687
砃	dan	2993090206
砄	jue	2993048725
砅	li	2993007244
砆	fu	2992965763
砇	min	2992924282
砈	e	2992882801
砊	kang	2992841320
砋	zhi	2992799839
砎	jie	2992758358
砏	bin	2992716877
砏	fen	2992675396
砏	pin	2992633915
砐	e	2992592434
砓	zhe	2992550953
砕	sui	2992509472
砙	pan	2992467991
砙	wa	2992426510
砛	jin	2992385029
砞	mo	2992343548
砠	ju	2992302067
砠	qu	2992260586
砡	yu	2992219105
砢	ke	2992177624
砢	luo	2992136143
砤	tuo	2992094662
砨	e	2992053181
砪	mu	2992011700
砫	zhu	2991970219
砮	nu	2991928738
砯	ping	2991887257
砱	ling	2991845776
砲	pao	2991804295
砳	le	2991762814
砵	bo	2991721333
砶	po	2991679852
砽	yong	2991638371
砿	kuang	2991596890
硂	quan	2991555409
硄	guang	2991513928
硄	kuang	2991472447
硆	e	2991430966
硈	qia	2991389485
硉	lu	2991348004
硊	gui	2991306523
硊	hui	2991265042
硊	wei	2991223561
硋	ai	2991182080
硍	ken	2991140599
硍	xian	2991099118
硍	yin	2991057637
硏	yan	2991016156
硑	peng	2990974675
硑	ping	2990933194
硓	lao	2990891713
硔	hong	2990850232
硘	hui	2990808751
硘	qing	2990767270
硛	yi	2990725789
硞	ke	2990684308
硞	ku	2990642827
硞	que	2990601346
硟	chan	2990559865
硠	lang	2990518384
硡	hong	2990476903
硢	yu	2990435422
硣	xiao	2990393941
硥	bang	2990352460
硥	mang	2990310979
硦	long	2990269498
硦	luo	2990228017
硧	tong	2990186536
硧	yong	2990145055
硩	che	2990103574
硰	sha	2990062093
硱	kun	2990020612
硲	yu	2989979131
硳	chi	2989937650
硴	hua	2989896169
硶	cen	2989854688
硶	chen	2989813207
硸	nve	2989771726
硹	song	2989730245
硺	zhuo	2989688764
硻	keng	2989647283
硽	yan	2989605802
硾	zhui	2989564321
硿	kong	2989522840
碀	cheng	2989481359
碁	qi	2989439878
碂	cong	2989398397
碂	zong	2989356916
碃	qing	2989315435
碄	lin	2989273954
碅	jun	2989232473
碆	bo	2989190992
碈	hun	2989149511
碈	min	2989108030
碊	jian	2989066549
碊	zhan	2989025068
碋	he	2988983587
碏	que	2988942106
碐	leng	2988900625
碒	yin	2988859144
碔	wu	2988817663
碕	qi	2988776182
碖	lun	2988734701
碝	ruan	2988693220
碞	yan	2988651739
碠	ding	2988610258
碤	ying	2988568777
碦	ke	2988527296
碨	wei	2988485815
碪	zhen	2988444334
碫	duan	2988402853
碬	xia	2988361372
碮	di	2988319891
碮	ti	2988278410
碯	nao	2988236929
碵	tian	2988195448
碶	qi	2988153967
碷	dun	2988112486
碻	que	2988071005
碿	su	2988029524
碿	xie	2987988043
磀	e	2987946562
磂	liu	2987905081
磃	si	2987863600
磃	ti	2987822119
磄	tang	2987780638
磆	gu	2987739157
磆	hua	2987697676
磆	ke	2987656195
磇	pi	2987614714
磈	wei	2987573233
磌	tian	2987531752
磍	qia	2987490271
磍	xia	2987448790
磍	ya	2987407309
磎	xi	2987365828
磏	lian	2987324347
磓	dui	2987282866
磓	zhui	2987241385
磖	la	2987199904
磗	zhuan	2987158423
磘	qing	2987116942
磘	yao	2987075461
磛	chan	2987033980
磜	qi	2986992499
磝	ao	2986951018
磝	qiao	2986909537
磞	peng	2986868056
磟	liu	2986826575
磟	lu	2986785094
磡	kan	2986743613
磢	chuang	2986702132
磤	yin	2986660651
磥	lei	2986619170
磦	biao	2986577689
磩	qi	2986536208
磩	zhu	2986494727
磪	cui	2986453246
磫	zong	2986411765
磭	chuo	2986370284
磮	lun	2986328803
磰	shan	2986287322
磳	zeng	2986245841
磶	xi	2986204360
磸	ding	2986162879
磹	dian	2986121398
磹	tan	2986079917
磻	pan	2986038436
磼	she	2985996955
磼	za	2985955474
磿	li	2985913993
礀	jian	2985872512
礂	xi	2985831031
礃	zhang	2985789550
礇	yu	2985748069
礈	zhui	2985706588
礉	ao	2985665107
礉	he	2985623626
礉	qiao	2985582145
礊	huo	2985540664
礊	ke	2985499183
礌	lei	2985457702
礍	jie	2985416221
礍	ke	2985374740
礑	dang	2985333259
礔	pi	2985291778
礕	pi	2985250297
礖	yu	2985208816
礗	pin	2985167335
礘	e	2985125854
礘	qi	2985084373
礜	yu	2985042892
礝	ruan	2985001411
礟	pao	2984959930
礠	ci	2984918449
礡	bo	2984876968
礢	yang	2984835487
礣	ma	2984794006
礧	lei	2984752525
礨	lei	2984711044
礭	que	2984669563
礯	ying	2984628082
礳	mo	2984586601
礵	shuang	2984545120
礶	guan	2984503639
礷	lan	2984462158
礸	ca	2984420677
礸	zan	2984379196
礽	reng	2984337715
礿	yue	2984296234
祂	ta	2984254753
祄	xie	2984213272
祅	yao	2984171791
祇	qi	2984130310
祇	zhi	2984088829
祊	beng	2984047348
祋	dui	2984005867
祌	chong	2983964386
祌	zhong	2983922905
祍	ren	2983881424
祏	shi	2983839943
祐	you	2983798462
祑	zhi	2983756981
祒	tiao	2983715500
祔	fu	2983674019
祕	bi	2983632538
祕	mi	2983591057
祘	suan	2983549576
祙	mei	2983508095
祡	chai	2983466614
祣	lv	2983425133
祤	yu	2983383652
祦	wu	2983342171
祩	zhu	2983300690
祪	gui	2983259209
祫	xia	2983217728
祬	zhi	2983176247
祮	gao	2983134766
祰	gao	2983093285
祱	lei	2983051804
祱	shui	2983010323
祲	jin	2982968842
祳	shen	2982927361
祴	gai	2982885880
祵	kun	2982844399
祶	di	2982802918
祹	tao	2982761437
祻	gu	2982719956
祼	guan	2982678475
祽	zui	2982636994
祾	ling	2982595513
禂	dao	2982554032
禃	zhi	2982512551
禆	bei	2982471070
禆	bi	2982429589
禇	chu	2982388108
禇	zhe	2982346627
禈	hui	2982305146
禉	you	2982263665
禋	yin	2982222184
禌	zi	2982180703
禐	yuan	2982139222
禑	wu	2982097741
禒	xian	2982056260
禔	ti	2982014779
禔	zhi	2981973298
禖	mei	2981931817
禗	si	2981890336
禘	di	2981848855
禙	bei	2981807374
禛	zhen	2981765893
禝	ji	2981724412
禞	gao	2981682931
禟	tang	2981641450
禠	si	2981599969
禢	ta	2981558488
禣	fu	2981517007
禤	xuan	2981475526
禥	qi	2981434045
禨	ji	2981392564
禩	si	2981351083
禫	dan	2981309602
禫	tan	2981268121
禭	sui	2981226640
禲	li	2981185159
禴	yue	2981143678
禶	zan	2981102197
禷	lei	2981060716
禸	rou	2981019235
禼	xie	2980977754
秂	ren	2980936273
秄	zi	2980894792
秅	cha	2980853311
秅	na	2980811830
秇	yi	2980770349
秇	zhi	2980728868
秊	nian	2980687387
秌	qiu	2980645906
秎	fen	2980604425
秏	hao	2980562944
秐	yun	2980521463
秓	zhi	2980479982
秔	jing	2980438501
秖	zhi	2980397020
秗	yu	2980355539
秙	ku	2980314058
秚	ban	2980272577
秛	pi	2980231096
秜	ni	2980189615
秝	li	2980148134
秞	you	2980106653
秠	pi	2980065172
秡	bo	2980023691
秢	ling	2979982210
秥	nian	2979940729
秨	zuo	2979899248
秪	zhi	2979857767
秬	ju	2979816286
秮	huo	2979774805
秱	tong	2979733324
秲	shi	2979691843
秲	zhi	2979650362
秳	huo	2979608881
秳	kuo	2979567400
秴	ge	2979525919
秴	he	2979484438
秵	yin	2979442957
秶	zi	2979401476
秷	zhi	2979359995
秹	ren	2979318514
秺	du	2979277033
秼	zhu	2979235552
秿	bu	2979194071
秿	fu	2979152590
秿	pu	2979111109
稁	gao	2979069628
稁	kao	2979028147
稄	xun	2978986666
稄	ze	2978945185
稇	kun	2978903704
稉	jing	2978862223
稊	ti	2978820742
稌	tu	2978779261
稐	lun	2978737780
稑	lu	2978696299
稒	gu	2978654818
稓	zuo	2978613337
稕	zhun	2978571856
稖	bang	2978530375
稘	ji	2978488894
稘	qi	2978447413
稙	zhi	2978405932
稛	kun	2978364451
稜	leng	2978322970
稝	peng	2978281489
稡	su	2978240008
稡	zu	2978198527
稡	zui	2978157046
稢	yu	2978115565
稤	lve	2978074084
稥	xiang	2978032603
稧	qie	2977991122
稧	xi	2977949641
稨	bian	2977908160
稩	ji	2977866679
稪	fu	2977825198
稫	bi	2977783717
稫	pi	2977742236
稬	nuo	2977700755
稭	jie	2977659274
稯	zong	2977617793
稰	xu	2977576312
稲	dao	2977534831
稴	jian	2977493350
稴	lian	2977451869
稴	xian	2977410388
稵	jiu	2977368907
稵	zi	2977327426
稶	yu	2977285945
稸	xu	2977244464
稺	zhi	2977202983
稾	gao	2977161502
穁	rong	2977120021
穂	sui	2977078540
穃	rong	2977037059
穄	ji	2976995578
穅	kang	2976954097
穈	mei	2976912616
穈	men	2976871135
穉	chi	2976829654
穉	ti	2976788173
穉	zhi	2976746692
穊	ji	2976705211
穋	lu	2976663730
穏	wen	2976622249
穐	qiu	2976580768
穒	he	2976539287
穓	yi	2976497806
穔	huang	2976456325
穕	qie	2976414844
穘	rao	2976373363
穘	xiao	2976331882
穙	pu	2976290401
穚	jiao	2976248920
穛	bo	2976207439
穛	zhuo	2976165958
穜	tong	2976124477
穝	zuo	2976082996
穞	lv	2976041515
穟	sui	2976000034
穣	rang	2975958553
穤	nuo	2975917072
穥	yu	2975875591
穦	pin	2975834110
穪	bie	2975792629
穪	cheng	2975751148
穮	biao	2975709667
穯	se	2975668186
穱	jue	2975626705
穱	zhuo	2975585224
穲	li	2975543743
穳	cuan	2975502262
穳	zan	2975460781
穵	wa	2975419300
穻	yu	2975377819
穼	shen	2975336338
穽	jing	2975294857
穾	yao	2975253376
窂	lao	2975211895
窅	yao	2975170414
窇	bao	2975128933
窉	bing	2975087452
窊	wa	2975045971
窋	zhu	2975004490
窌	jiao	2974963009
窏	wu	2974921528
窐	gui	2974880047
窐	wa	2974838566
窓	chuang	2974797085
窔	yao	2974755604
窙	xiao	2974714123
窚	cheng	2974672642
窛	kou	2974631161
窞	dan	2974589680
窡	zhuo	2974548199
窢	xu	2974506718
窣	su	2974465237
窤	guan	2974423756
窧	zhuo	2974382275
窫	ya	2974340794
窫	ye	2974299313
窰	yao	2974257832
窲	chao	2974216351
窴	tian	2974174870
窷	liao	2974133389
窸	xi	2974091908
窹	wu	2974050427
窻	chuang	2974008946
窼	ke	2973967465
窼	zhao	2973925984
窽	kuan	2973884503
窾	cuan	2973843022
窾	kuan	2973801541
竁	cui	2973760060
竂	liao	2973718579
竂	piao	2973677098
竃	zao	2973635617
竆	qiong	2973594136
竌	chu	2973552655
竍	shi	2973511174
竎	fu	2973469693
竏	qian	2973428212
竐	chu	2973386731
竑	hong	2973345250
竒	qi	2973303769
竓	hao	2973262288
竔	sheng	2973220807
竕	fen	2973179326
竗	miao	2973137845
竘	kou	2973096364
竘	qu	2973054883
竚	zhu	2973013402
竛	ling	2972971921
竜	long	2972930440
竝	bing	2972888959
竡	bai	2972847478
竢	si	2972805997
竤	hong	2972764516
竧	jing	2972723035
竧	zhen	2972681554
竨	diao	2972640073
竩	yi	2972598592
竫	jing	2972557111
竬	qu	2972515630
竮	ping	2972474149
竰	li	2972432668
竰	shao	2972391187
竲	ceng	2972349706
竳	deng	2972308225
竴	cun	2972266744
竵	hua	2972225263
竵	wai	2972183782
竷	kan	2972142301
竸	jing	2972100820
竻	jin	2972059339
竻	le	2972017858
竼	peng	2971976377
竾	chi	2971934896
笀	mang	2971893415
笁	zhu	2971851934
笂	wan	2971810453
笅	jiao	2971768972
笅	xiao	2971727491
笇	suan	2971686010
笉	qin	2971644529
笌	ya	2971603048
笍	rui	2971561567
笍	zhui	2971520086
笎	yuan	2971478605
笐	gang	2971437124
笐	hang	2971395643
笒	cen	2971354162
笒	han	2971312681
笒	jin	2971271200
笓	bi	2971229719
笓	pi	2971188238
笖	yi	2971146757
笗	dong	2971105276
笘	shan	2971063795
笚	da	2971022314
笚	na	2970980833
笚	xia	2970939352
笜	zhu	2970897871
笝	na	2970856390
笟	gu	2970814909
笡	qie	2970773428
笢	min	2970731947
笣	bao	2970690466
笧	ce	2970648985
笧	shan	2970607504
笩	fa	2970566023
笩	pei	2970524542
笭	ling	2970483061
笯	nu	2970441580
笰	fu	2970400099
笲	fan	2970358618
笴	gan	2970317137
笵	fan	2970275656
笶	shi	2970234175
笷	mao	2970192694
笹	shi	2970151213
笹	ti	2970109732
笻	qiong	2970068251
笽	min	2970026770
笿	luo	2969985289
筀	gui	2969943808
筁	qu	2969902327
筂	chi	2969860846
筃	yin	2969819365
筄	yao	2969777884
筈	gua	2969736403
筈	kuo	2969694922
筊	jiao	2969653441
筊	xiao	2969611960
筎	ru	2969570479
筓	ji	2969528998
筕	hang	2969487517
筗	zhong	2969446036
筙	lai	2969404555
筞	ce	2969363074
筟	fu	2969321593
筡	tu	2969280112
筣	li	2969238631
筤	lang	2969197150
筥	ju	2969155669
筦	guan	2969114188
筨	han	2969072707
筩	tong	2969031226
筪	xia	2968989745
筫	zhi	2968948264
筬	cheng	2968906783
筭	suan	2968865302
筯	zhu	2968823821
筰	zuo	2968782340
筳	ting	2968740859
筶	gao	2968699378
筸	gan	2968657897
筺	kuang	2968616416
筽	o	2968574935
筽	ou	2968533454
筽	wu	2968491973
筿	xiao	2968450492
箁	bu	2968409011
箁	fu	2968367530
箁	pou	2968326049
箁	pu	2968284568
箃	zou	2968243087
箄	bei	2968201606
箄	bi	2968160125
箄	pai	2968118644
箆	bi	2968077163
箇	ge	2968035682
箈	chi	2967994201
箈	tai	2967952720
箉	dai	2967911239
箉	guai	2967869758
箊	yu	2967828277
箌	dao	2967786796
箌	zhao	2967745315
箎	chi	2967703834
箑	sha	2967662353
箒	zhou	2967620872
箖	lin	2967579391
箘	jun	2967537910
箙	fu	2967496429
箚	zha	2967454948
箛	gu	2967413467
箞	qian	2967371986
箟	jun	2967330505
箠	chui	2967289024
箣	ce	2967247543
箤	zu	2967206062
箥	bo	2967164581
箮	xuan	2967123100
箯	bian	2967081619
箰	sun	2967040138
箲	xian	2966998657
箳	ping	2966957176
箵	sheng	2966915695
箵	xing	2966874214
箶	hu	2966832733
箷	shi	2966791252
箷	yi	2966749771
箺	chun	2966708290
箻	lv	2966666809
箼	wu	2966625328
箽	dong	2966583847
箾	shuo	2966542366
箿	ji	2966500885
篂	xing	2966459404
篃	mei	2966417923
篅	chuan	2966376442
篅	duan	2966334961
篈	feng	2966293480
篊	hong	2966251999
篊	huang	2966210518
篍	qiu	2966169037
篎	miao	2966127556
篏	qian	2966086075
篐	gu	2966044594
篒	yi	2966003113
篕	he	2965961632
篖	tang	2965920151
篗	yue	2965878670
篛	ruo	2965837189
篜	zheng	2965795708
篞	nie	2965754227
篟	qian	2965712746
篠	xiao	2965671265
篣	pang	2965629784
篣	peng	2965588303
篧	zhuo	2965546822
篨	chu	2965505341
篫	zhu	2965463860
篬	cang	2965422379
篬	qiang	2965380898
篭	long	2965339417
篰	bu	2965297936
篲	hui	2965256455
篴	di	2965214974
篶	yan	2965173493
篹	zhuan	2965132012
篺	pi	2965090531
篻	biao	2965049050
篻	piao	2965007569
篽	yu	2964966088
簁	shai	2964924607
簁	xi	2964883126
簃	yi	2964841645
簄	hu	2964800164
簅	chan	2964758683
簆	kou	2964717202
簈	ping	2964675721
簉	zao	2964634240
簊	ji	2964592759
簎	ce	2964551278
簎	ji	2964509797
簐	nian	2964468316
簑	suo	2964426835
簒	cuan	2964385354
簓	diao	2964343873
簔	suo	2964302392
簕	le	2964260911
簗	zhu	2964219430
簘	xiao	2964177949
簙	bo	2964136468
簚	mi	2964094987
簛	shai	2964053506
簛	si	2964012025
簝	liao	2963970544
簠	fu	2963929063
簤	dai	2963887582
簨	sun	2963846101
簩	lao	2963804620
簬	lu	2963763139
簭	shi	2963721658
簮	zan	2963680177
簯	qi	2963638696
簰	pai	2963597215
簱	qi	2963555734
簲	pai	2963514253
簳	gan	2963472772
簴	ju	2963431291
簶	lu	2963389810
簷	yan	2963348329
簺	sai	2963306848
簼	gou	2963265367
簼	long	2963223886
籂	shi	2963182405
籄	kui	2963140924
籅	yu	2963099443
籆	yue	2963057962
籇	hao	2963016481
籈	jian	2962975000
籈	zhen	2962933519
籉	tai	2962892038
籊	ti	2962850557
籎	yi	2962809076
籏	qi	2962767595
籐	teng	2962726114
籑	zhuan	2962684633
籒	zhou	2962643152
籓	fan	2962601671
籕	zhou	2962560190
籖	qian	2962518709
籗	zhuo	2962477228
籘	teng	2962435747
籝	ying	2962394266
籞	yu	2962352785
籡	qie	2962311304
籥	yue	2962269823
籧	qu	2962228342
籨	lian	2962186861
籰	yue	2962145380
籱	zhuo	2962103899
籵	fan	2962062418
籶	shen	2962020937
籷	zhe	2961979456
籸	shen	2961937975
籹	nv	2961896494
籺	he	2961855013
籾	ni	2961813532
籿	cun	2961772051
粀	zhang	2961730570
粁	qian	2961689089
粂	zhai	2961647608
粃	bi	2961606127
粃	pi	2961564646
粄	ban	2961523165
粅	wu	2961481684
粆	chao	2961440203
粆	sha	2961398722
粇	jing	2961357241
粇	kang	2961315760
粈	rou	2961274279
粊	bi	2961232798
粋	cui	2961191317
粌	yin	2961149836
粍	zhe	2961108355
粎	chi	2961066874
粎	mi	2961025393
粏	ta	2960983912
粐	hu	2960942431
粓	gan	2960900950
粔	ju	2960859469
粖	mo	2960817988
粙	zhou	2960776507
粚	chi	2960735026
粚	li	2960693545
粛	su	2960652064
粠	hong	2960610583
粡	tong	2960569102
粣	ce	2960527621
粣	se	2960486140
粦	lin	2960444659
粧	zhuang	2960403178
粨	bai	2960361697
粩	lao	2960320216
粫	er	2960278735
粬	qu	2960237254
粭	he	2960195773
粰	fu	2960154292
粴	li	2960112811
粶	lu	2960071330
粷	ju	2960029849
粸	qi	2959988368
粺	bai	2959946887
粿	guo	2959905406
糀	hua	2959863925
糂	san	2959822444
糃	tang	2959780963
糄	bian	2959739482
糆	mian	2959698001
糉	zong	2959656520
糋	jian	2959615039
糎	li	2959573558
糏	xie	2959532077
糐	fu	2959490596
糑	nuo	2959449115
糒	bei	2959407634
糓	gu	2959366153
糔	xiu	2959324672
糘	jia	2959283191
糚	zhuang	2959241710
糛	tang	2959200229
糡	jiang	2959158748
糢	mo	2959117267
糣	san	2959075786
糤	san	2959034305
糥	nuo	2958992824
糦	xi	2958951343
糩	kuai	2958909862
糪	bo	2958868381
糫	huan	2958826900
糬	shu	2958785419
糭	zong	2958743938
糱	nie	2958702457
糳	zuo	2958660976
糵	nie	2958619495
糼	gong	2958578014
糿	you	2958536533
紎	zi	2958495052
紏	tou	2958453571
紣	cui	2958412090
紥	za	2958370609
紦	ha	2958329128
紪	ci	2958287647
紪	qi	2958246166
紮	za	2958204685
紴	bi	2958163204
紴	bo	2958121723
紷	ling	2958080242
紻	yang	2958038761
絈	mo	2957997280
絉	shu	2957955799
絊	zui	2957914318
絋	kuang	2957872837
経	jing	2957831356
絏	xie	2957789875
絒	chou	2957748394
絔	bai	2957706913
絔	mo	2957665432
絗	hu	2957623951
絛	di	2957582470
絛	tao	2957540989
絜	jie	2957499508
絜	xie	2957458027
絩	dao	2957416546
絩	diao	2957375065
絩	tiao	2957333584
絫	lei	2957292103
絬	xie	2957250622
絭	juan	2957209141
絴	xiang	2957167660
絵	hui	2957126179
綂	tong	2957084698
綑	kun	2957043217
綒	fu	2957001736
綔	hu	2956960255
綗	jiong	2956918774
継	ji	2956877293
続	xu	2956835812
綛	ren	2956794331
綤	shao	2956752850
綥	qi	2956711369
綨	qi	2956669888
綩	wan	2956628407
綶	guo	2956586926
緃	zong	2956545445
緈	xing	2956503964
緐	fan	2956462483
緕	zi	2956421002
緖	xu	2956379521
緜	mian	2956338040
緥	bao	2956296559
緭	wei	2956255078
緳	xie	2956213597
緽	cheng	2956172116
緿	dai	2956130635
縀	xia	2956089154
縁	yuan	2956047673
縂	zong	2956006192
縃	xu	2955964711
縄	sheng	2955923230
縅	wei	2955881749
縆	geng	2955840268
縇	xuan	2955798787
縏	pan	2955757306
縔	shuang	2955715825
縘	xi	2955674344
縙	rong	2955632863
縠	hu	2955591382
縢	teng	2955549901
縤	su	2955508420
縥	zhen	2955466939
縦	zong	2955425458
縨	huang	2955383977
繄	yi	2955342496
繉	hun	2955301015
繊	xian	2955259534
繋	ji	2955218053
繋	xi	2955176572
繌	sha	2955135091
繌	zong	2955093610
繍	xiu	2955052129
繛	chuo	2955010648
繝	jian	2954969167
繠	rui	2954927686
繤	zuan	2954886205
繥	xi	2954844724
繦	qiang	2954803243
繧	wen	2954761762
繱	cong	2954720281
繴	bi	2954678800
繺	shai	2954637319
纄	peng	2954595838
纅	li	2954554357
纅	yao	2954512876
纉	zuan	2954471395
纎	xian	2954429914
纐	jiao	2954388433
纒	chan	2954346952
纝	lei	2954305471
纞	lian	2954263990
缷	xie	2954222509
缹	fou	2954181028
缻	fou	2954139547
缼	que	2954098066
缾	ping	2954056585
缿	xiang	2954015104
罀	zhao	2953973623
罁	gang	2953932142
罇	zun	2953890661
罉	cheng	2953849180
罊	qi	2953807699
罋	weng	2953766218
罍	lei	2953724737
罒	wang	2953683256
罓	gang	2953641775
罓	wang	2953600294
罖	luo	2953558813
罙	mi	2953517332
罙	shen	2953475851
罛	gu	2953434370
罜	du	2953392889
罜	zhu	2953351408
罝	ju	2953309927
罞	mao	2953268446
罠	min	2953226965
罣	gua	2953185484
罤	kun	2953144003
罤	ti	2953102522
罥	juan	2953061041
罦	fu	2953019560
罧	shen	2952978079
罫	gua	2952936598
罬	zhuo	2952895117
罭	yu	2952853636
罯	an	2952812155
罳	si	2952770674
罶	liu	2952729193
罸	fa	2952687712
罺	chao	2952646231
罻	wei	2952604750
罽	ji	2952563269
罿	chong	2952521788
罿	tong	2952480307
羀	liu	2952438826
羃	mi	2952397345
羄	zhao	2952355864
羇	ji	2952314383
羉	luan	2952272902
羍	da	2952231421
羏	xiang	2952189940
羏	yang	2952148459
羐	you	2952106978
羑	you	2952065497
羒	fen	2952024016
羓	ba	2951982535
羕	yang	2951941054
羖	gu	2951899573
羗	qiang	2951858092
羘	zang	2951816611
羙	gao	2951775130
羙	mei	2951733649
羛	xi	2951692168
羛	yi	2951650687
羜	zhu	2951609206
羠	yi	2951567725
羢	rong	2951526244
羣	qun	2951484763
羦	huan	2951443282
羨	yan	2951401801
羪	yang	2951360320
羪	you	2951318839
羫	kang	2951277358
羫	qiang	2951235877
羬	qian	2951194396
羬	xian	2951152915
羬	yan	2951111434
羭	yu	2951069953
羮	geng	2951028472
羱	yuan	2950986991
羳	fan	2950945510
羴	shan	2950904029
羶	shan	2950862548
羷	lian	2950821067
羺	nou	2950779586
羻	qiang	2950738105
羾	gong	2950696624
翀	chong	2950655143
翂	fen	2950613662
翃	hong	2950572181
翄	chi	2950530700
翆	cui	2950489219
翇	fu	2950447738
翈	xia	2950406257
翉	ben	2950364776
翋	la	2950323295
翍	bi	2950281814
翍	pi	2950240333
翍	po	2950198852
翏	liu	2950157371
翐	zhi	2950115890
翑	qu	2950074409
翓	xie	2950032928
翖	xi	2949991447
翗	ke	2949949966
翛	shu	2949908485
翛	xiao	2949867004
翝	hong	2949825523
翞	jiang	2949784042
翢	dao	2949742561
翢	zhou	2949701080
翣	sha	2949659599
翤	chi	2949618118
翧	xuan	2949576637
翨	chi	2949535156
翪	zong	2949493675
翫	wan	2949452194
翭	hou	2949410713
翯	he	2949369232
翲	piao	2949327751
翴	lian	2949286270
翵	hou	2949244789
翵	qu	2949203308
翶	ao	2949161827
翷	lin	2949120346
翸	pen	2949078865
翺	ao	2949037384
翾	xuan	2948995903
耂	lao	2948954422
耇	gou	2948912941
耈	gou	2948871460
耉	gou	2948829979
耊	die	2948788498
耎	ruan	2948747017
耏	er	2948705536
耏	nai	2948664055
耑	duan	2948622574
耑	zhuan	2948581093
耓	ting	2948539612
耚	pi	2948498131
耛	chi	2948456650
耛	yi	2948415169
耝	chu	2948373688
耝	qu	2948332207
耞	jia	2948290726
耟	ju	2948249245
耡	chu	2948207764
耣	lun	2948166283
耤	ji	2948124802
耫	ze	2948083321
耫	zha	2948041840
耭	ji	2948000359
耯	huo	2947958878
耰	you	2947917397
耲	huai	2947875916
耴	yi	2947834435
耴	zhe	2947792954
耹	qin	2947751473
耺	ying	2947709992
耺	yun	2947668511
耼	dan	2947627030
耾	hong	2947585549
聀	zhi	2947544068
聁	pan	2947502587
聄	zhen	2947461106
聅	che	2947419625
聇	zheng	2947378144
聈	you	2947336663
聉	tui	2947295182
聉	wa	2947253701
聉	zhuo	2947212220
聎	tiao	2947170739
聏	er	2947129258
聏	nv	2947087777
聐	ya	2947046296
聑	tie	2947004815
聑	zhe	2946963334
聓	xu	2946921853
聕	hao	2946880372
聗	lie	2946838891
聙	jing	2946797410
聛	bi	2946755929
聜	di	2946714448
聝	guo	2946672967
聟	xu	2946631486
聠	ping	2946590005
聡	cong	2946548524
聢	ding	2946507043
聣	ni	2946465562
聤	ting	2946424081
聥	ju	2946382600
聦	cong	2946341119
聧	kui	2946299638
聨	lian	2946258157
聫	lian	2946216676
聬	weng	2946175195
聭	kui	2946133714
聮	lian	2946092233
聴	ting	2946050752
聸	dan	2946009271
聺	qie	2945967790
聼	ting	2945926309
肁	zhao	2945884828
肂	si	2945843347
肈	zhao	2945801866
肊	yi	2945760385
肍	qiu	2945718904
肎	ken	2945677423
肏	cao	2945635942
肐	ge	2945594461
肑	bo	2945552980
肑	di	2945511499
肒	huan	2945470018
肔	chi	2945428537
肔	yi	2945387056
肕	ren	2945345575
肗	ru	2945304094
肙	yuan	2945262613
肞	cha	2945221132
肣	han	2945179651
肣	qin	2945138170
肦	fen	2945096689
肧	pei	2945055208
肨	feng	2945013727
肨	pang	2944972246
肬	you	2944930765
肰	ran	2944889284
肳	wen	2944847803
肵	jin	2944806322
肵	qi	2944764841
肶	bi	2944723360
肶	pi	2944681879
肸	xi	2944640398
肹	xi	2944598917
肻	ken	2944557436
胅	die	2944515955
胇	bi	2944474474
胇	fei	2944432993
胈	ba	2944391512
胉	bo	2944350031
胊	qu	2944308550
胋	tian	2944267069
胏	zi	2944225588
胐	fei	2944184107
胐	ku	2944142626
胑	zhi	2944101145
胒	ni	2944059664
胓	peng	2944018183
胓	ping	2943976702
胔	zi	2943935221
胕	fu	2943893740
胕	zhou	2943852259
胘	xian	2943810778
胟	mu	2943769297
胠	qu	2943727816
胢	ke	2943686335
胣	chi	2943644854
胦	yang	2943603373
胮	pang	2943561892
胵	chi	2943520411
胵	zhi	2943478930
胷	xiong	2943437449
胹	er	2943395968
胻	heng	2943354487
胾	zi	2943313006
胿	gui	2943271525
胿	kui	2943230044
脀	cheng	2943188563
脀	zheng	2943147082
脁	tiao	2943105601
脃	cui	2943064120
脄	mei	2943022639
脇	xie	2942981158
脋	xie	2942939677
脌	nin	2942898196
脕	wan	2942856715
脕	wen	2942815234
脗	wen	2942773753
脙	xiu	2942732272
脜	you	2942690791
脝	heng	2942649310
脟	lie	2942607829
脟	luan	2942566348
脟	pao	2942524867
脠	chan	2942483386
脠	shan	2942441905
脡	ting	2942400424
脢	mei	2942358943
脣	chun	2942317462
脤	shen	2942275981
脦	te	2942234500
脧	juan	2942193019
脨	cu	2942151538
脨	ji	2942110057
脩	xiu	2942068576
脪	chi	2942027095
脪	xin	2941985614
脭	cheng	2941944133
脮	nei	2941902652
脮	tui	2941861171
脰	dou	2941819690
脳	nao	2941778209
脴	pi	2941736728
脵	gu	2941695247
脷	li	2941653766
脺	cui	2941612285
脺	sui	2941570804
脻	jie	2941529323
脼	lang	2941487842
脼	liang	2941446361
脽	shui	2941404880
脿	biao	2941363399
腀	lun	2941321918
腁	pian	2941280437
腂	guo	2941238956
腂	hua	2941197475
腂	lei	2941155994
腃	juan	2941114513
腃	kui	2941073032
腃	quan	2941031551
腄	chuai	2940990070
腄	chui	2940948589
腄	hou	2940907108
腅	dan	2940865627
腇	nei	2940824146
腉	nai	2940782665
腍	ren	2940741184
腏	chuo	2940699703
腏	zhui	2940658222
腒	ju	2940616741
腗	pi	2940575260
腛	wo	2940533779
腜	mei	2940492298
腝	er	2940450817
腝	nao	2940409336
腝	nen	2940367855
腝	ni	2940326374
腝	ruan	2940284893
腞	dun	2940243412
腞	tu	2940201931
腞	zhuan	2940160450
腟	chi	2940118969
腢	ou	2940077488
腣	di	2940036007
腤	an	2939994526
腨	shuan	2939953045
腬	rou	2939911564
腯	tu	2939870083
腲	wei	2939828602
腵	jia	2939787121
腶	duan	2939745640
腷	bi	2939704159
膁	qian	2939662678
膁	xian	2939621197
膁	yan	2939579716
膄	shou	2939538235
膄	sou	2939496754
膅	tang	2939455273
膆	su	2939413792
膇	zhui	2939372311
膉	yi	2939330830
膌	ji	2939289349
膍	pi	2939247868
膎	xie	2939206387
膐	lv	2939164906
膓	chang	2939123425
膔	biao	2939081944
膔	lu	2939040463
膖	pang	2938998982
膗	chuai	2938957501
膙	jiang	2938916020
膟	lv	2938874539
膡	ying	2938833058
膤	xue	2938791577
膥	chun	2938750096
膥	cun	2938708615
膧	tong	2938667134
膫	liao	2938625653
膬	cui	2938584172
膭	dui	2938542691
膭	gui	2938501210
膭	kui	2938459729
膯	teng	2938418248
膯	tun	2938376767
膰	fan	2938335286
膱	zhi	2938293805
膲	jiao	2938252324
膵	cui	2938210843
膸	sui	2938169362
膸	wei	2938127881
膼	zhua	2938086400
臄	jue	2938044919
臅	chu	2938003438
臈	la	2937961957
臋	tun	2937920476
臎	cui	2937878995
臐	xun	2937837514
臑	nao	2937796033
臒	wo	2937754552
臒	yue	2937713071
臓	zang	2937671590
臔	xian	2937630109
臕	biao	2937588628
臖	xing	2937547147
臙	yan	2937505666
臛	huo	2937464185
臝	luo	2937422704
臞	qu	2937381223
臦	guang	2937339742
臦	jiong	2937298261
臩	guang	2937256780
臩	jiong	2937215299
臫	jiao	2937173818
臮	ji	2937132337
臯	gao	2937090856
臰	chou	2937049375
臱	bian	2937007894
臱	mian	2936966413
臲	nie	2936924932
臵	ge	2936883451
臶	jian	2936841970
臷	die	2936800489
臷	zhi	2936759008
臸	jin	2936717527
臸	zhi	2936676046
臹	xiu	2936634565
臽	xian	2936593084
臿	cha	2936551603
舃	xi	2936510122
舎	she	2936468641
舏	jiu	2936427160
舑	tan	2936385679
舓	shi	2936344198
舕	tan	2936302717
舖	pu	2936261236
舗	pu	2936219755
舘	guan	2936178274
舙	hua	2936136793
舙	qi	2936095312
舚	tian	2936053831
舝	xia	2936012350
舠	dao	2935970869
舤	fan	2935929388
舥	pa	2935887907
舦	tai	2935846426
舧	fan	2935804945
舩	chuan	2935763464
舩	fan	2935721983
舮	lu	2935680502
舲	ling	2935639021
舺	xia	2935597540
舼	hong	2935556059
舼	qiong	2935514578
舽	feng	2935473097
舽	pang	2935431616
舿	kua	2935390135
艀	fu	2935348654
艁	zao	2935307173
艂	feng	2935265692
艃	li	2935224211
艅	yu	2935182730
艆	lang	2935141249
艈	yu	2935099768
艊	bo	2935058287
艌	nian	2935016806
艌	qian	2934975325
艍	ju	2934933844
艎	huang	2934892363
艐	jie	2934850882
艐	ke	2934809401
艐	zong	2934767920
艑	bian	2934726439
艒	mo	2934684958
艒	mu	2934643477
艓	die	2934601996
艔	dao	2934560515
艕	bang	2934519034
艖	cha	2934477553
艗	yi	2934436072
艝	xue	2934394591
艞	tiao	2934353110
艞	yao	2934311629
艠	deng	2934270148
艡	dang	2934228667
艢	qiang	2934187186
艣	lu	2934145705
艥	ji	2934104224
艧	huo	2934062743
艧	wo	2934021262
艩	qi	2933979781
艪	lu	2933938300
艬	chan	2933896819
艵	ping	2933855338
艶	yan	2933813857
艸	cao	2933772376
艻	le	2933730895
艼	ding	2933689414
艼	ting	2933647933
芀	tiao	2933606452
芁	jiao	2933564971
芃	peng	2933523490
芅	yi	2933482009
芆	cha	2933440528
芆	chai	2933399047
芇	mian	2933357566
芉	gan	2933316085
芌	yu	2933274604
芐	hu	2933233123
芐	xia	2933191642
芓	zi	2933150161
芔	hui	2933108680
芕	sui	2933067199
芖	zhi	2933025718
芚	tun	2932984237
芛	wei	2932942756
芞	qi	2932901275
芠	wen	2932859794
芢	ren	2932818313
芣	fou	2932776832
芣	fu	2932735351
芧	xu	2932693870
芲	hua	2932652389
芵	jue	2932610908
芶	gou	2932569427
芺	ao	2932527946
芼	mao	2932486465
芿	reng	2932444984
苀	hang	2932403503
苂	yin	2932362022
苃	you	2932320541
苅	yi	2932279060
苆	qie	2932237579
苉	pi	2932196098
苐	di	2932154617
苐	ti	2932113136
苖	di	2932071655
苙	li	2932030174
苚	yong	2931988693
苝	bei	2931947212
苢	yi	2931905731
苨	ni	2931864250
苩	bo	2931822769
苩	pa	2931781288
苪	bing	2931739807
苬	xiu	2931698326
苭	yao	2931656845
苮	xian	2931615364
苰	hong	2931573883
苲	zha	2931532402
苲	zuo	2931490921
苳	dong	2931449440
苵	die	2931407959
苶	nie	2931366478
苸	hu	2931324997
苺	mei	2931283516
苼	rui	2931242035
苼	sheng	2931200554
苽	gu	2931159073
苽	gua	2931117592
苾	bi	2931076111
苿	wei	2931034630
茀	fu	2930993149
茊	zi	2930951668
茋	di	2930910187
茍	ji	2930868706
茐	cong	2930827225
茒	yuan	2930785744
茓	xue	2930744263
茖	ge	2930702782
茘	li	2930661301
茙	rong	2930619820
茝	chai	2930578339
茝	zhi	2930536858
茞	chen	2930495377
茟	wei	2930453896
茟	yu	2930412415
茠	hao	2930370934
茠	xiu	2930329453
茡	zi	2930287972
茢	lie	2930246491
茣	wu	2930205010
茤	duo	2930163529
茤	ji	2930122048
茥	gui	2930080567
茦	ce	2930039086
茦	ci	2929997605
茩	gou	2929956124
茪	guang	2929914643
茮	jiao	2929873162
茮	niao	2929831681
茰	yu	2929790200
茷	fa	2929748719
茻	mang	2929707238
茻	mu	2929665757
茽	zhong	2929624276
茾	qian	2929582795
茿	zhu	2929541314
荁	huan	2929499833
荂	fu	2929458352
荄	gai	2929416871
荅	da	2929375390
荈	chuan	2929333909
荋	er	2929292428
荌	an	2929250947
荍	qiao	2929209466
荍	shou	2929167985
荎	chi	2929126504
荓	peng	2929085023
荓	ping	2929043542
荕	jin	2929002061
荖	cha	2928960580
荖	lao	2928919099
荗	shu	2928877618
荘	zhuang	2928836137
荢	zi	2928794656
荰	du	2928753175
荱	wei	2928711694
荲	li	2928670213
荳	dou	2928628732
荴	fu	2928587251
荵	ren	2928545770
荶	yin	2928504289
荹	bu	2928462808
荹	pu	2928421327
荺	yun	2928379846
荾	sui	2928338365
荿	cheng	2928296884
莀	chen	2928255403
莀	nong	2928213922
莁	wu	2928172441
莂	bie	2928130960
莃	xi	2928089479
莄	geng	2928047998
莇	zhu	2928006517
莈	mo	2927965036
莋	ji	2927923555
莋	zuo	2927882074
莌	tuo	2927840593
莍	qiu	2927799112
莏	suo	2927757631
莐	chen	2927716150
莑	feng	2927674669
莑	peng	2927633188
莔	meng	2927591707
莕	xing	2927550226
莗	che	2927508745
莙	jun	2927467264
莚	yan	2927425783
莝	cuo	2927384302
莟	han	2927342821
莡	cuo	2927301340
莣	wang	2927259859
莤	su	2927218378
莤	you	2927176897
莥	niu	2927135416
莥	rou	2927093935
莦	shao	2927052454
莬	mian	2927010973
莬	wan	2926969492
莬	wen	2926928011
莭	jie	2926886530
莮	nan	2926845049
莯	mu	2926803568
莵	tu	2926762087
莻	gong	2926720606
莾	mang	2926679125
莿	ci	2926637644
菂	di	2926596163
菃	qu	2926554682
菄	dong	2926513201
菆	zou	2926471720
菈	la	2926430239
菉	lu	2926388758
菋	wei	2926347277
菍	nie	2926305796
菍	ren	2926264315
菎	kun	2926222834
菐	pu	2926181353
菑	zai	2926139872
菑	zi	2926098391
菒	gao	2926056910
菓	guo	2926015429
菗	chou	2925973948
菙	chui	2925932467
菚	zhan	2925890986
菛	men	2925849505
菞	li	2925808024
菢	bao	2925766543
菣	qin	2925725062
菤	juan	2925683581
菦	qin	2925642100
菧	di	2925600619
菨	jie	2925559138
菨	sha	2925517657
菫	jin	2925476176
菬	qiao	2925434695
菬	zhao	2925393214
菭	chi	2925351733
菭	tai	2925310252
菭	zhi	2925268771
菮	geng	2925227290
菳	jin	2925185809
菳	qin	2925144328
菴	an	2925102847
菵	wang	2925061366
菶	beng	2925019885
菷	zhou	2924978404
菺	jian	2924936923
菻	lin	2924895442
菼	tan	2924853961
菾	tian	2924812480
菿	dao	2924770999
萀	hu	2924729518
萂	he	2924688037
萅	chun	2924646556
萈	huan	2924605075
萉	fei	2924563594
萉	fu	2924522113
萐	sha	2924480632
萒	juan	2924439151
萒	yan	2924397670
萓	yi	2924356189
萔	tiao	2924314708
萕	qi	2924273227
萖	wan	2924231746
萗	ce	2924190265
萙	zhen	2924148784
萛	jiu	2924107303
萞	bi	2924065822
萟	yi	2924024341
萠	meng	2923982860
萠	pan	2923941379
萡	bo	2923899898
萢	pao	2923858417
萣	ding	2923816936
萩	qiu	2923775455
萪	ke	2923733974
萫	xiang	2923692493
萭	ju	2923651012
萭	yu	2923609531
萮	yu	2923568050
萰	lian	2923526569
萲	xuan	2923485088
萳	nan	2923443607
萶	chun	2923402126
萷	shao	2923360645
萷	shuo	2923319164
萷	xiao	2923277683
萹	bian	2923236202
萹	pian	2923194721
萺	mao	2923153240
萺	mu	2923111759
萻	an	2923070278
萾	ying	2923028797
萿	huo	2922987316
萿	kuo	2922945835
葀	kuo	2922904354
葁	jiang	2922862873
葂	mian	2922821392
葃	ze	2922779911
葃	zuo	2922738430
葄	zuo	2922696949
葅	zu	2922655468
葇	rou	2922613987
葈	xi	2922572506
葊	an	2922531025
葋	qu	2922489544
葌	jian	2922448063
葍	fu	2922406582
葎	lv	2922365101
葏	jing	2922323620
葐	fen	2922282139
葐	pen	2922240658
葓	hong	2922199177
葔	hou	2922157696
葕	yan	2922116215
葖	tu	2922074734
葘	zi	2922033253
葞	mi	2921991772
葟	huang	2921950291
葠	shen	2921908810
葢	gai	2921867329
葥	jian	2921825848
葥	qian	2921784367
葧	bo	2921742886
葨	wei	2921701405
葪	ji	2921659924
葮	duan	2921618443
葰	jun	2921576962
葰	sui	2921535481
葰	suo	2921494000
葲	quan	2921452519
葴	zhen	2921411038
葹	shi	2921369557
葼	zong	2921328076
葽	yao	2921286595
葾	yuan	2921245114
葿	mei	2921203633
蒀	yun	2921162152
蒁	shu	2921120671
蒃	zhuan	2921079190
蒄	guan	2921037709
蒅	ran	2920996228
蒆	xue	2920954747
蒊	hua	2920913266
蒐	sou	2920871785
蒑	yin	2920830304
蒕	yun	2920788823
蒖	zhen	2920747342
蒘	na	2920705861
蒘	ru	2920664380
蒚	li	2920622899
蒛	que	2920581418
蒝	huan	2920539937
蒝	yuan	2920498456
蒟	ju	2920456975
蒠	xi	2920415494
蒢	chu	2920374013
蒣	shu	2920332532
蒣	xu	2920291051
蒤	tu	2920249570
蒥	liu	2920208089
蒦	huo	2920166608
蒧	dian	2920125127
蒨	qian	2920083646
蒩	ji	2920042165
蒩	ju	2920000684
蒩	zu	2919959203
蒪	po	2919917722
蒫	cuo	2919876241
蒬	yuan	2919834760
蒮	yu	2919793279
蒰	pan	2919751798
蒱	pu	2919710317
蒵	xi	2919668836
蒷	yun	2919627355
蒻	ruo	2919585874
蒾	mi	2919544393
蓂	ming	2919502912
蓃	sou	2919461431
蓅	liu	2919419950
蓆	xi	2919378469
蓇	gu	2919336988
蓈	lang	2919295507
蓌	cuo	2919254026
蓎	tang	2919212545
蓏	luo	2919171064
蓒	xuan	2919129583
蓔	yao	2919088102
蓔	zhuo	2919046621
蓕	gui	2919005140
蓗	zong	2918963659
蓘	gun	2918922178
蓙	zuo	2918880697
蓚	tiao	2918839216
蓛	ce	2918797735
蓜	pei	2918756254
蓞	dan	2918714773
蓡	shen	2918673292
蓢	lang	2918631811
蓤	leng	2918590330
蓤	ling	2918548849
蓧	diao	2918507368
蓨	tiao	2918465887
蓨	xiu	2918424406
蓩	mao	2918382925
蓪	tong	2918341444
蓫	chu	2918299963
蓫	zhu	2918258482
蓭	an	2918217001
蓱	ping	2918175520
蓳	jin	2918134039
蓵	jie	2918092558
蓶	wei	2918051077
蓷	tui	2918009596
蓸	cao	2917968115
蓹	yu	2917926634
蓺	yi	2917885153
蓻	ji	2917843672
蓻	ju	2917802191
蓻	zi	2917760710
蓾	lu	2917719229
蔀	bu	2917677748
蔁	zhang	2917636267
蔂	lei	2917594786
蔂	luo	2917553305
蔃	qiang	2917511824
蔅	yan	2917470343
蔆	ling	2917428862
蔇	ji	2917387381
蔈	biao	2917345900
蔈	piao	2917304419
蔉	gun	2917262938
蔊	han	2917221457
蔋	di	2917179976
蔍	cu	2917138495
蔍	lu	2917097014
蔏	shang	2917055533
蔐	di	2917014052
蔒	xun	2916972571
蔕	di	2916931090
蔖	cu	2916889609
蔖	cuo	2916848128
蔖	zha	2916806647
蔘	shen	2916765166
蔙	xuan	2916723685
蔛	hu	2916682204
蔜	ao	2916640723
蔝	mi	2916599242
蔢	bo	2916557761
蔢	po	2916516280
蔤	mi	2916474799
蔧	hui	2916433318
蔨	juan	2916391837
蔨	jun	2916350356
蔩	yin	2916308875
蔰	hu	2916267394
蔲	kou	2916225913
蔳	qian	2916184432
蔴	ma	2916142951
蔵	cang	2916101470
蔵	zang	2916059989
蔶	ze	2916018508
蔾	li	2915977027
蕀	ji	2915935546
蕂	sheng	2915894065
蕅	ou	2915852584
蕇	dian	2915811103
蕋	rui	2915769622
蕌	lei	2915728141
蕍	yu	2915686660
蕏	chu	2915645179
蕐	hua	2915603698
蕔	bao	2915562217
蕗	lu	2915520736
蕚	e	2915479255
蕛	ti	2915437774
蕜	fei	2915396293
蕠	ru	2915354812
蕣	shun	2915313331
蕥	ya	2915271850
蕦	xu	2915230369
蕫	dong	2915188888
蕬	si	2915147407
蕮	xi	2915105926
蕯	long	2915064445
蕰	wen	2915022964
蕰	yun	2914981483
蕱	shao	2914940002
蕱	shuo	2914898521
蕵	sun	2914857040
蕶	ling	2914815559
蕸	xia	2914774078
蕼	si	2914732597
蕿	xuan	2914691116
薁	ao	2914649635
薁	yu	2914608154
薂	xi	2914566673
薂	xiao	2914525192
薃	hao	2914483711
薍	luan	2914442230
薍	wan	2914400749
薎	mie	2914359268
薐	leng	2914317787
薒	can	2914276306
薓	shen	2914234825
薕	lian	2914193344
薗	yuan	2914151863
薙	ti	2914110382
薚	tang	2914068901
薝	zhan	2914027420
薞	sun	2913985939
薡	ding	2913944458
薢	xiao	2913902977
薢	xie	2913861496
薣	gu	2913820015
薥	shu	2913778534
薥	zhu	2913737053
薧	hao	2913695572
薧	kao	2913654091
薫	xun	2913612610
薬	yao	2913571129
薭	bai	2913529648
薶	mai	2913488167
薸	piao	2913446686
薻	zao	2913405205
薼	chen	2913363724
薽	zhen	2913322243
薾	er	2913280762
薿	ni	2913239281
藀	ying	2913197800
藂	cong	2913156319
藃	hao	2913114838
藃	he	2913073357
藃	xiao	2913031876
藄	qi	2912990395
藅	fa	2912948914
藆	jian	2912907433
藈	kui	2912865952
藊	bian	2912824471
藋	diao	2912782990
藌	mi	2912741509
藑	qiong	2912700028
藒	qie	2912658547
藔	liao	2912617066
藗	su	2912575585
藙	yi	2912534104
藛	xie	2912492623
藞	la	2912451142
藟	lei	2912409661
藠	jiao	2912368180
藡	di	2912326699
藢	zhi	2912285218
藦	mo	2912243737
藧	huan	2912202256
藨	biao	2912160775
藫	tan	2912119294
藮	qiao	2912077813
藯	wei	2912036332
藱	hui	2911994851
藲	ou	2911953370
藲	shu	2911911889
藳	gao	2911870408
藵	bao	2911828927
藸	chu	2911787446
藸	zha	2911745965
藸	zhu	2911704484
藼	xuan	2911663003
藽	qin	2911621522
蘁	wu	2911580041
蘂	rui	2911538560
蘃	rui	2911497079
蘉	mang	2911455598
蘉	meng	2911414117
蘌	yu	2911372636
蘍	xun	2911331155
蘎	ji	2911289674
蘏	jiong	2911248193
蘐	xuan	2911206712
蘒	qiu	2911165231
蘓	su	2911123750
蘔	jiong	2911082269
蘕	peng	2911040788
蘗	bo	2910999307
蘗	nie	2910957826
蘘	rang	2910916345
蘙	yi	2910874864
蘛	yu	2910833383
蘜	ju	2910791902
蘝	lian	2910750421
蘠	qiang	2910708940
蘣	tou	2910667459
蘤	hua	2910625978
蘤	wei	2910584497
蘥	yue	2910543016
蘦	ling	2910501535
蘨	yao	2910460054
蘪	mei	2910418573
蘮	ji	2910377092
蘯	dang	2910335611
蘰	man	2910294130
蘲	lei	2910252649
蘳	hui	2910211168
蘴	feng	2910169687
蘴	song	2910128206
蘶	wei	2910086725
蘷	kui	2910045244
蘻	ji	2910003763
蘽	lei	2909962282
蘾	huai	2909920801
虀	ji	2909879320
虁	kui	2909837839
虂	lu	2909796358
虃	jian	2909754877
虄	sa	2909713396
虇	quan	2909671915
虈	xiao	2909630434
虊	luan	2909588953
虋	men	2909547472
虌	bie	2909505991
虒	si	2909464510
虓	xiao	2909423029
虖	hu	2909381548
虗	xu	2909340067
虘	cuo	2909298586
虙	fu	2909257105
虝	hu	2909215624
虠	hao	2909174143
虠	jiao	2909132662
虡	ju	2909091181
虣	bao	2909049700
虤	yan	2909008219
虥	zhan	2908966738
虨	bin	2908925257
虩	xi	2908883776
虪	shu	2908842295
虭	dao	2908800814
虭	diao	2908759333
虰	cheng	2908717852
虰	ding	2908676371
虲	xia	2908634890
虳	jue	2908593409
虴	zhe	2908551928
虵	she	2908510447
虶	yu	2908468966
虷	gan	2908427485
虷	han	2908386004
虸	zi	2908344523
蚄	bang	2908303042
蚄	fang	2908261561
蚅	e	2908220080
蚆	ba	2908178599
蚇	chi	2908137118
蚈	qian	2908095637
蚉	wen	2908054156
蚎	yue	2908012675
蚏	yue	2907971194
蚐	jun	2907929713
蚑	qi	2907888232
蚒	tong	2907846751
蚔	qi	2907805270
蚖	yuan	2907763789
蚗	jue	2907722308
蚗	que	2907680827
蚘	hui	2907639346
蚙	qian	2907597865
蚙	qin	2907556384
蚚	qi	2907514903
蚛	zhong	2907473422
蚞	mu	2907431941
蚟	wang	2907390460
蚠	fen	2907348979
蚡	fen	2907307498
蚢	hang	2907266017
蚥	fu	2907224536
蚦	ran	2907183055
蚫	bao	2907141574
蚫	pao	2907100093
蚭	ni	2907058612
蚮	dai	2907017131
蚮	te	2906975650
蚲	ping	2906934169
蚳	chi	2906892688
蚷	ju	2906851207
蚸	li	2906809726
蚹	fu	2906768245
蚻	zha	2906726764
蚼	gou	2906685283
蚼	qu	2906643802
蚼	xu	2906602321
蚽	pi	2906560840
蚾	bo	2906519359
蚾	pi	2906477878
蚿	xian	2906436397
蛁	diao	2906394916
蛂	bie	2906353435
蛃	bing	2906311954
蛅	ran	2906270473
蛅	zhan	2906228992
蛈	tie	2906187511
蛌	gu	2906146030
蛍	ying	2906104549
蛒	ge	2906063068
蛒	luo	2906021587
蛓	ci	2905980106
蛕	hui	2905938625
蛖	bang	2905897144
蛖	mang	2905855663
蛗	fu	2905814182
蛚	lie	2905772701
蛜	yi	2905731220
蛝	xian	2905689739
蛠	li	2905648258
蛡	xu	2905606777
蛡	yi	2905565296
蛢	ping	2905523815
蛣	jie	2905482334
蛣	qi	2905440853
蛥	she	2905399372
蛦	yi	2905357891
蛧	wang	2905316410
蛨	mo	2905274929
蛪	ni	2905233448
蛪	qie	2905191967
蛫	gui	2905150486
蛬	qiong	2905109005
蛯	lao	2905067524
蛶	jie	2905026043
蛷	qiu	2904984562
蛽	bai	2904943081
蛽	bei	2904901600
蛿	han	2904860119
蜁	xuan	2904818638
蜄	shen	2904777157
蜄	zhen	2904735676
蜅	fu	2904694195
蜋	lang	2904652714
蜋	liang	2904611233
蜌	bi	2904569752
蜎	yuan	2904528271
蜏	you	2904486790
蜐	jie	2904445309
蜑	dan	2904403828
蜔	dian	2904362347
蜖	hui	2904320866
蜙	song	2904279385
蜛	ju	2904237904
蜝	qi	2904196423
蜟	yu	2904154942
蜠	jun	2904113461
蜤	si	2904071980
蜤	xi	2904030499
蜧	li	2903989018
蜨	die	2903947537
蜪	tao	2903906056
蜫	kun	2903864575
蜬	han	2903823094
蜭	han	2903781613
蜯	bang	2903740132
蜰	fei	2903698651
蜲	wei	2903657170
蜳	dun	2903615689
蜳	tun	2903574208
蜵	yuan	2903532727
蜵	yun	2903491246
蜶	suo	2903449765
蜹	rui	2903408284
蜹	wei	2903366803
蜺	ni	2903325322
蜼	tong	2903283841
蜼	wei	2903242360
蝂	ban	2903200879
蝃	di	2903159398
蝄	wang	2903117917
蝅	can	2903076436
蝆	yang	2903034955
蝊	ding	2902993474
蝋	la	2902951993
蝍	ji	2902910512
蝍	jie	2902869031
蝏	ting	2902827550
蝐	mao	2902786069
蝑	xie	2902744588
蝑	xu	2902703107
蝒	mian	2902661626
蝔	jie	2902620145
蝖	xuan	2902578664
蝘	yan	2902537183
蝚	nao	2902495702
蝚	rou	2902454221
蝛	wei	2902412740
蝝	yuan	2902371259
蝞	mei	2902329778
蝡	ru	2902288297
蝡	ruan	2902246816
蝢	xie	2902205335
蝧	ying	2902163854
蝨	shi	2902122373
蝩	chong	2902080892
蝩	zhong	2902039411
蝪	tang	2901997930
蝫	zhu	2901956449
蝬	zong	2901914968
蝭	chi	2901873487
蝭	ti	2901832006
蝯	yuan	2901790525
蝱	meng	2901749044
蝲	la	2901707563
蝳	dai	2901666082
蝳	du	2901624601
蝵	qiu	2901583120
蝷	li	2901541639
蝷	xi	2901500158
蝹	ao	2901458677
蝹	yun	2901417196
蝺	qu	2901375715
蝺	yu	2901334234
蝿	ying	2901292753
螁	shui	2901251272
螁	tui	2901209791
螁	tun	2901168310
螆	ci	2901126829
螇	qi	2901085348
螇	xi	2901043867
螉	weng	2901002386
螊	lian	2900960905
螌	ban	2900919424
螌	huan	2900877943
螌	pan	2900836462
螎	rong	2900794981
螏	ji	2900753500
螐	wu	2900712019
螑	xiu	2900670538
螒	han	2900629057
螔	si	2900587576
螔	yi	2900546095
螕	bi	2900504614
螕	pi	2900463133
螖	hua	2900421652
螙	du	2900380171
螚	nai	2900338690
螛	he	2900297209
螛	xia	2900255728
螜	hu	2900214247
螝	gui	2900172766
螝	hui	2900131285
螠	yi	2900089804
螡	wen	2900048323
螣	teng	2900006842
螤	zhong	2899965361
螥	cang	2899923880
螦	sao	2899882399
螧	qi	2899840918
螩	dao	2899799437
螪	shang	2899757956
螰	lu	2899716475
螱	wei	2899674994
螲	die	2899633513
螲	zhi	2899592032
螶	ju	2899550551
螶	qu	2899509070
螷	pi	2899467589
螸	yu	2899426108
螼	qin	2899384627
螾	yin	2899343146
蟁	wen	2899301665
蟃	wan	2899260184
蟅	zhe	2899218703
蟇	ma	2899177222
蟉	liao	2899135741
蟉	liu	2899094260
蟌	cong	2899052779
蟍	li	2899011298
蟐	chan	2898969817
蟐	chang	2898928336
蟔	mo	2898886855
蟕	zui	2898845374
蟖	si	2898803893
蟗	qiu	2898762412
蟙	zhi	2898720931
蟚	peng	2898679450
蟝	qu	2898637969
蟞	bie	2898596488
蟟	liao	2898555007
蟢	xi	2898513526
蟤	zhuan	2898472045
蟧	lao	2898430564
蟧	liao	2898389083
蟨	jue	2898347602
蟩	jue	2898306121
蟫	xun	2898264640
蟫	yin	2898223159
蟭	jiao	2898181678
蟰	xiao	2898140197
蟴	si	2898098716
蟵	chu	2898057235
蟸	li	2898015754
蟺	shan	2897974273
蟼	jing	2897932792
蟿	qi	2897891311
蠂	she	2897849830
蠄	qin	2897808349
蠇	li	2897766868
蠉	xuan	2897725387
蠋	zhu	2897683906
蠍	xie	2897642425
蠎	mang	2897600944
蠏	xie	2897559463
蠔	hao	2897517982
蠗	zhuo	2897476501
蠘	jie	2897435020
蠚	he	2897393539
蠜	fan	2897352058
蠝	lei	2897310577
蠠	mian	2897269096
蠠	min	2897227615
蠤	qiu	2897186134
蠥	nie	2897144653
蠧	du	2897103172
蠩	zhu	2897061691
蠫	li	2897020210
蠬	long	2896978729
蠭	feng	2896937248
蠭	pang	2896895767
蠮	ye	2896854286
蠯	beng	2896812805
蠯	pi	2896771324
蠰	nang	2896729843
蠰	shang	2896688362
蠴	shu	2896646881
蠵	xi	2896605400
蠷	qu	2896563919
蠸	quan	2896522438
蠺	can	2896480957
蠽	jie	2896439476
蠿	zhuo	2896397995
衁	huang	2896356514
衂	niu	2896315033
衂	nv	2896273552
衃	fou	2896232071
衃	pei	2896190590
衇	mai	2896149109
衈	er	2896107628
衉	ka	2896066147
衉	ke	2896024666
衋	xi	2895983185
衎	kan	2895941704
衏	yuan	2895900223
衐	qu	2895858742
衑	ling	2895817261
衒	xuan	2895775780
衖	long	2895734299
衖	xiang	2895692818
衘	xian	2895651337
衘	yu	2895609856
衜	dao	2895568375
衞	wei	2895526894
衟	dao	2895485413
衠	zhun	2895443932
衦	gan	2895402451
衧	yu	2895360970
衪	yi	2895319489
衭	fu	2895278008
衯	fen	2895236527
衯	pen	2895195046
衱	jie	2895153565
衳	zhong	2895112084
衴	dan	2895070603
衵	ni	2895029122
衵	yi	2894987641
衶	zhong	2894946160
衸	jie	2894904679
衺	xie	2894863198
衻	ran	2894821717
衼	zhi	2894780236
袀	jun	2894738755
袃	chai	2894697274
袇	ran	2894655793
袉	tuo	2894614312
袊	ling	2894572831
袌	bao	2894531350
袌	pao	2894489869
袎	yao	2894448388
袏	zuo	2894406907
袐	bi	2894365426
袑	shao	2894323945
袓	jie	2894282464
袓	ju	2894240983
袔	he	2894199502
袔	ke	2894158021
袔	kua	2894116540
袕	xue	2894075059
袗	zhen	2894033578
袘	tuo	2893992097
袘	yi	2893950616
袙	pa	2893909135
袚	bo	2893867654
袚	fu	2893826173
袛	di	2893784692
袝	fu	2893743211
袟	zhi	2893701730
袠	zhi	2893660249
袡	ran	2893618768
袣	yi	2893577287
袥	tuo	2893535806
袦	jue	2893494325
袦	na	2893452844
袧	gou	2893411363
袨	xuan	2893369882
袩	chan	2893328401
袩	zhe	2893286920
袪	qu	2893245439
袬	gun	2893203958
袬	yu	2893162477
袮	mi	2893120996
袮	ni	2893079515
袰	bo	2893038034
袲	chi	2892996553
袲	nuo	2892955072
袳	chi	2892913591
袳	duo	2892872110
袳	nuo	2892830629
袳	qi	2892789148
袴	ku	2892747667
袵	ren	2892706186
袶	jiang	2892664705
袸	jian	2892623224
袸	zun	2892581743
袹	bo	2892540262
袹	mo	2892498781
袺	jie	2892457300
袻	er	2892415819
袽	ru	2892374338
袾	zhu	2892332857
袿	gua	2892291376
袿	gui	2892249895
裀	yin	2892208414
裃	ka	2892166933
裄	hang	2892125452
裇	xu	2892083971
裋	shu	2892042490
裍	kun	2892001009
裐	juan	2891959528
裑	shen	2891918047
裓	ge	2891876566
裓	jie	2891835085
裖	zhen	2891793604
裗	liu	2891752123
裚	ji	2891710642
裛	yi	2891669161
裞	shui	2891627680
裠	qun	2891586199
裦	fou	2891544718
裧	chan	2891503237
裧	tan	2891461756
裩	kun	2891420275
裪	tao	2891378794
裫	yuan	2891337313
裬	ling	2891295832
裭	chi	2891254351
裮	chang	2891212870
裯	chou	2891171389
裵	pei	2891129908
裶	fei	2891088427
裷	gun	2891046946
裷	yuan	2891005465
裺	an	2890963984
裺	yan	2890922503
裻	du	2890881022
裿	qi	2890839541
裿	yi	2890798060
褀	ji	2890756579
褀	qi	2890715098
褁	guo	2890673617
褁	zhi	2890632136
褃	ken	2890590655
褄	qi	2890549174
褅	ti	2890507693
褆	shi	2890466212
褆	ti	2890424731
褈	chong	2890383250
褈	zhong	2890341769
褉	xie	2890300288
褋	die	2890258807
褍	duan	2890217326
褍	tuan	2890175845
褎	xiu	2890134364
褏	xiu	2890092883
褑	yuan	2890051402
褔	fu	2890009921
褕	yu	2889968440
褖	tuan	2889926959
褗	yan	2889885478
褜	pao	2889843997
褞	wen	2889802516
褞	yun	2889761035
褟	ta	2889719554
褠	gou	2889678073
褢	huai	2889636592
褣	rong	2889595111
褤	yuan	2889553630
褦	nai	2889512149
褧	jiong	2889470668
褨	cha	2889429187
褨	suo	2889387706
褩	ban	2889346225
褩	pan	2889304744
褬	sang	2889263263
褮	ying	2889221782
褯	jie	2889180301
褱	huai	2889138820
褵	li	2889097339
褷	shi	2889055858
褹	nie	2889014377
褹	yi	2888972896
褼	xian	2888931415
褽	wei	2888889934
褾	biao	2888848453
褿	cao	2888806972
襃	bao	2888765491
襅	bi	2888724010
襆	fu	2888682529
襆	pu	2888641048
襈	juan	2888599567
襈	zhuan	2888558086
襉	jian	2888516605
襊	cui	2888475124
襊	cuo	2888433643
襋	ji	2888392162
襍	za	2888350681
襎	bo	2888309200
襎	fan	2888267719
襐	xiang	2888226238
襑	xin	2888184757
襒	bie	2888143276
襔	man	2888101795
襙	cao	2888060314
襚	sui	2888018833
襜	chan	2887977352
襡	shu	2887935871
襢	tan	2887894390
襣	bi	2887852909
襥	fu	2887811428
襥	pu	2887769947
襧	zhi	2887728466
襩	shu	2887686985
襫	shi	2887645504
襮	bo	2887604023
襳	shan	2887562542
襳	xian	2887521061
襶	dai	2887479580
襷	ju	2887438099
襺	jian	2887396618
襽	lan	2887355137
襾	ya	2887313656
覀	xi	2887272175
覂	feng	2887230694
覄	fu	2887189213
覅	fiao	2887147732
覇	ba	2887106251
覈	he	2887064770
覉	ji	2887023289
覊	ji	2886981808
覌	guan	2886940327
覍	bian	2886898846
覐	jue	2886857365
覑	pian	2886815884
覙	luo	2886774403
覚	jue	2886732922
覝	lian	2886691441
覞	yao	2886649960
覣	wei	2886608479
覧	lan	2886566998
覨	e	2886525517
覱	zhan	2886484036
観	guan	2886442555
覵	bian	2886401074
覵	jian	2886359593
覾	shen	2886318112
觓	qiu	2886276631
觔	jin	2886235150
觕	cu	2886193669
觗	zhi	2886152188
觘	chao	2886110707
觙	ji	2886069226
觛	dan	2886027745
觝	di	2885986264
觟	hua	2885944783
觟	xie	2885903302
觠	quan	2885861821
觡	ge	2885820340
觢	shi	2885778859
觤	gui	2885737378
觧	jie	2885695897
觨	hun	2885654416
觩	qiu	2885612935
觪	xing	2885571454
觬	ni	2885529973
觭	ji	2885488492
觮	lu	2885447011
觰	da	2885405530
觰	zha	2885364049
觱	bi	2885322568
觲	xing	2885281087
觵	gong	2885239606
觺	yi	2885198125
觼	jue	2885156644
觾	yan	2885115163
觿	xi	2885073682
訄	kao	2885032201
訄	qiu	2884990720
訅	qiu	2884949239
訋	diao	2884907758
訔	yin	2884866277
訙	xun	2884824796
訠	shen	2884783315
訡	yin	2884741834
訤	na	2884700353
訤	xiao	2884658872
訫	xin	2884617391
訮	xian	2884575910
訮	yan	2884534429
訲	yi	2884492948
訳	yi	2884451467
訵	chi	2884409986
訿	zi	2884368505
詂	fu	2884327024
詋	zhou	2884285543
詙	ba	2884244062
詙	bo	2884202581
詚	da	2884161100
詤	huang	2884119619
詧	cha	2884078138
詸	mi	2884036657
詽	yan	2883995176
詾	xiong	2883953695
誀	chi	2883912214
誀	er	2883870733
誈	wu	2883829252
誖	bei	2883787771
誛	qin	2883746290
誝	an	2883704809
誟	xiao	2883663328
誢	xian	2883621847
読	du	2883580366
誮	hua	2883538885
誯	chang	2883497404
誱	jie	2883455923
誵	xiao	2883414442
誸	xian	2883372961
諀	bei	2883331480
諀	pi	2883289999
諅	ji	2883248518
諊	ju	2883207037
諐	qian	2883165556
諙	hua	2883124075
諙	huai	2883082594
諚	pian	2883041113
諡	shi	2882999632
諨	fu	2882958151
諩	pu	2882916670
諪	ting	2882875189
諬	qi	2882833708
諽	ge	2882792227
諿	qi	2882750746
諿	xu	2882709265
謃	xing	2882667784
謈	pao	2882626303
謈	po	2882584822
謒	qiang	2882543341
謓	chen	2882501860
謓	zhen	2882460379
謕	si	2882418898
謕	ti	2882377417
謘	chi	2882335936
謢	hu	2882294455
謢	lu	2882252974
謤	biao	2882211493
謤	piao	2882170012
謩	mo	2882128531
謪	shang	2882087050
謮	ze	2882045569
謷	ao	2882004088
謺	zhe	2881962607
謽	jiang	2881921126
謿	chao	2881879645
譃	xu	2881838164
譋	lan	2881796683
譍	ying	2881755202
譕	mo	2881713721
譕	wu	2881672240
譗	zha	2881630759
譛	zen	2881589278
譝	sheng	2881547797
譣	xian	2881506316
譤	ji	2881464835
譥	jiao	2881423354
譪	ai	2881381873
譭	hui	2881340392
譮	hua	2881298911
譮	hui	2881257430
譮	xie	2881215949
譱	shan	2881174468
譲	rang	2881132987
譵	dui	2881091506
譵	zhui	2881050025
譶	ta	2881008544
讁	zhe	2880967063
讃	zan	2880925582
讄	lei	2880884101
讈	li	2880842620
讍	e	2880801139
讏	wei	2880759658
讐	chou	2880718177
讗	xie	2880676696
谸	qian	2880635215
谹	hong	2880593734
谺	xia	2880552253
谻	ji	2880510772
谼	hong	2880469291
谽	han	2880427810
谾	hong	2880386329
谾	long	2880344848
谿	xi	2880303367
豀	xi	2880261886
豂	liao	2880220405
豃	gan	2880178924
豃	han	2880137443
豊	feng	2880095962
豊	li	2880054481
豋	deng	2880013000
豍	bi	2879971519
豍	bian	2879930038
豏	xian	2879888557
豑	zhi	2879847076
豒	zhi	2879805595
豓	yan	2879764114
豔	yan	2879722633
豖	chu	2879681152
豗	hui	2879639671
豘	tun	2879598190
豙	yi	2879556709
豛	yi	2879515228
豜	jian	2879473747
豝	ba	2879432266
豞	hou	2879390785
豟	e	2879349304
豠	chu	2879307823
豣	jian	2879266342
豤	ken	2879224861
豤	kun	2879183380
豥	gai	2879141899
豦	ju	2879100418
豦	qu	2879058937
豧	fu	2879017456
豧	pu	2878975975
豨	xi	2878934494
豩	bin	2878893013
豩	huan	2878851532
豭	jia	2878810051
豯	xi	2878768570
豰	bo	2878727089
豰	gou	2878685608
豰	hu	2878644127
豰	huo	2878602646
豱	wen	2878561165
豲	huan	2878519684
豴	di	2878478203
豷	yi	2878436722
豻	an	2878395241
豻	han	2878353760
豼	pi	2878312279
豽	na	2878270798
豾	pi	2878229317
豿	gou	2878187836
貀	duo	2878146355
貀	na	2878104874
貁	you	2878063393
貃	mo	2878021912
貄	si	2877980431
貆	huan	2877938950
貇	ken	2877897469
貇	kun	2877855988
貇	mao	2877814507
貈	he	2877773026
貈	mo	2877731545
貋	an	2877690064
貋	han	2877648583
貍	li	2877607102
貎	ni	2877565621
貏	bi	2877524140
貐	yu	2877482659
貑	jia	2877441178
貒	tuan	2877399697
貕	xi	2877358216
貖	e	2877316735
貖	yi	2877275254
貚	tan	2877233773
貛	huan	2877192292
貜	jue	2877150811
貥	hang	2877109330
貭	zhi	2877067849
貮	er	2877026368
貵	pian	2876984887
貹	sheng	2876943406
賆	pian	2876901925
賉	xu	2876860444
賋	jiao	2876818963
賌	gai	2876777482
賍	zang	2876736001
賎	jian	2876694520
賐	xun	2876653039
賔	bin	2876611558
賖	she	2876570077
賘	zang	2876528596
賩	cong	2876487115
賯	xiong	2876445634
賱	yun	2876404153
賳	zai	2876362672
賷	ji	2876321191
賿	liao	2876279710
贀	yi	2876238229
贁	bai	2876196748
贂	chen	2876155267
贌	pu	2876113786
贎	wan	2876072305
贒	xian	2876030824
贘	shang	2875989343
赥	xi	2875947862
赨	tong	2875906381
赨	xiong	2875864900
赩	xi	2875823419
赮	xia	2875781938
赯	tang	2875740457
赱	zou	2875698976
赲	li	2875657495
赸	shan	2875616014
赹	qiong	2875574533
赺	qin	2875533052
赺	yin	2875491571
赻	xian	2875450090
赼	ci	2875408609
赼	zi	2875367128
赽	gui	2875325647
赽	jue	2875284166
赾	qin	2875242685
赿	chi	2875201204
赿	di	2875159723
趀	ci	2875118242
趂	chen	2875076761
趃	die	2875035280
趃	tu	2874993799
趆	di	2874952318
趇	xi	2874910837
趈	zhan	2874869356
趉	ju	2874827875
趉	jue	2874786394
趌	ji	2874744913
趌	jie	2874703432
趍	chi	2874661951
趍	qu	2874620470
趎	chu	2874578989
趏	gua	2874537508
趏	huo	2874496027
趐	chi	2874454546
趐	xue	2874413065
趒	tiao	2874371584
趓	duo	2874330103
趖	suo	2874288622
趗	cu	2874247141
趘	xi	2874205660
趚	su	2874164179
趛	yin	2874122698
趜	ju	2874081217
趜	qiu	2874039736
趜	qu	2873998255
趝	jian	2873956774
趞	ji	2873915293
趞	qi	2873873812
趞	que	2873832331
趠	chao	2873790850
趠	chuo	2873749369
趠	tiao	2873707888
趠	zhuo	2873666407
趡	cui	2873624926
趢	lu	2873583445
趤	dang	2873541964
趥	cu	2873500483
趥	qiu	2873459002
趦	zi	2873417521
趧	ti	2873376040
趩	chi	2873334559
趪	guang	2873293078
趪	huang	2873251597
趭	jiao	2873210116
趮	zao	2873168635
趯	ti	2873127154
趯	yue	2873085673
趰	er	2873044192
趶	ku	2873002711
趶	wu	2872961230
趷	ke	2872919749
趹	jue	2872878268
趻	chen	2872836787
趽	fang	2872795306
趽	pang	2872753825
跀	yue	2872712344
跁	ba	2872670863
跁	pa	2872629382
跂	ji	2872587901
跂	qi	2872546420
跂	zhi	2872504939
跅	tuo	2872463458
跇	yi	2872421977
跈	chen	2872380496
跈	jian	2872339015
跈	nian	2872297534
跈	tian	2872256053
跉	ling	2872214572
跊	mei	2872173091
跍	ku	2872131610
跐	ci	2872090129
跒	qia	2872048648
跓	zhu	2872007167
跔	ju	2871965686
跔	qu	2871924205
跕	dian	2871882724
跕	die	2871841243
跘	ban	2871799762
跘	pan	2871758281
跙	ju	2871716800
跜	ni	2871675319
跠	yi	2871633838
跢	chi	2871592357
跢	dai	2871550876
跢	duo	2871509395
跥	duo	2871467914
跦	zhu	2871426433
跧	quan	2871384952
跩	zhuai	2871343471
跭	xiang	2871301990
跮	chi	2871260509
跰	beng	2871219028
跰	bing	2871177547
跰	pian	2871136066
跱	zhi	2871094585
跲	jia	2871053104
跴	cai	2871011623
跼	ju	2870970142
跾	chou	2870928661
跾	shu	2870887180
跿	chuo	2870845699
跿	duo	2870804218
跿	tu	2870762737
踀	chu	2870721256
踀	cu	2870679775
踁	jing	2870638294
踁	keng	2870596813
踂	nie	2870555332
踃	qiao	2870513851
踃	xiao	2870472370
踄	bu	2870430889
踆	cun	2870389408
踆	qun	2870347927
踇	mu	2870306446
踈	shu	2870264965
踋	jiao	2870223484
踍	qiao	2870182003
踎	mou	2870140522
踑	ji	2870099041
踑	qi	2870057560
踒	wo	2870016079
踓	cu	2869974598
踓	wei	2869933117
踕	jie	2869891636
踖	ji	2869850155
踗	nie	2869808674
踘	ju	2869767193
踙	ju	2869725712
踙	nie	2869684231
踛	lu	2869642750
踜	leng	2869601269
踠	wan	2869559788
踠	wo	2869518307
踡	quan	2869476826
踤	cu	2869435345
踤	zu	2869393864
踥	qie	2869352383
踦	ji	2869310902
踦	yi	2869269421
踧	cu	2869227940
踨	zong	2869186459
踫	peng	2869144978
踭	zheng	2869103497
踰	yu	2869062016
踲	dun	2869020535
踳	chuan	2868979054
踳	chun	2868937573
踶	di	2868896092
踷	zha	2868854611
踸	chen	2868813130
踻	gua	2868771649
踻	tuo	2868730168
踼	tang	2868688687
踾	bi	2868647206
踾	fu	2868605725
踿	zu	2868564244
蹃	na	2868522763
蹃	nuo	2868481282
蹃	re	2868439801
蹅	cha	2868398320
蹅	zha	2868356839
蹆	tui	2868315358
蹍	chan	2868273877
蹍	nian	2868232396
蹍	zhan	2868190915
蹎	dian	2868149434
蹏	ti	2868107953
蹐	ji	2868066472
蹓	liu	2868024991
蹖	chong	2867983510
蹗	lu	2867942029
蹘	liao	2867900548
蹚	tang	2867859067
蹜	su	2867817586
蹜	suo	2867776105
蹝	xi	2867734624
蹞	kui	2867693143
蹠	zhi	2867651662
蹢	di	2867610181
蹧	zao	2867568700
蹨	nian	2867527219
蹨	ran	2867485738
蹫	ju	2867444257
蹮	xian	2867402776
蹱	chong	2867361295
蹱	zhong	2867319814
蹵	cu	2867278333
蹷	jue	2867236852
蹸	lin	2867195371
蹹	ta	2867153890
蹽	liao	2867112409
蹾	dun	2867070928
躃	bi	2867029447
躄	bi	2866987966
躆	ju	2866946485
躈	qiao	2866905004
躌	wu	2866863523
躖	duan	2866822042
躗	wei	2866780561
躙	lin	2866739080
躛	wei	2866697599
躟	rang	2866656118
躠	sa	2866614637
躠	xie	2866573156
躢	ta	2866531675
躣	qu	2866490194
躤	ji	2866448713
躤	jie	2866407232
躨	kui	2866365751
躩	jue	2866324270
躭	dan	2866282789
躮	fen	2866241308
躰	ti	2866199827
躱	duo	2866158346
躳	gong	2866116865
躴	lang	2866075384
躵	ren	2866033903
躶	luo	2865992422
躷	ai	2865950941
躸	ji	2865909460
躹	ju	2865867979
躻	kong	2865826498
躼	lao	2865785017
躽	yan	2865743536
躾	mei	2865702055
躿	kang	2865660574
軁	lou	2865619093
軁	lv	2865577612
軄	zhi	2865536131
軅	yan	2865494650
軆	ti	2865453169
軈	ying	2865411688
軐	xian	2865370207
軐	xin	2865328726
軙	chen	2865287245
軙	qi	2865245764
軠	kuang	2865204283
軠	ren	2865162802
軡	qian	2865121321
転	zhuan	2865079840
軣	hong	2865038359
軦	kuang	2864996878
軩	dai	2864955397
軪	ao	2864913916
軭	kuang	2864872435
軰	bei	2864830954
軴	zhu	2864789473
軶	e	2864747992
軽	qing	2864706511
軽	zhi	2864665030
輌	liang	2864623549
輍	yu	2864582068
輎	shao	2864540587
輏	you	2864499106
輧	peng	2864457625
輧	ping	2864416144
輭	ruan	2864374663
輰	yang	2864333182
輱	kan	2864291701
輱	xian	2864250220
輺	zi	2864208739
輽	ben	2864167258
轋	hun	2864125777
轌	xue	2864084296
轜	er	2864042815
辝	ci	2864001334
辠	zui	2863959853
辡	bian	2863918372
辢	la	2863876891
辤	ci	2863835410
辥	xue	2863793929
辥	yi	2863752448
辧	bian	2863710967
辪	xue	2863669486
辬	ban	2863628005
辳	nong	2863586524
辴	chan	2863545043
辴	zhen	2863503562
辵	chuo	2863462081
辷	yi	2863420600
辸	reng	2863379119
辺	bian	2863337638
辻	shi	2863296157
込	ru	2863254676
込	yu	2863213195
辿	chan	2863171714
迀	gan	2863130233
迃	yu	2863088752
迆	tuo	2863047271
迆	yi	2863005790
迉	qi	2862964309
迊	za	2862922828
迋	wang	2862881347
迌	tu	2862839866
迍	zhun	2862798385
迏	da	2862756904
迏	ti	2862715423
迒	hang	2862673942
迒	xiang	2862632461
迖	da	2862590980
迗	e	2862549499
迚	da	2862508018
迠	che	2862466537
迡	chi	2862425056
迡	ni	2862383575
迣	zhi	2862342094
迧	chen	2862300613
迬	wang	2862259132
迬	zhu	2862217651
迯	tao	2862176170
迱	tuo	2862134689
迱	yi	2862093208
迲	qu	2862051727
迵	dong	2862010246
迶	you	2861968765
迺	nai	2861927284
迻	yi	2861885803
迼	jie	2861844322
迾	lie	2861802841
迿	xun	2861761360
逇	dun	2861719879
逈	jiong	2861678398
逌	you	2861636917
逎	qiu	2861595436
逓	di	2861553955
逘	si	2861512474
逘	yi	2861470993
逜	wu	2861429512
逤	suo	2861388031
逥	hui	2861346550
逧	gu	2861305069
逨	lai	2861263588
逩	ben	2861222107
逪	cuo	2861180626
逫	jue	2861139145
逫	zhu	2861097664
逬	beng	2861056183
逬	peng	2861014702
逰	you	2860973221
週	zhou	2860931740
逳	yu	2860890259
逴	chuo	2860848778
逷	ti	2860807297
逹	da	2860765816
逺	yuan	2860724335
逽	nuo	2860682854
遀	sui	2860641373
遃	an	2860599892
遃	yan	2860558411
遅	chi	2860516930
遆	ti	2860475449
遈	shi	2860433968
遊	you	2860392487
遌	e	2860351006
遖	nan	2860309525
遚	chou	2860268044
遝	ta	2860226563
遟	chi	2860185082
遟	xi	2860143601
遟	zhi	2860102120
遡	su	2860060639
遤	ma	2860019158
遦	guan	2859977677
遧	zhang	2859936196
遪	ca	2859894715
遫	chi	2859853234
遫	su	2859811753
遬	su	2859770272
遯	dun	2859728791
遳	cuo	2859687310
遹	yu	2859645829
遻	e	2859604348
遻	wu	2859562867
遾	shi	2859521386
邅	zhan	2859479905
邆	teng	2859438424
邉	bian	2859396943
邌	chi	2859355462
邌	li	2859313981
邍	yuan	2859272500
邎	yao	2859231019
邒	ting	2859189538
邔	qi	2859148057
邖	shan	2859106576
邘	yu	2859065095
邚	fu	2859023614
邚	ru	2858982133
邜	xi	2858940652
邞	fu	2858899171
邟	hang	2858857690
邟	kang	2858816209
邠	bin	2858774728
邤	xin	2858733247
邥	shen	2858691766
邧	yuan	2858650285
邨	cun	2858608804
邩	huo	2858567323
邫	bang	2858525842
邭	ju	2858484361
邲	bi	2858442880
邷	wa	2858401399
邼	kuang	2858359918
邽	gui	2858318437
邿	shi	2858276956
郀	ku	2858235475
郂	gai	2858193994
郂	hai	2858152513
郃	he	2858111032
郆	ji	2858069551
郈	hou	2858028070
郉	xing	2857986589
郋	xi	2857945108
郌	gui	2857903627
郍	fu	2857862146
郍	na	2857820665
郍	nuo	2857779184
郒	lang	2857737703
郔	yan	2857696222
郕	cheng	2857654741
郖	dou	2857613260
郘	lv	2857571779
郙	fu	2857530298
郚	wu	2857488817
郞	lang	2857447336
郠	geng	2857405855
郣	bo	2857364374
郤	xi	2857322893
郥	bei	2857281412
郩	ao	2857239931
郩	xiao	2857198450
郪	qi	2857156969
郬	qing	2857115488
郮	zhou	2857074007
郰	zou	2857032526
郱	ping	2856991045
郳	ni	2856949564
郶	bu	2856908083
郷	xiang	2856866602
郹	ju	2856825121
郺	yong	2856783640
郻	qiao	2856742159
郼	yi	2856700678
郿	mei	2856659197
鄀	ruo	2856617716
鄁	bei	2856576235
鄃	shu	2856534754
鄅	yu	2856493273
鄇	hou	2856451792
鄈	kui	2856410311
鄊	xiang	2856368830
鄋	sou	2856327349
鄌	tang	2856285868
鄍	ming	2856244387
鄎	xi	2856202906
鄏	ru	2856161425
鄐	chu	2856119944
鄑	zi	2856078463
鄓	ye	2856036982
鄕	xiang	2855995501
鄗	hao	2855954020
鄘	yong	2855912539
鄚	mao	2855871058
鄚	mo	2855829577
鄛	chao	2855788096
鄜	fu	2855746615
鄝	liao	2855705134
鄠	hu	2855663653
鄤	man	2855622172
鄥	qiao	2855580691
鄨	bi	2855539210
鄫	ceng	2855497729
鄫	zeng	2855456248
鄵	cao	2855414767
鄵	sao	2855373286
鄷	feng	2855331805
鄸	meng	2855290324
鄻	lian	2855248843
鄼	zan	2855207362
鄽	chan	2855165881
鄾	you	2855124400
鄿	ji	2855082919
鄿	qi	2855041438
酀	yan	2854999957
酁	chan	2854958476
酄	huan	2854916995
酄	quan	2854875514
酅	xi	2854834033
酑	yu	2854792552
酓	yan	2854751071
酓	yin	2854709590
酔	zui	2854668109
酕	mao	2854626628
酖	dan	2854585147
酖	zhen	2854543666
酘	dou	2854502185
酙	zhen	2854460704
酛	yuan	2854419223
酜	fu	2854377742
酟	tian	2854336261
酠	qia	2854294780
酧	chou	2854253299
酨	zai	2854211818
酨	zui	2854170337
酫	chuo	2854128856
酭	you	2854087375
酳	yin	2854045894
酺	pu	2854004413
酻	fu	2853962932
酻	zui	2853921451
酼	hai	2853879970
醀	wei	2853838489
醀	zhui	2853797008
醁	lu	2853755527
醂	lan	2853714046
醃	yan	2853672565
醄	tao	2853631084
醈	dan	2853589603
醈	tan	2853548122
醊	chuo	2853506641
醊	zhui	2853465160
醎	jian	2853423679
醎	xian	2853382198
醏	du	2853340717
醓	tan	2853299236
醔	chou	2853257755
醔	qiu	2853216274
醕	chun	2853174793
醗	po	2853133312
醘	ke	2853091831
醙	sou	2853050350
醝	cuo	2853008869
醠	ang	2852967388
醡	zha	2852925907
醤	jiang	2852884426
醥	piao	2852842945
醨	li	2852801464
醩	zao	2852759983
醰	tan	2852718502
醷	ai	2852677021
醷	yi	2852635540
醸	niang	2852594059
醹	ru	2852552578
醼	yan	2852511097
醽	ling	2852469616
醾	mi	2852428135
醿	mi	2852386654
釂	jiao	2852345173
釄	mi	2852303692
釆	bian	2852262211
釈	shi	2852220730
釖	dao	2852179249
釞	zhi	2852137768
釠	luan	2852096287
釡	fu	2852054806
釢	nai	2852013325
釯	mang	2851971844
釶	shi	2851930363
釶	ye	2851888882
釶	yi	2851847401
釸	xi	2851805920
釻	qiu	2851764439
釼	jian	2851722958
鈅	yue	2851681477
鈙	qin	2851639996
鈝	yin	2851598515
鈟	diao	2851557034
鈟	shi	2851515553
鈡	zhong	2851474072
鈢	xi	2851432591
鈩	lu	2851391110
鈫	qin	2851349629
鈬	duo	2851308148
鈭	zi	2851266667
鈻	si	2851225186
鉂	shi	2851183705
鉃	shi	2851142224
鉃	zu	2851100743
鉄	tie	2851059262
鉆	chan	2851017781
鉆	zhan	2850976300
鉆	zhen	2850934819
鉇	shi	2850893338
鉇	yi	2850851857
鉓	chi	2850810376
鉖	tong	2850768895
鉣	jie	2850727414
鉩	nie	2850685933
鉩	xi	2850644452
鉪	di	2850602971
鉫	jia	2850561490
鉯	yi	2850520009
鉰	si	2850478528
鉱	kuang	2850437047
鉳	bei	2850395566
銄	jiong	2850354085
銄	xiang	2850312604
銆	mo	2850271123
銇	lei	2850229642
銉	si	2850188161
銉	yu	2850146680
銐	chi	2850105199
銐	li	2850063718
銒	jian	2850022237
銒	xing	2849980756
銕	tie	2849939275
銕	yi	2849897794
銝	xiu	2849856313
銞	jun	2849814832
銟	cha	2849773351
銢	pi	2849731870
銤	mi	2849690389
銭	qian	2849648908
銯	si	2849607427
銰	ai	2849565946
銴	shi	2849524465
銴	zhi	2849482984
銵	keng	2849441503
銺	zang	2849400022
銽	gua	2849358541
銿	yong	2849317060
銿	zhong	2849275579
鋀	dou	2849234098
鋀	tou	2849192617
鋀	tu	2849151136
鋄	wan	2849109655
鋆	yun	2849068174
鋎	han	2849026693
鋔	wan	2848985212
鋖	si	2848943731
鋖	tuo	2848902250
鋚	tiao	2848860769
鋛	gong	2848819288
鋛	kuang	2848777807
鋞	jing	2848736326
鋞	xing	2848694845
鋢	lve	2848653364
鋫	li	2848611883
鋬	pan	2848570402
鋳	zhu	2848528921
鋴	zhen	2848487440
鋵	tu	2848445959
鋷	nie	2848404478
鋷	zui	2848362997
鋺	wan	2848321516
鋺	yuan	2848280035
鋻	jian	2848238554
鋽	diao	2848197073
錃	bei	2848155592
錃	pi	2848114111
錅	li	2848072630
錉	min	2848031149
錊	zu	2847989668
錊	zui	2847948187
錌	an	2847906706
錎	gan	2847865225
錎	qian	2847823744
錎	xian	2847782263
錓	kong	2847740782
錖	du	2847699301
錰	shu	2847657820
錱	zhen	2847616339
錵	hua	2847574858
錷	ga	2847533377
錹	ken	2847491896
錻	bu	2847450415
錼	nai	2847408934
錿	hu	2847367453
鍅	fa	2847325972
鍌	xian	2847284491
鍎	tu	2847243010
鍓	ji	2847201529
鍗	ti	2847160048
鍙	hu	2847118567
鍞	keng	2847077086
鍫	qiao	2847035605
鍲	min	2846994124
鍳	jian	2846952643
鍻	jie	2846911162
鍽	bian	2846869681
鍿	zi	2846828200
鎀	xiu	2846786719
鎃	pai	2846745238
鎆	jian	2846703757
鎆	qian	2846662276
鎎	kai	2846620795
鎐	yao	2846579314
鎐	zu	2846537833
鎜	pan	2846496352
鎟	sang	2846454871
鎠	gang	2846413390
鎥	tiao	2846371909
鎨	sun	2846330428
鎫	wan	2846288947
鎭	zhen	2846247466
鎱	yuan	2846205985
鎴	xi	2846164504
鎹	rong	2846123023
鎹	song	2846081542
鎺	zu	2846040061
鎻	suo	2845998580
鎼	xia	2845957099
鎽	feng	2845915618
鎾	wen	2845874137
鏀	lu	2845832656
鏅	xiu	2845791175
鏎	bi	2845749694
鏠	feng	2845708213
鏣	shu	2845666732
鏧	long	2845625251
鏪	cao	2845583770
鏫	li	2845542289
鏬	xia	2845500808
鏭	xi	2845459327
鏮	kang	2845417846
鏯	shuang	2845376365
鏲	qian	2845334884
鏶	ji	2845293403
鏼	se	2845251922
鏿	cheng	2845210441
鐂	liu	2845168960
鐅	pie	2845127479
鐆	sui	2845085998
鐌	xiang	2845044517
鐑	qie	2845003036
鐗	jian	2844961555
鐜	dui	2844920074
鐜	dun	2844878593
鐞	nou	2844837112
鐟	ti	2844795631
鐟	zan	2844754150
鐡	tie	2844712669
鐢	fan	2844671188
鐭	yu	2844629707
鐷	ye	2844588226
鑁	zong	2844546745
鑂	xun	2844505264
鑃	diao	2844463783
鑆	zhui	2844422302
鑍	ying	2844380821
鑎	kui	2844339340
鑓	qian	2844297859
鑗	li	2844256378
鑚	zuan	2844214897
鑜	shang	2844173416
鑝	peng	2844131935
鑟	du	2844090454
鑤	bao	2844048973
鑦	xian	2844007492
鑩	e	2843966011
鑬	jian	2843924530
鑳	jian	2843883049
鑶	cang	2843841568
鑺	qu	2843800087
鑻	pan	2843758606
钄	lan	2843717125
镸	chang	2843675644
镹	jiu	2843634163
镺	ao	2843592682
镻	die	2843551201
镼	qu	2843509720
镽	liao	2843468239
镾	mi	2843426758
閁	ma	2843385277
閇	bi	2843343796
閊	shan	2843302315
閙	nao	2843260834
閚	zhan	2843219353
閠	run	2843177872
閮	ting	2843136391
閰	ju	2843094910
閴	qu	2843053429
閸	kun	2843011948
閺	wen	2842970467
闁	bao	2842928986
闂	hong	2842887505
闂	juan	2842846024
闂	xiang	2842804543
闅	wen	2842763062
闎	quan	2842721581
闏	feng	2842680100
闗	guan	2842638619
闙	qi	2842597138
闝	piao	2842555657
闣	dang	2842514176
闣	tang	2842472695
闦	wen	2842431214
闧	ta	2842389733
阞	le	2842348252
阠	xin	2842306771
阣	gai	2842265290
阣	yi	2842223809
阤	tuo	2842182328
阤	zhi	2842140847
阥	yin	2842099366
阦	yang	2842057885
阧	dou	2842016404
阨	e	2841974923
阩	sheng	2841933442
阫	pei	2841891961
阬	keng	2841850480
阭	yan	2841808999
阭	yun	2841767518
阯	zhi	2841726037
阰	pi	2841684556
阷	cheng	2841643075
阸	ai	2841601594
阸	e	2841560113
阹	qu	2841518632
阺	di	2841477151
阾	ling	2841435670
陁	tuo	2841394189
陃	bing	2841352708
陊	duo	2841311227
陎	shu	2841269746
陏	duo	2841228265
陏	sui	2841186784
陑	er	2841145303
陒	gui	2841103822
陓	yu	2841062341
陖	jun	2841020860
陗	qiao	2840979379
陙	chun	2840937898
陚	fu	2840896417
陚	wu	2840854936
陜	xia	2840813455
陞	sheng	2840771974
陠	bu	2840730493
陠	pu	2840689012
陥	xian	2840647531
陫	fei	2840606050
陫	pei	2840564569
陭	yi	2840523088
陮	dui	2840481607
陯	lun	2840440126
陱	ju	2840398645
陹	sheng	2840357164
険	xian	2840315683
陻	yin	2840274202
陼	zhu	2840232721
陾	reng	2840191240
隀	chong	2840149759
隁	yan	2840108278
隂	yin	2840066797
隃	shu	2840025316
隃	yu	2839983835
隄	di	2839942354
隄	ti	2839900873
隇	wei	2839859392
隌	an	2839817911
隒	yan	2839776430
隓	duo	2839734949
隓	hui	2839693468
隚	tang	2839651987
隝	dao	2839610506
隞	ao	2839569025
隟	xi	2839527544
隠	yin	2839486063
隡	sa	2839444582
隢	rao	2839403101
隣	lin	2839361620
隥	deng	2839320139
隦	jiao	2839278658
隦	pi	2839237177
隩	ao	2839195696
隩	yu	2839154215
隬	ni	2839112734
隭	er	2839071253
隵	xi	2839029772
隷	li	2838988291
隺	he	2838946810
隺	hu	2838905329
隺	que	2838863848
隿	yi	2838822367
雂	qin	2838780886
雃	jie	2838739405
雃	qian	2838697924
雈	huan	2838656443
雊	gou	2838614962
雐	hu	2838573481
雑	za	2838532000
雓	yu	2838490519
雔	chou	2838449038
雗	han	2838407557
雘	huo	2838366076
雘	wo	2838324595
雚	guan	2838283114
雝	yong	2838241633
雟	sui	2838200152
雟	xi	2838158671
雡	liu	2838117190
雤	xue	2838075709
雥	za	2838034228
雦	ji	2837992747
雧	ji	2837951266
雫	na	2837909785
雬	fou	2837868304
雭	se	2837826823
雭	xi	2837785342
雮	mu	2837743861
雰	fen	2837702380
雱	pang	2837660899
雴	chi	2837619418
雵	yang	2837577937
雸	an	2837536456
雺	meng	2837494975
雺	wu	2837453494
雼	dang	2837412013
雽	hu	2837370532
雿	diao	2837329051
霂	mu	2837287570
霃	chen	2837246089
霅	zha	2837204608
霊	ling	2837163127
霋	qi	2837121646
霌	zhou	2837080165
霐	hong	2837038684
霑	zhan	2836997203
霒	yin	2836955722
霔	zhu	2836914241
霕	tun	2836872760
霗	lian	2836831279
霗	ling	2836789798
霘	dong	2836748317
霙	ying	2836706836
霚	wu	2836665355
霛	ling	2836623874
霝	ling	2836582393
霟	hong	2836540912
霠	yin	2836499431
霤	liu	2836457950
霥	meng	2836416469
霦	bin	2836374988
霨	wei	2836333507
霩	kuo	2836292026
霫	xi	2836250545
霬	yi	2836209064
霮	dan	2836167583
霯	teng	2836126102
霱	yu	2836084621
霳	long	2836043140
霴	dai	2836001659
霵	ji	2835960178
霶	pang	2835918697
霷	yang	2835877216
霺	wei	2835835735
霻	feng	2835794254
霿	mao	2835752773
霿	meng	2835711292
霿	wu	2835669811
靀	meng	2835628330
靁	lei	2835586849
靃	huo	2835545368
靃	sui	2835503887
靃	suo	2835462406
靇	ling	2835420925
靇	long	2835379444
靊	feng	2835337963
靋	li	2835296482
靌	bao	2835255001
靍	he	2835213520
靎	he	2835172039
靏	he	2835130558
靐	bing	2835089077
靑	qing	2835047596
靔	tian	2835006115
靕	zhen	2834964634
靗	cheng	2834923153
靘	jing	2834881672
靘	qing	2834840191
靝	tian	2834798710
靟	fei	2834757229
靣	mian	2834715748
靤	bao	2834674267
靪	ding	2834632786
靫	cha	2834591305
靬	jian	2834549824
靬	qian	2834508343
靭	ren	2834466862
靮	di	2834425381
靯	du	2834383900
靰	wu	2834342419
靱	ren	2834300938
靲	qin	2834259457
靵	niu	2834217976
靷	yin	2834176495
靸	sa	2834135014
靹	na	2834093533
靺	mo	2834052052
靻	zu	2834010571
靽	ban	2833969090
靾	yi	2833927609
靿	yao	2833886128
鞀	tao	2833844647
鞁	bai	2833803166
鞁	bei	2833761685
鞁	bi	2833720204
鞂	jia	2833678723
鞂	jie	2833637242
鞃	hong	2833595761
鞄	pao	2833554280
鞆	bing	2833512799
鞇	yin	2833471318
鞈	ge	2833429837
鞈	sa	2833388356
鞈	ta	2833346875
鞉	tao	2833305394
鞊	ji	2833263913
鞊	jie	2833222432
鞌	an	2833180951
鞎	hen	2833139470
鞐	qia	2833097989
鞓	ting	2833056508
鞕	bian	2833015027
鞕	ying	2832973546
鞖	sui	2832932065
鞗	tiao	2832890584
鞙	xuan	2832849103
鞚	kong	2832807622
鞛	beng	2832766141
鞜	ta	2832724660
鞞	bing	2832683179
鞟	kuo	2832641698
鞡	la	2832600217
鞢	die	2832558736
鞢	xie	2832517255
鞢	zha	2832475774
鞤	bang	2832434293
鞥	eng	2832392812
鞧	qiu	2832351331
鞨	he	2832309850
鞩	qiao	2832268369
鞩	xiao	2832226888
鞪	mou	2832185407
鞪	mu	2832143926
鞬	jian	2832102445
鞮	di	2832060964
鞰	wen	2832019483
鞱	tao	2831978002
鞳	ta	2831936521
鞵	xie	2831895040
鞶	pan	2831853559
鞷	ge	2831812078
鞹	kuo	2831770597
鞺	tang	2831729116
鞿	ji	2831687635
韀	jian	2831646154
韂	chan	2831604673
韄	hu	2831563192
韅	xian	2831521711
韈	wa	2831480230
韎	mei	2831438749
韑	wei	2831397268
韕	chun	2831355787
韕	kuo	2831314306
韖	rou	2831272825
韟	gao	2831231344
韤	wa	2831189863
韥	du	2831148382
韮	jiu	2831106901
韯	xian	2831065420
韰	xie	2831023939
韱	xian	2830982458
韲	ji	2830940977
韴	za	2830899496
韷	le	2830858015
韸	peng	2830816534
韹	huang	2830775053
韺	ying	2830733572
韼	peng	2830692091
韽	an	2830650610
韾	yin	2830609129
頀	hu	2830567648
頉	yi	2830526167
頋	e	2830484686
頚	jing	2830443205
頝	qiao	2830401724
頣	shen	2830360243
頥	shen	2830318762
頥	yi	2830277281
頧	dui	2830235800
頨	bian	2830194319
頨	yu	2830152838
頬	jia	2830111357
頱	luo	2830069876
頶	hu	2830028395
頺	tui	2829986914
頼	lai	2829945433
頾	zi	2829903952
頿	zi	2829862471
顂	lai	2829820990
顈	jiong	2829779509
顈	xian	2829738028
顈	xuan	2829696547
顚	dian	2829655066
顚	tian	2829613585
顟	lao	2829572104
顡	wai	2829530623
顡	zhuai	2829489142
顨	xun	2829447661
顭	meng	2829406180
顲	lan	2829364699
顲	lin	2829323218
颪	gua	2829281737
颫	fu	2829240256
颵	shao	2829198775
颵	xiao	2829157294
飃	piao	2829115813
飅	liu	2829074332
飌	feng	2829032851
飜	fan	2828991370
飡	can	2828949889
飬	juan	2828908408
飬	yong	2828866927
飮	yin	2828825446
飱	can	2828783965
飱	sun	2828742484
飳	tou	2828701003
飳	zhu	2828659522
飸	tao	2828618041
飹	bao	2828576560
飹	liu	2828535079
飺	ci	2828493598
飻	tie	2828452117
餁	ren	2828410636
餆	yao	2828369155
餇	tong	2828327674
餈	ci	2828286193
餋	juan	2828244712
餙	shi	2828203231
餙	xi	2828161750
餝	shi	2828120269
餠	bing	2828078788
餥	fei	2828037307
餻	gao	2827995826
饂	wen	2827954345
饂	yun	2827912864
饄	tang	2827871383
饏	dan	2827829902
饓	cheng	2827788421
饖	wei	2827746940
饚	hai	2827705459
饝	mo	2827663978
馚	fen	2827622497
馛	bo	2827581016
馜	ni	2827539535
馝	bi	2827498054
馞	bo	2827456573
馞	po	2827415092
馟	tu	2827373611
馠	han	2827332130
馡	fei	2827290649
馢	jian	2827249168
馣	an	2827207687
馣	yan	2827166206
馤	ai	2827124725
馦	xian	2827083244
馧	wo	2827041763
馧	yun	2827000282
馫	xin	2826958801
馰	di	2826917320
馶	shi	2826875839
馶	zhi	2826834358
馷	pei	2826792877
馸	jin	2826751396
馸	xin	2826709915
馻	yun	2826668434
馾	dan	2826626953
馿	lv	2826585472
駀	you	2826543991
駄	tuo	2826502510
駅	yi	2826461029
駆	qu	2826419548
駇	wen	2826378067
駈	qu	2826336586
駋	zhao	2826295105
駌	yuan	2826253624
駠	liu	2826212143
駨	xuan	2826170662
駨	xun	2826129181
駯	zhu	2826087700
駲	zhou	2826046219
駳	dan	2826004738
駵	liu	2825963257
騈	pian	2825921776
騐	yan	2825880295
騒	sao	2825838814
験	yan	2825797333
騘	cong	2825755852
騡	quan	2825714371
騦	si	2825672890
騨	tuo	2825631409
騿	zhang	2825589928
驆	bi	2825548447
驇	zhi	2825506966
驑	liu	2825465485
驜	ye	2825424004
驝	tuo	2825382523
驣	teng	2825341042
驧	ju	2825299561
骩	wei	2825258080
骪	wei	2825216599
骫	wei	2825175118
骬	yu	2825133637
骭	gan	2825092156
骮	yi	2825050675
骲	bao	2825009194
骳	bei	2824967713
骴	ci	2824926232
骵	ti	2824884751
骹	jiao	2824843270
骹	qiao	2824801789
骹	xiao	2824760308
骻	kua	2824718827
骽	tui	2824677346
骾	geng	2824635865
骿	pian	2824594384
髃	yu	2824552903
髄	sui	2824511422
髆	bo	2824469941
髇	xiao	2824428460
髈	bang	2824386979
髈	pang	2824345498
髉	bo	2824304017
髉	jue	2824262536
髊	ci	2824221055
髊	cuo	2824179574
髍	mo	2824138093
髎	liao	2824096612
髗	lu	2824055131
髙	gao	2824013650
髚	qiao	2823972169
髛	kao	2823930688
髜	qiao	2823889207
髝	lao	2823847726
髞	sao	2823806245
髠	kun	2823764764
髢	di	2823723283
髣	fang	2823681802
髤	xiu	2823640321
髥	ran	2823598840
髧	dan	2823557359
髨	kun	2823515878
髩	bin	2823474397
髪	fa	2823432916
髬	pi	2823391435
髰	ti	2823349954
髱	bao	2823308473
髲	bi	2823266992
髲	pi	2823225511
髳	mao	2823184030
髴	fei	2823142549
髴	fu	2823101068
髵	er	2823059587
髶	er	2823018106
髶	rong	2822976625
髷	qu	2822935144
髸	gong	2822893663
髺	gua	2822852182
髺	kuo	2822810701
髼	peng	2822769220
髽	zhua	2822727739
髾	shao	2822686258
髿	suo	2822644777
鬀	ti	2822603296
鬁	li	2822561815
鬂	bin	2822520334
鬄	di	2822478853
鬄	ti	2822437372
鬅	peng	2822395891
鬇	zheng	2822354410
鬉	zong	2822312929
鬊	shun	2822271448
鬋	jian	2822229967
鬌	chui	2822188486
鬌	duo	2822147005
鬌	tuo	2822105524
鬎	la	2822064043
鬐	qi	2822022562
鬑	lian	2821981081
鬒	zhen	2821939600
鬔	peng	2821898119
鬕	ma	2821856638
鬘	man	2821815157
鬙	seng	2821773676
鬛	lie	2821732195
鬤	ning	2821690714
鬤	rang	2821649233
鬦	dou	2821607752
鬨	hong	2821566271
鬪	dou	2821524790
鬫	han	2821483309
鬫	kan	2821441828
鬬	dou	2821400347
鬭	dou	2821358866
鬰	yu	2821317385
鬳	yan	2821275904
鬴	fu	2821234423
鬴	li	2821192942
鬵	qian	2821151461
鬵	qin	2821109980
鬷	zong	2821068499
鬸	liu	2821027018
鬽	mei	2820985537
鬾	ji	2820944056
鬾	qi	2820902575
鬿	qi	2820861094
魀	ga	2820819613
魆	xu	2820778132
魊	yu	2820736651
魋	tui	2820695170
魌	qi	2820653689
魐	gan	2820612208
魒	piao	2820570727
魓	bi	2820529246
魕	ji	2820487765
魖	xu	2820446284
魙	zhan	2820404803
魞	ba	2820363322
魩	mo	2820321841
魰	wen	2820280360
魲	lu	2820238879
魳	shi	2820197398
魳	za	2820155917
魸	pian	2820114436
魹	mo	2820072955
鮉	diao	2820031474
鮔	ju	2819989993
鮖	shi	2819948512
鮙	ta	2819907031
鮢	zhu	2819865550
鮩	bi	2819824069
鮩	bing	2819782588
鮱	lao	2819741107
鮲	fu	2819699626
鮴	xiu	2819658145
鮼	qin	2819616664
鮽	yu	2819575183
鮾	nei	2819533702
鯂	su	2819492221
鯃	wu	2819450740
鯏	li	2819409259
鯐	zou	2819367778
鯑	xi	2819326297
鯘	nei	2819284816
鯜	qie	2819243335
鯟	dong	2819201854
鯣	yi	2819160373
鯭	meng	2819118892
鯯	zhi	2819077411
鯲	yu	2819035930
鯳	di	2818994449
鯵	shen	2818952968
鯺	zhu	2818911487
鰄	wei	2818870006
鰎	jian	2818828525
鰔	gan	2818787044
鰔	jian	2818745563
鰔	xian	2818704082
鰖	tuo	2818662601
鰖	wei	2818621120
鰘	shi	2818579639
鰙	ruo	2818538158
鰚	xuan	2818496677
鰞	wu	2818455196
鰢	ma	2818413715
鰪	e	2818372234
鰪	ge	2818330753
鰰	shen	2818289272
鰸	qu	2818247791
鱛	zeng	2818206310
鱜	xiang	2818164829
鱡	zei	2818123348
鱩	lei	2818081867
鱪	shu	2818040386
鱫	ai	2817998905
鱰	shu	2817957424
鱱	li	2817915943
鱳	li	2817874462
鱳	lu	2817832981
鱳	luo	2817791500
鱶	xiang	2817750019
鳨	li	2817708538
鳪	bu	2817667057
鳫	yan	2817625576
鳮	ji	2817584095
鳯	feng	2817542614
鳰	ru	2817501133
鳵	bao	2817459652
鳹	qin	2817418171
鴊	zheng	2817376690
鴌	feng	2817335209
鴎	ou	2817293728
鴏	dai	2817252247
鴑	ru	2817210766
鴖	min	2817169285
鴖	wen	2817127804
鴤	dan	2817086323
鴤	dong	2817044842
鴤	zhong	2817003361
鴧	rong	2816961880
鴧	yu	2816920399
鴪	yu	2816878918
鴬	ying	2816837437
鴭	dui	2816795956
鴵	xiao	2816754475
鴼	luo	2816712994
鵆	heng	2816671513
鵇	nian	2816630032
鵈	e	2816588551
鵉	luan	2816547070
鵍	guan	2816505589
鵍	huan	2816464108
鵍	juan	2816422627
鵘	jun	2816381146
鵞	e	2816339665
鵢	shen	2816298184
鵣	chi	2816256703
鵣	lai	2816215222
鵤	zan	2816173741
鵦	lu	2816132260
鵨	shu	2816090779
鵭	qin	2816049298
鵿	sheng	2816007817
鶁	jing	2815966336
鶈	qi	2815924855
鶍	yi	2815883374
鶎	zun	2815841893
鶏	ji	2815800412
鶐	shu	2815758931
鶑	ying	2815717450
鶜	mao	2815675969
鶫	dong	2815634488
鶮	he	2815593007
鶮	hu	2815551526
鶳	shi	2815510045
鶸	ruo	2815468564
鶿	ci	2815427083
鶿	zi	2815385602
鷆	tian	2815344121
鷍	jiao	2815302640
鷍	xiao	2815261159
鷘	chi	2815219678
鷠	yu	2815178197
鷡	wu	2815136716
鷪	ying	2815095235
鷬	huang	2815053754
鷱	gao	2815012273
鷴	xian	2814970792
鸈	ye	2814929311
鸔	bao	2814887830
鸔	bu	2814846349
鹶	jin	2814804868
鹷	ling	2814763387
鹸	jian	2814721906
鹻	jian	2814680425
麀	you	2814638944
麁	cu	2814597463
麃	biao	2814555982
麃	pao	2814514501
麄	cu	2814473020
麅	pao	2814431539
麆	cu	2814390058
麆	zhu	2814348577
麉	jian	2814307096
麊	mi	2814265615
麌	wu	2814224134
麌	yu	2814182653
麍	liu	2814141172
麎	chen	2814099691
麏	jun	2814058210
麐	lin	2814016729
麑	ni	2813975248
麔	jiu	2813933767
麕	jun	2813892286
麖	jing	2813850805
麘	xiang	2813809324
麙	xian	2813767843
麙	yan	2813726362
麚	jia	2813684881
麛	mi	2813643400
麜	li	2813601919
麞	zhang	2813560438
麠	jing	2813518957
麢	ling	2813477476
麣	yan	2813435995
麤	cu	2813394514
麫	mian	2813353033
麶	chi	2813311552
麶	li	2813270071
麺	mian	2813228590
麿	mo	2813187109
黀	zou	2813145628
黁	nun	2813104147
黅	jin	2813062666
黆	guang	2813021185
黇	tian	2812979704
黈	tou	2812938223
黊	hua	2812896742
黋	kuang	2812855261
黐	chi	2812813780
黒	hei	2812772299
黓	yi	2812730818
黕	dan	2812689337
黕	zhen	2812647856
黖	xi	2812606375
黗	tun	2812564894
黙	mo	2812523413
黚	jian	2812481932
黚	qian	2812440451
黣	mei	2812398970
黤	yan	2812357489
黦	ye	2812316008
黦	yue	2812274527
黫	yan	2812233046
黬	jian	2812191565
黬	yan	2812150084
黭	yan	2812108603
黮	dan	2812067122
黮	tan	2812025641
黰	zhen	2811984160
黱	dai	2811942679
黳	wa	2811901198
黳	yi	2811859717
黵	dan	2811818236
黵	zhan	2811776755
黺	fen	2811735274
鼃	wa	2811693793
鼇	ao	2811652312
鼏	mi	2811610831
鼑	ding	2811569350
鼒	zi	2811527869
鼔	gu	2811486388
鼖	fen	2811444907
鼘	yuan	2811403426
鼛	gao	2811361945
鼜	cao	2811320464
鼜	qi	2811278983
鼝	yuan	2811237502
鼞	tang	2811196021
鼟	teng	2811154540
鼡	shu	2811113059
鼣	fei	2811071578
鼤	wen	2811030097
鼥	ba	2810988616
鼥	fei	2810947135
鼦	diao	2810905654
鼧	tuo	2810864173
鼨	zhong	2810822692
鼩	qu	2810781211
鼪	sheng	2810739730
鼫	shi	2810698249
鼭	shi	2810656768
鼮	ting	2810615287
鼰	ju	2810573806
鼰	nian	2810532325
鼱	jing	2810490844
鼳	ju	2810449363
鼳	xi	2810407882
鼵	tu	2810366401
鼶	si	2810324920
鼸	xian	2810283439
鼺	lei	2810241958
鼼	yao	2810200477
鼿	hui	2810158996
鼿	wu	2810117515
齀	wu	2810076034
齁	hou	2810034553
齂	xie	2809993072
齃	e	2809951591
齃	he	2809910110
齅	xiu	2809868629
齆	weng	2809827148
齇	zha	2809785667
齉	nang	2809744186
齓	chen	2809702705
齛	shi	2809661224
齛	xie	2809619743
齢	ling	2809578262
齨	jiu	2809536781
齫	kun	2809495300
齫	yun	2809453819
龒	long	2809412338
龗	ling	2809370857
龡	chui	2809329376
龢	he	2809287895
龣	jue	2809246414
龤	xie	2809204933
龪	zhan	2809163452
龬	wang	2809121971
龰	zou	2809080490
龵	shou	2809039009
鿃	shan	2808997528
鿄	liang	2808956047
鿇	zheng	2808914566
鿌	liang	2808873085
鿍	gang	2808831604
鿫	ao	2808790123
鿬	tian	2808748642
鿱	ba	2808707161
鿻	bu	2808665680
鿼	jia	2808624199
鿽	zhai	2808582718
鿾	lang	2808541237
鿿	xing	2808499756
𠀀	he	2808458275
𠀁	qi	2808416794
𠀃	ji	2808375313
𠀃	qie	2808333832
𠀅	hai	2808292351
𠀉	qiu	2808250870
𠀊	cao	2808209389
𠀍	shi	2808167908
𠀓	si	2808126427
𠀔	jue	2808084946
𠀛	yu	2808043465
𠀝	kong	2808001984
𠀢	zi	2807960503
𠀦	xing	2807919022
𠀱	mou	2807877541
𠀷	ji	2807836060
𠀸	ye	2807794579
𠀹	jun	2807753098
𠀼	qian	2807711617
𠀼	xia	2807670136
𠀽	lu	2807628655
𠁁	dou	2807587174
𠁉	chu	2807545693
𠁗	he	2807504212
𠁗	shi	2807462731
𠁠	qie	2807421250
𠁥	ga	2807379769
𠁭	qi	2807338288
𠁷	chan	2807296807
𠂄	huan	2807255326
𠂆	yi	2807213845
𠂇	zuo	2807172364
𠂈	jie	2807130883
𠂈	tian	2807089402
𠂑	zou	2807047921
𠂔	zi	2807006440
𠂝	za	2806964959
𠂟	jin	2806923478
𠂢	pai	2806881997
𠂤	dui	2806840516
𠂥	cong	2806799035
𠂧	shen	2806757554
𠂸	huang	2806716073
𠃊	yin	2806674592
𠃌	gun	2806633111
𠃖	jiu	2806591630
𠃫	shen	2806550149
𠃺	jiu	2806508668
𠄅	ye	2806467187
𠄉	dong	2806425706
𠄌	jue	2806384225
𠄌	zhui	2806342744
𠄍	jie	2806301263
𠄏	diao	2806259782
𠄑	jue	2806218301
𠄒	chui	2806176820
𠄒	sha	2806135339
𠄖	ling	2806093858
𠄚	ting	2806052377
𠄣	gen	2806010896
𠄮	mo	2805969415
𠄮	ya	2805927934
𠄱	yi	2805886453
𠄿	wei	2805844972
𠅂	jie	2805803491
𠅌	yi	2805762010
𠅗	die	2805720529
𠅚	qi	2805679048
𠅤	xi	2805637567
𠅬	bao	2805596086
𠅱	xie	2805554605
𠅹	zhang	2805513124
𠆌	yong	2805471643
𠆐	xu	2805430162
𠆙	die	2805388681
𠆛	dan	2805347200
𠆟	wei	2805305719
𠆣	gua	2805264238
𠆣	zhua	2805222757
𠆩	fan	2805181276
𠆮	mo	2805139795
𠆱	xi	2805098314
𠆵	ni	2805056833
𠆶	dan	2805015352
𠇋	dan	2804973871
𠇏	tao	2804932390
𠇒	gong	2804890909
𠇗	kua	2804849428
𠇘	chu	2804807947
𠇯	qu	2804766466
𠇱	mo	2804724985
𠇳	shi	2804683504
𠇵	gan	2804642023
𠇷	sheng	2804600542
𠈁	tuo	2804559061
𠈅	shou	2804517580
𠈊	nie	2804476099
𠈤	yun	2804434618
𠈥	gua	2804393137
𠈬	xiao	2804351656
𠈭	lao	2804310175
𠈰	dan	2804268694
𠈱	suo	2804227213
𠈵	mang	2804185732
𠈶	yi	2804144251
𠈸	te	2804102770
𠈺	bi	2804061289
𠉢	xi	2804019808
𠉣	hun	2803978327
𠉤	da	2803936846
𠉧	ju	2803895365
𠉩	du	2803853884
𠉬	an	2803812403
𠉬	yan	2803770922
𠊉	mei	2803729441
𠊌	ran	2803687960
𠊎	ai	2803646479
𠊏	xian	2803604998
𠊏	yu	2803563517
𠊒	jian	2803522036
𠊔	qi	2803480555
𠊟	min	2803439074
𠊣	zhou	2803397593
𠊤	zhi	2803356112
𠊥	zhong	2803314631
𠊦	nao	2803273150
𠊧	bing	2803231669
𠊩	zhuan	2803190188
𠊪	shu	2803148707
𠊫	qiong	2803107226
𠊫	xun	2803065745
𠊬	jue	2803024264
𠊭	qian	2802982783
𠊰	gua	2802941302
𠊲	tu	2802899821
𠊶	ying	2802858340
𠊷	zhi	2802816859
𠊾	kui	2802775378
𠋆	chen	2802733897
𠋖	lian	2802692416
𠋗	ya	2802650935
𠋜	guo	2802609454
𠋝	miao	2802567973
𠋞	she	2802526492
𠋟	yu	2802485011
𠋡	si	2802443530
𠋢	sou	2802402049
𠋢	zhou	2802360568
𠋤	zhi	2802319087
𠋧	qie	2802277606
𠋩	fu	2802236125
𠋬	ju	2802194644
𠋭	bei	2802153163
𠋯	bi	2802111682
𠋲	suo	2802070201
𠋵	qian	2802028720
𠋶	ming	2801987239
𠋷	chan	2801945758
𠋺	sao	2801904277
𠋻	ji	2801862796
𠌕	gong	2801821315
𠌖	qiong	2801779834
𠌚	rong	2801738353
𠌞	sou	2801696872
𠌟	sou	2801655391
𠌠	yao	2801613910
𠌪	chou	2801572429
𠌪	tao	2801530948
𠌭	shuai	2801489467
𠌮	zhe	2801447986
𠌯	li	2801406505
𠌰	gai	2801365024
𠌱	sui	2801323543
𠌲	zhan	2801282062
𠌴	zhuang	2801240581
𠌽	fu	2801199100
𠍃	ji	2801157619
𠍄	dou	2801116138
𠍗	hui	2801074657
𠍚	jian	2801033176
𠍛	yan	2800991695
𠍜	zhi	2800950214
𠍨	mei	2800908733
𠍩	yao	2800867252
𠍪	di	2800825771
𠍫	yi	2800784290
𠍯	bie	2800742809
𠍲	qu	2800701328
𠍳	yi	2800659847
𠍵	yang	2800618366
𠍹	zha	2800576885
𠍽	sha	2800535404
𠎙	lai	2800493923
𠎮	jue	2800452442
𠎰	qi	2800410961
𠎳	yu	2800369480
𠎶	zai	2800327999
𠎷	sa	2800286518
𠎸	se	2800245037
𠎻	dun	2800203556
𠎿	jie	2800162075
𠏀	ke	2800120594
𠏃	yue	2800079113
𠏇	jian	2800037632
𠏈	yao	2799996151
𠏓	xian	2799954670
𠏕	xiao	2799913189
𠏖	qiao	2799871708
𠏚	yu	2799830227
𠏛	qu	2799788746
𠏡	ling	2799747265
𠏡	xian	2799705784
𠏤	guang	2799664303
𠏧	cheng	2799622822
𠏨	chuang	2799581341
𠏩	yi	2799539860
𠏫	zheng	2799498379
𠏭	zong	2799456898
𠏰	zhai	2799415417
𠏿	fei	2799373936
𠐀	yi	2799332455
𠐁	meng	2799290974
𠐈	bian	2799249493
𠐈	pian	2799208012
𠐉	jie	2799166531
𠐋	liao	2799125050
𠐌	ba	2799083569
𠐌	bi	2799042088
𠐑	di	2799000607
𠐡	bei	2798959126
𠐢	wen	2798917645
𠐧	meng	2798876164
𠐩	chan	2798834683
𠐵	dao	2798793202
𠐺	pin	2798751721
𠐻	jian	2798710240
𠐼	lin	2798668759
𠐾	qi	2798627278
𠐿	hong	2798585797
𠑃	ji	2798544316
𠑄	xie	2798502835
𠑅	zheng	2798461354
𠑆	chan	2798419873
𠑐	yao	2798378392
𠑑	chan	2798336911
𠑘	dian	2798295430
𠑚	nei	2798253949
𠑛	nei	2798212468
𠑞	zhai	2798170987
𠑟	bian	2798129506
𠑟	pian	2798088025
𠑡	chan	2798046544
𠑪	xiao	2798005063
𠑯	cu	2797963582
𠑰	xin	2797922101
𠑱	jing	2797880620
𠑴	qing	2797839139
𠑹	gu	2797797658
𠒄	wu	2797756177
𠒜	yuan	2797714696
𠒝	bing	2797673215
𠒢	wan	2797631734
𠒰	ni	2797590253
𠒰	niao	2797548772
𠒵	lian	2797507291
𠒸	rao	2797465810
𠒾	fan	2797424329
𠒿	di	2797382848
𠓊	dan	2797341367
𠓊	hui	2797299886
𠓋	yi	2797258405
𠓌	xian	2797216924
𠓖	lan	2797175443
𠓗	fu	2797133962
𠓙	xiong	2797092481
𠓜	liang	2797051000
𠓝	tao	2797009519
𠓞	ji	2796968038
𠓢	jie	2796926557
𠓣	zha	2796885076
𠓤	shi	2796843595
𠓪	qi	2796802114
𠓫	bian	2796760633
𠓭	lan	2796719152
𠓮	lin	2796677671
𠓶	zhi	2796636190
𠓷	bi	2796594709
𠓷	cheng	2796553228
𠓸	sheng	2796511747
𠓽	sheng	2796470266
𠓿	qin	2796428785
𠔂	biao	2796387304
𠔃	xi	2796345823
𠔉	juan	2796304342
𠔋	ji	2796262861
𠔋	xin	2796221380
𠔍	xi	2796179899
𠔎	qin	2796138418
𠔑	hai	2796096937
𠔕	lun	2796055456
𠔠	yue	2796013975
𠔨	lian	2795972494
𠔯	ban	2795931013
𠔲	heng	2795889532
𠔶	qi	2795848051
𠔺	qian	2795806570
𠔻	zheng	2795765089
𠔼	mao	2795723608
𠕁	cong	2795682127
𠕄	na	2795640646
𠕊	ting	2795599165
𠕌	zong	2795557684
𠕕	jiong	2795516203
𠕖	zhao	2795474722
𠕟	nian	2795433241
𠕠	cheng	2795391760
𠕣	qia	2795350279
𠕦	yu	2795308798
𠕧	jiao	2795267317
𠕭	zhao	2795225836
𠕳	di	2795184355
𠕴	jiu	2795142874
𠕸	sui	2795101393
𠕻	yao	2795059912
𠕿	wang	2795018431
𠖂	liao	2794976950
𠖄	tong	2794935469
𠖆	meng	2794893988
𠖋	you	2794852507
𠖓	si	2794811026
𠖛	lou	2794769545
𠖟	yin	2794728064
𠖬	jiu	2794686583
𠖶	qin	2794645102
𠖷	jiong	2794603621
𠖹	xia	2794562140
𠖹	xie	2794520659
𠗂	he	2794479178
𠗆	tao	2794437697
𠗈	qiu	2794396216
𠗉	xie	2794354735
𠗊	jing	2794313254
𠗋	nian	2794271773
𠗌	jing	2794230292
𠗏	ji	2794188811
𠗘	tian	2794147330
𠗚	cui	2794105849
𠗛	die	2794064368
𠗝	qing	2794022887
𠗥	ping	2793981406
𠗦	ping	2793939925
𠗨	die	2793898444
𠗩	lou	2793856963
𠗳	lian	2793815482
𠗴	han	2793774001
𠗵	pang	2793732520
𠗶	tang	2793691039
𠗺	yi	2793649558
𠗻	xuan	2793608077
𠗼	suo	2793566596
𠗽	liu	2793525115
𠗾	shuang	2793483634
𠘁	bu	2793442153
𠘂	sou	2793400672
𠘅	qin	2793359191
𠘆	shen	2793317710
𠘊	nong	2793276229
𠘋	ting	2793234748
𠘌	jiang	2793193267
𠘕	xi	2793151786
𠘖	zhi	2793110305
𠘝	lai	2793068824
𠘞	li	2793027343
𠘟	li	2792985862
𠘢	he	2792944381
𠘣	jiao	2792902900
𠘧	shu	2792861419
𠘪	shi	2792819938
𠘱	zhen	2792778457
𠘳	you	2792736976
𠘺	suo	2792695495
𠘻	wu	2792654014
𠙁	chang	2792612533
𠙂	cong	2792571052
𠙆	ju	2792529571
𠙎	shu	2792488090
𠙔	jiu	2792446609
𠙕	wei	2792405128
𠙞	huo	2792363647
𠙤	jie	2792322166
𠙬	zao	2792280685
𠙶	ou	2792239204
𠙼	gua	2792197723
𠚃	hao	2792156242
𠚄	li	2792114761
𠚅	zhi	2792073280
𠚆	xian	2792031799
𠚉	bu	2791990318
𠚊	chang	2791948837
𠚓	yun	2791907356
𠚔	he	2791865875
𠚜	tao	2791824394
𠚠	biao	2791782913
𠚥	diao	2791741432
𠚧	er	2791699951
𠚨	jiu	2791658470
𠚭	di	2791616989
𠚮	yi	2791575508
𠚯	kun	2791534027
𠚱	zhe	2791492546
𠚴	zhou	2791451065
𠚵	ju	2791409584
𠚹	shan	2791368103
𠚺	sha	2791326622
𠚻	diao	2791285141
𠚼	ban	2791243660
𠚽	ji	2791202179
𠛀	zhong	2791160698
𠛃	yi	2791119217
𠛊	ge	2791077736
𠛋	ba	2791036255
𠛎	gou	2790994774
𠛑	xian	2790953293
𠛒	gua	2790911812
𠛓	liu	2790870331
𠛔	chi	2790828850
𠛕	guai	2790787369
𠛖	chuan	2790745888
𠛘	li	2790704407
𠛙	cu	2790662926
𠛚	shua	2790621445
𠛡	bi	2790579964
𠛥	bing	2790538483
𠛦	li	2790497002
𠛩	jiu	2790455521
𠛪	diao	2790414040
𠛪	tiao	2790372559
𠛫	duo	2790331078
𠛭	yan	2790289597
𠛭	yuan	2790248116
𠛮	quan	2790206635
𠛱	lie	2790165154
𠛱	za	2790123673
𠛳	he	2790082192
𠛳	ke	2790040711
𠛵	gen	2789999230
𠛶	zhen	2789957749
𠛸	fen	2789916268
𠜁	yi	2789874787
𠜃	jiu	2789833306
𠜄	xu	2789791825
𠜅	jiao	2789750344
𠜈	lv	2789708863
𠜉	jiu	2789667382
𠜋	chou	2789625901
𠜎	xian	2789584420
𠜐	kuai	2789542939
𠜑	dui	2789501458
𠜖	luo	2789459977
𠜗	xi	2789418496
𠜘	qin	2789377015
𠜙	bu	2789335534
𠜤	qia	2789294053
𠜱	pi	2789252572
𠜳	beng	2789211091
𠜴	guo	2789169610
𠜵	gua	2789128129
𠜹	ju	2789086648
𠜼	qia	2789045167
𠜾	gui	2789003686
𠜾	jue	2788962205
𠝄	li	2788920724
𠝐	hua	2788879243
𠝑	jiao	2788837762
𠝘	qia	2788796281
𠝚	zha	2788754800
𠝚	zhe	2788713319
𠝛	qia	2788671838
𠝝	zha	2788630357
𠝝	zhe	2788588876
𠝞	cha	2788547395
𠝟	ying	2788505914
𠝢	yan	2788464433
𠝤	chong	2788422952
𠝨	chi	2788381471
𠝪	wan	2788339990
𠝬	sou	2788298509
𠝲	kan	2788257028
𠝳	yuan	2788215547
𠝹	jie	2788174066
𠝽	chou	2788132585
𠞀	tu	2788091104
𠞃	zhe	2788049623
𠞄	chi	2788008142
𠞄	ti	2787966661
𠞈	da	2787925180
𠞉	li	2787883699
𠞊	cha	2787842218
𠞊	chai	2787800737
𠞕	rong	2787759256
𠞖	gong	2787717775
𠞗	que	2787676294
𠞙	li	2787634813
𠞞	tao	2787593332
𠞤	li	2787551851
𠞧	mi	2787510370
𠞩	chi	2787468889
𠞩	shuai	2787427408
𠞬	gun	2787385927
𠞮	chuang	2787344446
𠞯	suo	2787302965
𠞰	jiao	2787261484
𠞱	jin	2787220003
𠞵	fa	2787178522
𠞶	zhai	2787137041
𠞾	jin	2787095560
𠞿	cui	2787054079
𠟂	ceng	2787012598
𠟃	zun	2786971117
𠟅	ri	2786929636
𠟅	zhao	2786888155
𠟅	zhi	2786846674
𠟈	pie	2786805193
𠟉	chan	2786763712
𠟉	zhan	2786722231
𠟊	xi	2786680750
𠟋	yao	2786639269
𠟌	fu	2786597788
𠟌	pou	2786556307
𠟍	chong	2786514826
𠟓	cui	2786473345
𠟗	gua	2786431864
𠟣	ji	2786390383
𠟦	se	2786348902
𠟧	zhan	2786307421
𠟨	ling	2786265940
𠟩	se	2786224459
𠟰	ju	2786182978
𠟶	tu	2786141497
𠟺	ru	2786100016
𠟺	ruan	2786058535
𠟻	bai	2786017054
𠟻	ze	2785975573
𠟼	huan	2785934092
𠠁	xian	2785892611
𠠃	qian	2785851130
𠠄	zhao	2785809649
𠠋	can	2785768168
𠠐	rou	2785726687
𠠔	du	2785685206
𠠗	lie	2785643725
𠠜	ying	2785602244
𠠠	du	2785560763
𠠢	ling	2785519282
𠠪	wan	2785477801
𠠯	die	2785436320
𠠳	jiu	2785394839
𠠵	li	2785353358
𠠶	ku	2785311877
𠠷	keng	2785270396
𠠹	zhen	2785228915
𠡀	he	2785187434
𠡂	bi	2785145953
𠡂	fu	2785104472
𠡄	pi	2785062991
𠡊	hang	2785021510
𠡑	zhuo	2784980029
𠡒	dui	2784938548
𠡔	yi	2784897067
𠡜	ke	2784855586
𠡝	yi	2784814105
𠡞	mo	2784772624
𠡡	can	2784731143
𠡣	geng	2784689662
𠡤	ke	2784648181
𠡥	shi	2784606700
𠡭	ling	2784565219
𠡮	beng	2784523738
𠡮	keng	2784482257
𠡱	duan	2784440776
𠡶	juan	2784399295
𠡷	nao	2784357814
𠡸	zi	2784316333
𠡻	zong	2784274852
𠢃	tang	2784233371
𠢆	xia	2784191890
𠢇	han	2784150409
𠢌	lve	2784108928
𠢍	qian	2784067447
𠢓	mo	2784025966
𠢔	ou	2783984485
𠢕	hao	2783943004
𠢙	zha	2783901523
𠢚	juan	2783860042
𠢛	cong	2783818561
𠢠	ji	2783777080
𠢠	li	2783735599
𠢡	zha	2783694118
𠢢	you	2783652637
𠢣	dian	2783611156
𠢤	jue	2783569675
𠢥	bei	2783528194
𠢩	yao	2783486713
𠢪	pie	2783445232
𠢱	jin	2783403751
𠢲	kai	2783362270
𠢲	xie	2783320789
𠢳	se	2783279308
𠢴	yang	2783237827
𠢵	jin	2783196346
𠢹	ke	2783154865
𠣄	chan	2783113384
𠣇	nian	2783071903
𠣉	wan	2783030422
𠣊	lv	2782988941
𠣐	yun	2782947460
𠣑	yao	2782905979
𠣒	bao	2782864498
𠣕	jun	2782823017
𠣖	xuan	2782781536
𠣘	zhou	2782740055
𠣠	kui	2782698574
𠣡	feng	2782657093
𠣪	qu	2782615612
𠣫	shao	2782574131
𠣬	sun	2782532650
𠣰	du	2782491169
𠣲	kuai	2782449688
𠣳	pao	2782408207
𠣺	bao	2782366726
𠣾	fu	2782325245
𠣿	jiu	2782283764
𠤀	ran	2782242283
𠤄	ju	2782200802
𠤊	qiong	2782159321
𠤍	zhou	2782117840
𠤎	hua	2782076359
𠤏	bao	2782034878
𠤕	xian	2781993397
𠤕	yi	2781951916
𠤗	yi	2781910435
𠤘	yi	2781868954
𠤝	mao	2781827473
𠤦	ru	2781785992
𠤦	ruan	2781744511
𠤫	ci	2781703030
𠤮	han	2781661549
𠤰	cong	2781620068
𠤰	xuan	2781578587
𠤴	xi	2781537106
𠤹	quan	2781495625
𠤺	tiao	2781454144
𠤼	diao	2781412663
𠤾	han	2781371182
𠥇	ye	2781329701
𠥍	e	2781288220
𠥎	wei	2781246739
𠥐	cang	2781205258
𠥑	diao	2781163777
𠥕	e	2781122296
𠥖	di	2781080815
𠥘	suan	2781039334
𠥙	quan	2780997853
𠥜	e	2780956372
𠥝	ou	2780914891
𠥞	xuan	2780873410
𠥢	wu	2780831929
𠥦	yi	2780790448
𠥰	hu	2780748967
𠥴	gan	2780707486
𠥴	han	2780666005
𠥿	shi	2780624524
𠦃	sa	2780583043
𠦈	bi	2780541562
𠦊	han	2780500081
𠦋	jing	2780458600
𠦌	xi	2780417119
𠦎	qin	2780375638
𠦏	cuo	2780334157
𠦐	ci	2780292676
𠦒	ban	2780251195
𠦗	dui	2780209714
𠦜	shu	2780168233
𠦜	xi	2780126752
𠦧	zhi	2780085271
𠦨	luan	2780043790
𠦪	hu	2780002309
𠦫	ji	2779960828
𠦬	guai	2779919347
𠦲	pang	2779877866
𠧀	zhu	2779836385
𠧅	bi	2779794904
𠧇	yu	2779753423
𠧒	qi	2779711942
𠧕	he	2779670461
𠧖	chu	2779628980
𠧙	shao	2779587499
𠧚	chi	2779546018
𠧛	bo	2779504537
𠧟	nai	2779463056
𠧟	reng	2779421575
𠧠	you	2779380094
𠧤	nai	2779338613
𠧩	hui	2779297132
𠧪	tiao	2779255651
𠧪	you	2779214170
𠧫	ban	2779172689
𠧰	xu	2779131208
𠧴	you	2779089727
𠧵	chi	2779048246
𠧿	heng	2779006765
𠨃	wai	2778965284
𠨆	xie	2778923803
𠨊	jue	2778882322
𠨌	sui	2778840841
𠨍	qing	2778799360
𠨎	zhuan	2778757879
𠨕	ji	2778716398
𠨘	bi	2778674917
𠨚	xi	2778633436
𠨠	ji	2778591955
𠨢	jun	2778550474
𠨥	liao	2778508993
𠨦	you	2778467512
𠨭	ju	2778426031
𠨲	yue	2778384550
𠨵	bang	2778343069
𠨸	pi	2778301588
𠨻	ze	2778260107
𠨾	yi	2778218626
𠨿	di	2778177145
𠩂	qie	2778135664
𠩄	suo	2778094183
𠩆	ci	2778052702
𠩈	zhu	2778011221
𠩉	ju	2777969740
𠩉	yue	2777928259
𠩏	jiao	2777886778
𠩔	shi	2777845297
𠩗	yi	2777803816
𠩠	yuan	2777762335
𠩥	guo	2777720854
𠩧	ke	2777679373
𠩪	cui	2777637892
𠩫	yi	2777596411
𠩵	li	2777554930
𠩷	dian	2777513449
𠩺	chi	2777471968
𠩺	xi	2777430487
𠩿	bi	2777389006
𠪂	bian	2777347525
𠪃	mei	2777306044
𠪄	li	2777264563
𠪇	sou	2777223082
𠪐	liu	2777181601
𠪑	gui	2777140120
𠪒	ke	2777098639
𠪗	yi	2777057158
𠪙	xi	2777015677
𠪚	an	2776974196
𠪚	kan	2776932715
𠪚	yin	2776891234
𠪟	ke	2776849753
𠪣	she	2776808272
𠪧	wo	2776766791
𠪮	pi	2776725310
𠪶	yue	2776683829
𠪷	hong	2776642348
𠪺	li	2776600867
𠪻	fu	2776559386
𠫃	jue	2776517905
𠫄	xian	2776476424
𠫉	dian	2776434943
𠫌	li	2776393462
𠫓	tu	2776351981
𠫘	jian	2776310500
𠫛	bai	2776269019
𠫜	di	2776227538
𠫝	zhang	2776186057
𠫣	yu	2776144576
𠫨	dui	2776103095
𠫭	can	2776061614
𠫮	tu	2776020133
𠫶	tan	2775978652
𠫷	ji	2775937171
𠫸	qi	2775895690
𠫸	zhai	2775854209
𠫹	shan	2775812728
𠫺	nian	2775771247
𠫺	shi	2775729766
𠬆	guan	2775688285
𠬈	bi	2775646804
𠬋	nian	2775605323
𠬋	xing	2775563842
𠬓	zhen	2775522361
𠬛	mo	2775480880
𠬝	fu	2775439399
𠬢	tao	2775397918
𠬣	bang	2775356437
𠬪	biao	2775314956
𠬬	xi	2775273475
𠬮	jie	2775231994
𠬶	jin	2775190513
𠬾	qian	2775149032
𠭈	si	2775107551
𠭉	jing	2775066070
𠭋	chi	2775024589
𠭗	jing	2774983108
𠭥	sui	2774941627
𠭯	zha	2774900146
𠭰	li	2774858665
𠭴	zhuo	2774817184
𠭹	bian	2774775703
𠭿	tun	2774734222
𠮃	bi	2774692741
𠮆	fei	2774651260
𠮊	de	2774609779
𠮌	zhu	2774568298
𠮑	ju	2774526817
𠮙	yi	2774485336
𠮜	ya	2774443855
𠮜	yin	2774402374
𠮟	chi	2774360893
𠮠	bai	2774319412
𠮠	gua	2774277931
𠮡	zhi	2774236450
𠮨	reng	2774194969
𠮫	you	2774153488
𠮭	bo	2774112007
𠮯	ji	2774070526
𠮰	pin	2774029045
𠮳	ying	2773987564
𠮴	yang	2773946083
𠮵	mang	2773904602
𠮶	ga	2773863121
𠮶	ge	2773821640
𠮽	long	2773780159
𠮾	n	2773738678
𠮿	sa	2773697197
𠮿	san	2773655716
𠯀	chuan	2773614235
𠯂	ci	2773572754
𠯃	wu	2773531273
𠯄	ren	2773489792
𠯈	dai	2773448311
𠯉	ji	2773406830
𠯋	yi	2773365349
𠯍	ran	2773323868
𠯐	huo	2773282387
𠯑	gua	2773240906
𠯓	zhe	2773199425
𠯔	pi	2773157944
𠯗	za	2773116463
𠯘	ban	2773074982
𠯙	jie	2773033501
𠯜	hou	2772992020
𠯜	xu	2772950539
𠯩	zha	2772909058
𠯪	dai	2772867577
𠯪	e	2772826096
𠯫	ge	2772784615
𠯭	pi	2772743134
𠯯	pian	2772701653
𠯰	shi	2772660172
𠯱	liang	2772618691
𠯲	yue	2772577210
𠯳	hu	2772535729
𠯳	wen	2772494248
𠯴	bian	2772452767
𠯷	reng	2772411286
𠯹	reng	2772369805
𠰄	yi	2772328324
𠰅	zhi	2772286843
𠰇	jin	2772245362
𠰈	weng	2772203881
𠰉	chao	2772162400
𠰋	qiu	2772120919
𠰍	zhu	2772079438
𠰏	zha	2772037957
𠰐	po	2771996476
𠰑	an	2771954995
𠰓	he	2771913514
𠰕	chu	2771872033
𠰖	yan	2771830552
𠰚	shi	2771789071
𠰛	gao	2771747590
𠰛	hu	2771706109
𠰜	e	2771664628
𠰴	shi	2771623147
𠰹	tuo	2771581666
𠰺	dai	2771540185
𠰻	wai	2771498704
𠰼	po	2771457223
𠰽	rong	2771415742
𠰾	ju	2771374261
𠱀	bo	2771332780
𠱁	dang	2771291299
𠱐	yu	2771249818
𠱑	dou	2771208337
𠱓	gui	2771166856
𠱔	shou	2771125375
𠱗	suo	2771083894
𠱘	ni	2771042413
𠱙	cu	2771000932
𠱙	ji	2770959451
𠱙	yu	2770917970
𠱙	zhou	2770876489
𠱚	long	2770835008
𠱛	bing	2770793527
𠱜	zun	2770752046
𠱝	ye	2770710565
𠱠	ling	2770669084
𠱡	sa	2770627603
𠱡	shai	2770586122
𠱤	lei	2770544641
𠱥	e	2770503160
𠱥	hui	2770461679
𠱥	za	2770420198
𠱧	zhong	2770378717
𠱨	ji	2770337236
𠱫	e	2770295755
𠱯	zuo	2770254274
𠱲	na	2770212793
𠱳	yun	2770171312
𠱸	chen	2770129831
𠲊	xie	2770088350
𠲋	zui	2770046869
𠲌	shu	2770005388
𠲍	diu	2769963907
𠲎	fa	2769922426
𠲎	fei	2769880945
𠲎	wa	2769839464
𠲏	ren	2769797983
𠲑	bang	2769756502
𠲒	han	2769715021
𠲓	hong	2769673540
𠲔	yi	2769632059
𠲖	yi	2769590578
𠲙	ke	2769549097
𠲚	yi	2769507616
𠲛	hui	2769466135
𠲜	zheng	2769424654
𠲮	jing	2769383173
𠲱	ge	2769341692
𠲴	nou	2769300211
𠲵	jie	2769258730
𠲵	qie	2769217249
𠲷	die	2769175768
𠲹	ji	2769134287
𠲺	yi	2769092806
𠲻	yi	2769051325
𠲽	fu	2769009844
𠲾	shuo	2768968363
𠲿	shuo	2768926882
𠳀	yong	2768885401
𠳁	ken	2768843920
𠳂	hua	2768802439
𠳃	hong	2768760958
𠳇	he	2768719477
𠳊	he	2768677996
𠳋	qian	2768636515
𠳌	qia	2768595034
𠳎	si	2768553553
𠳏	che	2768512072
𠳐	bang	2768470591
𠳬	jing	2768429110
𠳭	ke	2768387629
𠳳	ai	2768346148
𠳴	lou	2768304667
𠳶	tu	2768263186
𠳹	chuang	2768221705
𠳼	song	2768180224
𠳽	cheng	2768138743
𠳿	wei	2768097262
𠴂	nu	2768055781
𠴄	jiu	2768014300
𠴇	bin	2767972819
𠴡	xiao	2767931338
𠴣	hou	2767889857
𠴦	zhu	2767848376
𠴨	guan	2767806895
𠴩	ji	2767765414
𠴩	qi	2767723933
𠴫	cu	2767682452
𠴫	ji	2767640971
𠴫	yu	2767599490
𠴫	zhu	2767558009
𠴭	xi	2767516528
𠴯	she	2767475047
𠴰	ou	2767433566
𠴱	hu	2767392085
𠴲	ta	2767350604
𠴳	xiao	2767309123
𠴵	zao	2767267642
𠴸	bo	2767226161
𠴹	qi	2767184680
𠴺	wa	2767143199
𠴻	tuo	2767101718
𠴼	dao	2767060237
𠴾	na	2767018756
𠵝	ya	2766977275
𠵠	zhai	2766935794
𠵣	ya	2766894313
𠵦	wu	2766852832
𠵧	chun	2766811351
𠵧	zhen	2766769870
𠵨	de	2766728389
𠵩	he	2766686908
𠵫	ang	2766645427
𠵬	pi	2766603946
𠵭	se	2766562465
𠵮	fen	2766520984
𠵯	gua	2766479503
𠵱	yi	2766438022
𠵳	po	2766396541
𠵷	xuan	2766355060
𠵸	han	2766313579
𠵸	mi	2766272098
𠵺	ba	2766230617
𠵻	zong	2766189136
𠵼	meng	2766147655
𠶧	dian	2766106174
𠶨	xi	2766064693
𠶫	da	2766023212
𠶬	nang	2765981731
𠶰	diao	2765940250
𠶱	luo	2765898769
𠶲	ke	2765857288
𠶷	yi	2765815807
𠶻	ji	2765774326
𠶾	he	2765732845
𠶿	nie	2765691364
𠶿	za	2765649883
𠷀	run	2765608402
𠷁	jian	2765566921
𠷁	qian	2765525440
𠷂	dai	2765483959
𠷃	shao	2765442478
𠷃	shou	2765400997
𠷃	su	2765359516
𠷄	ke	2765318035
𠷅	zhu	2765276554
𠷇	shi	2765235073
𠷈	lie	2765193592
𠷈	lv	2765152111
𠷉	jia	2765110630
𠷊	pian	2765069149
𠷋	hou	2765027668
𠷍	ta	2764986187
𠷎	chou	2764944706
𠷎	shou	2764903225
𠷐	jiang	2764861744
𠷐	jing	2764820263
𠷑	po	2764778782
𠷒	zhai	2764737301
𠷓	xin	2764695820
𠷖	bian	2764654339
𠷙	xu	2764612858
𠷞	gu	2764571377
𠷟	jie	2764529896
𠷢	xian	2764488415
𠷸	e	2764446934
𠷸	yong	2764405453
𠷺	bo	2764363972
𠷻	piao	2764322491
𠷿	za	2764281010
𠸁	pai	2764239529
𠸂	tu	2764198048
𠸄	ying	2764156567
𠸮	xiang	2764115086
𠸱	nuo	2764073605
𠸲	ge	2764032124
𠸳	bo	2763990643
𠸴	xie	2763949162
𠸸	chun	2763907681
𠸸	zhen	2763866200
𠸹	yu	2763824719
𠸺	ni	2763783238
𠹀	xun	2763741757
𠹁	wa	2763700276
𠹃	ang	2763658795
𠹄	han	2763617314
𠹅	hong	2763575833
𠹆	dan	2763534352
𠹈	nuo	2763492871
𠹊	cao	2763451390
𠹋	ji	2763409909
𠹌	neng	2763368428
𠹍	rong	2763326947
𠹍	yong	2763285466
𠹎	xiao	2763243985
𠹐	chua	2763202504
𠹑	yao	2763161023
𠹓	ge	2763119542
𠹔	tang	2763078061
𠹕	bao	2763036580
𠹖	chan	2762995099
𠹘	xu	2762953618
𠹝	chou	2762912137
𠹟	jian	2762870656
𠹠	zuo	2762829175
𠹤	wei	2762787694
𠹥	da	2762746213
𠹦	pi	2762704732
𠹶	peng	2762663251
𠺐	huan	2762621770
𠺒	xi	2762580289
𠺔	pen	2762538808
𠺕	liao	2762497327
𠺕	liu	2762455846
𠺗	mie	2762414365
𠺘	lang	2762372884
𠺙	tui	2762331403
𠺚	ban	2762289922
𠺝	ge	2762248441
𠺟	ku	2762206960
𠺢	jia	2762165479
𠺣	bo	2762123998
𠻍	huan	2762082517
𠻏	zu	2762041036
𠻐	luo	2761999555
𠻘	jue	2761958074
𠻙	he	2761916593
𠻚	mo	2761875112
𠻜	lv	2761833631
𠻜	shui	2761792150
𠻜	su	2761750669
𠻝	shen	2761709188
𠻞	kang	2761667707
𠻟	chi	2761626226
𠻠	ling	2761584745
𠻡	luo	2761543264
𠻤	yan	2761501783
𠻥	zhao	2761460302
𠻦	chua	2761418821
𠻧	gu	2761377340
𠻨	qin	2761335859
𠻪	tan	2761294378
𠻫	fen	2761252897
𠻬	tu	2761211416
𠻱	ling	2761169935
𠻴	lang	2761128454
𠻹	tian	2761086973
𠼖	lan	2761045492
𠼘	wu	2761004011
𠼝	li	2760962530
𠼞	a	2760921049
𠼟	lve	2760879568
𠼠	zhi	2760838087
𠼡	chou	2760796606
𠼢	jiang	2760755125
𠼢	qiang	2760713644
𠼩	lun	2760672163
𠼪	yi	2760630682
𠼬	shang	2760589201
𠼭	bo	2760547720
𠼻	ji	2760506239
𠽌	xue	2760464758
𠽜	yi	2760423277
𠽝	nin	2760381796
𠽡	hui	2760340315
𠽣	zha	2760298834
𠽦	han	2760257353
𠽨	yin	2760215872
𠽩	bi	2760174391
𠽪	an	2760132910
𠽫	xia	2760091429
𠽬	ni	2760049948
𠽰	di	2760008467
𠽱	jian	2759966986
𠽲	pan	2759925505
𠽵	yu	2759884024
𠽶	chuai	2759842543
𠽶	chuo	2759801062
𠽶	cui	2759759581
𠽷	za	2759718100
𠽹	cha	2759676619
𠽻	zhe	2759635138
𠽼	se	2759593657
𠽾	pen	2759552176
𠽾	pu	2759510695
𠽿	gu	2759469214
𠾀	zhe	2759427733
𠾆	li	2759386252
𠾇	dou	2759344771
𠾉	chou	2759303290
𠾋	zui	2759261809
𠾌	po	2759220328
𠾏	she	2759178847
𠾐	long	2759137366
𠾢	shu	2759095885
𠾤	jin	2759054404
𠾥	ling	2759012923
𠾨	kang	2758971442
𠾩	la	2758929961
𠾫	xu	2758888480
𠾮	chuan	2758846999
𠾲	yue	2758805518
𠿆	mai	2758764037
𠿇	xie	2758722556
𠿈	jiu	2758681075
𠿉	ji	2758639594
𠿋	yue	2758598113
𠿏	jian	2758556632
𠿑	an	2758515151
𠿑	gan	2758473670
𠿑	han	2758432189
𠿓	sa	2758390708
𠿔	hui	2758349227
𠿗	se	2758307746
𠿛	lu	2758266265
𠿜	hua	2758224784
𠿝	chu	2758183303
𠿞	shan	2758141822
𠿟	wo	2758100341
𠿠	ji	2758058860
𠿡	zhuo	2758017379
𠿢	xian	2757975898
𠿣	yi	2757934417
𠿤	guo	2757892936
𠿥	gui	2757851455
𠿥	kui	2757809974
𠿪	jia	2757768493
𡀑	zhou	2757727012
𡀔	lou	2757685531
𡀔	lu	2757644050
𡀖	bo	2757602569
𡀗	shi	2757561088
𡀘	ying	2757519607
𡀙	ku	2757478126
𡀹	zhi	2757436645
𡀺	xie	2757395164
𡀽	he	2757353683
𡀽	ye	2757312202
𡀾	e	2757270721
𡁀	han	2757229240
𡁁	kai	2757187759
𡁁	ye	2757146278
𡁆	luo	2757104797
𡁇	chuo	2757063316
𡁈	fan	2757021835
𡁉	zhi	2756980354
𡁊	ying	2756938873
𡁋	wen	2756897392
𡁌	wa	2756855911
𡁍	ai	2756814430
𡁎	yu	2756772949
𡁑	hua	2756731468
𡁓	lie	2756689987
𡁔	jing	2756648506
𡁕	za	2756607025
𡁜	huo	2756565544
𡁧	zang	2756524063
𡁨	dui	2756482582
𡁪	ji	2756441101
𡁮	wo	2756399620
𡁰	ji	2756358139
𡁱	xi	2756316658
𡁳	zhan	2756275177
𡁴	tuan	2756233696
𡁻	zhao	2756192215
𡂊	yu	2756150734
𡂏	lie	2756109253
𡂓	shi	2756067772
𡂕	lao	2756026291
𡂖	lai	2755984810
𡂖	ta	2755943329
𡂗	wei	2755901848
𡂘	pao	2755860367
𡂙	chi	2755818886
𡂚	ying	2755777405
𡂛	dou	2755735924
𡂝	dou	2755694443
𡂟	bao	2755652962
𡂠	qie	2755611481
𡂣	zhi	2755570000
𡂩	lie	2755528519
𡂫	peng	2755487038
𡂭	zhe	2755445557
𡃁	liang	2755404076
𡃂	xie	2755362595
𡃃	ji	2755321114
𡃅	ying	2755279633
𡃆	ceng	2755238152
𡃖	le	2755196671
𡃝	lun	2755155190
𡃡	long	2755113709
𡃢	xi	2755072228
𡃦	lin	2755030747
𡃩	gui	2754989266
𡃳	xing	2754947785
𡃶	xi	2754906304
𡃷	li	2754864823
𡃸	ci	2754823342
𡄇	qing	2754781861
𡄑	jian	2754740380
𡄒	dao	2754698899
𡄓	jian	2754657418
𡄕	xie	2754615937
𡄟	ha	2754574456
𡄡	zhe	2754532975
𡄢	she	2754491494
𡄱	cu	2754450013
𡄲	ru	2754408532
𡄳	sa	2754367051
𡄴	huo	2754325570
𡄵	yi	2754284089
𡄷	di	2754242608
𡄹	luan	2754201127
𡄻	yi	2754159646
𡅂	bo	2754118165
𡅃	pang	2754076684
𡅄	tan	2754035203
𡅅	e	2753993722
𡅅	ei	2753952241
𡅆	zang	2753910760
𡅇	cong	2753869279
𡅓	zhai	2753827798
𡅕	xi	2753786317
𡅖	mang	2753744836
𡅙	yun	2753703355
𡅡	e	2753661874
𡅭	guan	2753620393
𡅱	huan	2753578912
𡅵	shi	2753537431
𡅶	jian	2753495950
𡅹	zhan	2753454469
𡅺	ji	2753412988
𡅻	huan	2753371507
𡆅	wan	2753330026
𡆆	luo	2753288545
𡆏	dou	2753247064
𡆕	lian	2753205583
𡆣	di	2753164102
𡆣	nie	2753122621
𡆤	nan	2753081140
𡆥	jiu	2753039659
𡆦	yue	2752998178
𡆩	jiong	2752956697
𡆩	yao	2752915216
𡆪	chuang	2752873735
𡆮	can	2752832254
𡆯	li	2752790773
𡆰	dun	2752749292
𡆱	nan	2752707811
𡆲	nan	2752666330
𡆸	guo	2752624849
𡆸	ri	2752583368
𡆽	yue	2752541887
𡇀	you	2752500406
𡇂	yin	2752458925
𡇄	guo	2752417444
𡇄	nie	2752375963
𡇈	dang	2752334482
𡇈	tuo	2752293001
𡇑	zhen	2752251520
𡇒	mi	2752210039
𡇓	die	2752168558
𡇖	zhen	2752127077
𡇚	kua	2752085596
𡇜	han	2752044115
𡇝	song	2752002634
𡇞	he	2751961153
𡇟	ji	2751919672
𡇠	zhe	2751878191
𡇤	bing	2751836710
𡇦	wei	2751795229
𡇧	tou	2751753748
𡇩	tu	2751712267
𡇬	gang	2751670786
𡇭	lou	2751629305
𡇮	quan	2751587824
𡇯	hun	2751546343
𡇰	zhuan	2751504862
𡇱	que	2751463381
𡇳	hong	2751421900
𡇵	dang	2751380419
𡇶	he	2751338938
𡇷	tai	2751297457
𡇸	guai	2751255976
𡇺	yu	2751214495
𡇼	ya	2751173014
𡇿	wan	2751131533
𡈀	qun	2751090052
𡈅	jue	2751048571
𡈆	ou	2751007090
𡈉	quan	2750965609
𡈊	zhi	2750924128
𡈍	ling	2750882647
𡈎	ri	2750841166
𡈎	wu	2750799685
𡈏	xin	2750758204
𡈐	da	2750716723
𡈒	yuan	2750675242
𡈓	yuan	2750633761
𡈗	mo	2750592280
𡈙	you	2750550799
𡈞	wu	2750509318
𡈠	zhang	2750467837
𡈣	xuan	2750426356
𡈦	rao	2750384875
𡈧	gun	2750343394
𡈨	yu	2750301913
𡈮	xia	2750260432
𡈯	bian	2750218951
𡈰	you	2750177470
𡈲	yin	2750135989
𡈴	ru	2750094508
𡈴	xuan	2750053027
𡈵	you	2750011546
𡈶	lei	2749970065
𡈼	ting	2749928584
𡈼	zheng	2749887103
𡈼	zhi	2749845622
𡈿	zhen	2749804141
𡉄	ku	2749762660
𡉄	zai	2749721179
𡉅	ga	2749679698
𡉆	la	2749638217
𡉉	que	2749596736
𡉎	ju	2749555255
𡉐	chun	2749513774
𡉑	da	2749472293
𡉒	tun	2749430812
𡉓	ai	2749389331
𡉗	zi	2749347850
𡉚	feng	2749306369
𡉚	huang	2749264888
𡉛	yi	2749223407
𡉩	bao	2749181926
𡉪	chi	2749140445
𡉭	ri	2749098964
𡉴	hu	2749057483
𡉴	lu	2749016002
𡉷	jie	2748974521
𡉸	shi	2748933040
𡉺	zuan	2748891559
𡊁	yi	2748850078
𡊄	fen	2748808597
𡊅	bian	2748767116
𡊅	fen	2748725635
𡊉	mo	2748684154
𡊍	shu	2748642673
𡊛	ao	2748601192
𡊝	pi	2748559711
𡊞	ping	2748518230
𡊟	po	2748476749
𡊠	jia	2748435268
𡊡	zhou	2748393787
𡊣	qiu	2748352306
𡊧	you	2748310825
𡊨	tan	2748269344
𡊫	rong	2748227863
𡊭	mi	2748186382
𡊶	yi	2748144901
𡊸	rong	2748103420
𡊻	lie	2748061939
𡊼	qiong	2748020458
𡋙	hui	2747978977
𡋚	ji	2747937496
𡋟	gao	2747896015
𡋧	you	2747854534
𡋨	cha	2747813053
𡋩	de	2747771572
𡋪	yin	2747730091
𡋬	yu	2747688610
𡋭	bei	2747647129
𡋯	bo	2747605648
𡌔	qiao	2747564167
𡌚	cha	2747522686
𡌜	xin	2747481205
𡌞	chi	2747439724
𡌣	zao	2747398243
𡌤	kui	2747356762
𡌦	fei	2747315281
𡌩	da	2747273800
𡌩	ta	2747232319
𡌪	guai	2747190838
𡌭	duo	2747149357
𡌲	gui	2747107876
𡌴	zhi	2747066395
𡍌	chan	2747024914
𡍍	nao	2746983433
𡍐	hu	2746941952
𡍒	tao	2746900471
𡍡	yi	2746858990
𡍤	nie	2746817509
𡍥	zhai	2746776028
𡍦	huan	2746734547
𡍨	du	2746693066
𡍪	qi	2746651585
𡍮	chui	2746610104
𡍲	da	2746568623
𡍶	zhi	2746527142
𡍷	geng	2746485661
𡍻	weng	2746444180
𡎉	du	2746402699
𡎍	chi	2746361218
𡎑	an	2746319737
𡎒	kuo	2746278256
𡎔	wo	2746236775
𡎘	ying	2746195294
𡎚	pian	2746153813
𡎫	qi	2746112332
𡎫	zha	2746070851
𡎬	zhua	2746029370
𡎮	su	2745987889
𡎳	ni	2745946408
𡎺	zhu	2745904927
𡎻	chan	2745863446
𡎾	beng	2745821965
𡎿	ni	2745780484
𡏀	zhi	2745739003
𡏁	hui	2745697522
𡏘	xia	2745656041
𡏚	zhi	2745614560
𡏛	xi	2745573079
𡏞	jiang	2745531598
𡏩	dui	2745490117
𡏪	fu	2745448636
𡏭	jiao	2745407155
𡏮	chao	2745365674
𡏯	bai	2745324193
𡏵	lie	2745282712
𡏼	ao	2745241231
𡐋	zao	2745199750
𡐌	chu	2745158269
𡐏	tuo	2745116788
𡐒	hao	2745075307
𡐓	kang	2745033826
𡐔	yin	2744992345
𡐖	xian	2744950864
𡐝	fu	2744909383
𡐞	bie	2744867902
𡐠	kui	2744826421
𡐤	qie	2744784940
𡐥	sa	2744743459
𡐿	da	2744701978
𡑀	shu	2744660497
𡑀	ye	2744619016
𡑄	zhang	2744577535
𡑆	liang	2744536054
𡑈	dui	2744494573
𡑘	zhi	2744453092
𡑚	ku	2744411611
𡑞	sui	2744370130
𡑟	wo	2744328649
𡑣	ku	2744287168
𡑶	jiang	2744245687
𡑻	zhui	2744204206
𡑽	shuang	2744162725
𡑾	yu	2744121244
𡒁	sa	2744079763
𡒃	ao	2744038282
𡒃	yu	2743996801
𡒊	yu	2743955320
𡒌	qian	2743913839
𡒍	ju	2743872358
𡒏	lie	2743830877
𡒒	shu	2743789396
𡒓	xian	2743747915
𡒖	gai	2743706434
𡒢	tai	2743664953
𡒧	tian	2743623472
𡒯	meng	2743581991
𡒱	di	2743540510
𡒳	mian	2743499029
𡒾	hui	2743457548
𡒾	kui	2743416067
𡓉	duo	2743374586
𡓍	lie	2743333105
𡓒	lai	2743291624
𡓓	yin	2743250143
𡓔	lan	2743208662
𡓖	jiao	2743167181
𡓘	huo	2743125700
𡓣	guo	2743084219
𡓭	mi	2743042738
𡓰	kui	2743001257
𡓷	duo	2742959776
𡓿	yin	2742918295
𡔇	lei	2742876814
𡔕	gong	2742835333
𡔛	ting	2742793852
𡔜	yao	2742752371
𡔞	wang	2742710890
𡔣	jie	2742669409
𡔣	qie	2742627928
𡔨	xiu	2742586447
𡔪	shu	2742544966
𡔱	wei	2742503485
𡔴	yu	2742462004
𡕁	zhan	2742420523
𡕉	ang	2742379042
𡕏	sang	2742337561
𡕐	chou	2742296080
𡕒	kua	2742254599
𡕖	feng	2742213118
𡕖	ju	2742171637
𡕗	hai	2742130156
𡕢	man	2742088675
𡕢	mian	2742047194
𡕧	hang	2742005713
𡕪	chou	2741964232
𡕮	ling	2741922751
𡕰	zong	2741881270
𡖉	kun	2741839789
𡖌	zhong	2741798308
𡖎	zhao	2741756827
𡖐	die	2741715346
𡖑	gou	2741673865
𡖒	yun	2741632384
𡖓	dan	2741590903
𡖔	nuo	2741549422
𡖛	bing	2741507941
𡖝	ran	2741466460
𡖞	chan	2741424979
𡖢	rong	2741383498
𡖣	yin	2741342017
𡖤	chan	2741300536
𡖧	zhi	2741259055
𡖪	guai	2741217574
𡖫	nuo	2741176093
𡖬	shen	2741134612
𡖯	su	2741093131
𡖲	wo	2741051650
𡖳	chi	2741010169
𡖺	mie	2740968688
𡖻	zhi	2740927207
𡖾	qi	2740885726
𡗁	gou	2740844245
𡗈	zi	2740802764
𡗍	dang	2740761283
𡗏	xian	2740719802
𡗑	rou	2740678321
𡗗	peng	2740636840
𡗞	xi	2740595359
𡗢	ben	2740553878
𡗢	kua	2740512397
𡗤	gui	2740470916
𡗥	chun	2740429435
𡗦	jie	2740387954
𡗲	ben	2740346473
𡗲	jie	2740304992
𡗳	xi	2740263511
𡗵	ku	2740222030
𡗷	gu	2740180549
𡗸	kua	2740139068
𡗸	zha	2740097587
𡗹	fan	2740056106
𡗼	xie	2740014625
𡘍	huan	2739973144
𡘍	qie	2739931663
𡘏	niao	2739890182
𡘐	xi	2739848701
𡘛	cu	2739807220
𡘝	gun	2739765739
𡘡	xi	2739724258
𡘧	qia	2739682777
𡘪	mang	2739641296
𡘭	zhe	2739599815
𡘰	juan	2739558334
𡘴	bie	2739516853
𡙀	bie	2739475372
𡙅	quan	2739433891
𡙋	xi	2739392410
𡙎	jiao	2739350929
𡙎	miao	2739309448
𡙐	quan	2739267967
𡙑	zhi	2739226486
𡙒	tian	2739185005
𡙓	kai	2739143524
𡙘	san	2739102043
𡙘	yi	2739060562
𡙛	zi	2739019081
𡙣	jie	2738977600
𡙪	bie	2738936119
𡙬	dou	2738894638
𡙭	zui	2738853157
𡙶	yan	2738811676
𡚁	bi	2738770195
𡚅	kuai	2738728714
𡚇	yan	2738687233
𡚈	wei	2738645752
𡚊	huan	2738604271
𡚌	hao	2738562790
𡚑	gong	2738521309
𡚔	meng	2738479828
𡚗	lei	2738438347
𡚙	di	2738396866
𡚛	bing	2738355385
𡚜	huan	2738313904
𡚜	kan	2738272423
𡚟	wa	2738230942
𡚠	jue	2738189461
𡚨	chi	2738147980
𡚭	ba	2738106499
𡚮	jiu	2738065018
𡚷	di	2738023537
𡚹	zhang	2737982056
𡚻	da	2737940575
𡚼	shi	2737899094
𡚽	hao	2737857613
𡛌	ye	2737816132
𡛗	bi	2737774651
𡛘	pi	2737733170
𡛙	yao	2737691689
𡛜	di	2737650208
𡛝	can	2737608727
𡛞	pin	2737567246
𡛟	yue	2737525765
𡛠	qie	2737484284
𡛡	pi	2737442803
𡛵	tuo	2737401322
𡛶	xie	2737359841
𡛽	ye	2737318360
𡜀	fan	2737276879
𡜁	gua	2737235398
𡜂	hu	2737193917
𡜃	ru	2737152436
𡜉	ran	2737110955
𡜊	fou	2737069474
𡜋	huang	2737027993
𡜚	ru	2736986512
𡜢	mao	2736945031
𡜥	dui	2736903550
𡜦	hui	2736862069
𡜧	xi	2736820588
𡜨	xiu	2736779107
𡜫	ran	2736737626
𡜬	yi	2736696145
𡜯	zhe	2736654664
𡜱	ji	2736613183
𡜲	gao	2736571702
𡜳	you	2736530221
𡜵	pu	2736488740
𡝈	chu	2736447259
𡝉	cu	2736405778
𡝊	zhe	2736364297
𡝋	niao	2736322816
𡝍	qie	2736281335
𡝐	cha	2736239854
𡝒	niao	2736198373
𡝓	sui	2736156892
𡝙	cha	2736115411
𡝚	cheng	2736073930
𡝛	yao	2736032449
𡝜	du	2735990968
𡝝	wang	2735949487
𡝟	nian	2735908006
𡝦	nou	2735866525
𡝧	xi	2735825044
𡝩	yao	2735783563
𡝫	chan	2735742082
𡞘	xie	2735700601
𡞙	mie	2735659120
𡞚	keng	2735617639
𡞜	cu	2735576158
𡞞	sheng	2735534677
𡞟	pan	2735493196
𡞠	hu	2735451715
𡞢	ke	2735410234
𡞣	xian	2735368753
𡞥	hou	2735327272
𡞦	qiong	2735285791
𡞧	zong	2735244310
𡞪	fu	2735202829
𡞫	nai	2735161348
𡞭	ni	2735119867
𡞯	ku	2735078386
𡞾	nen	2735036905
𡟍	ge	2734995424
𡟑	hou	2734953943
𡟓	ai	2734912462
𡟕	shi	2734870981
𡟞	xiu	2734829500
𡟟	cong	2734788019
𡟠	jiao	2734746538
𡟢	zha	2734705057
𡟣	xiao	2734663576
𡟤	lian	2734622095
𡟥	qu	2734580614
𡟨	shan	2734539133
𡟩	xie	2734497652
𡟬	mie	2734456171
𡟭	chai	2734414690
𡟯	en	2734373209
𡟳	dou	2734331728
𡠆	kou	2734290247
𡠊	tiao	2734248766
𡠋	shi	2734207285
𡠏	sang	2734165804
𡠒	guan	2734124323
𡠖	hao	2734082842
𡠗	zhi	2734041361
𡠘	yang	2733999880
𡠙	tong	2733958399
𡠜	mo	2733916918
𡠞	fu	2733875437
𡠥	qiang	2733833956
𡠼	sou	2733792475
𡠿	niao	2733750994
𡡀	juan	2733709513
𡡂	yang	2733668032
𡡄	huang	2733626551
𡡈	beng	2733585070
𡡉	mo	2733543589
𡡊	chao	2733502108
𡡎	lou	2733460627
𡡎	lv	2733419146
𡡏	shao	2733377665
𡡐	bu	2733336184
𡡑	zeng	2733294703
𡡒	si	2733253222
𡡒	xi	2733211741
𡡔	zui	2733170260
𡡕	yue	2733128779
𡡖	can	2733087298
𡡖	zan	2733045817
𡡗	luan	2733004336
𡡥	qu	2732962855
𡡺	miao	2732921374
𡢀	zhuan	2732879893
𡢈	dang	2732838412
𡢊	yuan	2732796931
𡢒	ju	2732755450
𡢕	hui	2732713969
𡢖	qi	2732672488
𡢚	man	2732631007
𡢜	mo	2732589526
𡢱	piao	2732548045
𡢳	jin	2732506564
𡢹	yao	2732465083
𡣀	chi	2732423602
𡣁	ni	2732382121
𡣂	sou	2732340640
𡣈	shu	2732299159
𡣋	piao	2732257678
𡣔	han	2732216197
𡣠	yao	2732174716
𡣢	nei	2732133235
𡣪	shi	2732091754
𡣬	yuan	2732050273
𡣮	cai	2732008792
𡣯	jie	2731967311
𡣹	xie	2731925830
𡣽	yan	2731884349
𡣾	xiao	2731842868
𡤋	xie	2731801387
𡤌	li	2731759906
𡤎	fan	2731718425
𡤗	zhu	2731676944
𡤙	na	2731635463
𡤛	zhuan	2731593982
𡤞	kui	2731552501
𡤽	shu	2731511020
𡤿	cheng	2731469539
𡤿	kong	2731428058
𡥁	yi	2731386577
𡥆	hao	2731345096
𡥈	jiao	2731303615
𡥋	hui	2731262134
𡥍	xiao	2731220653
𡥎	ci	2731179172
𡥎	zi	2731137691
𡥞	bei	2731096210
𡥞	ji	2731054729
𡥦	jin	2731013248
𡥦	ni	2730971767
𡥨	jin	2730930286
𡥨	ni	2730888805
𡥩	ti	2730847324
𡥶	ju	2730805843
𡥶	ru	2730764362
𡥸	ming	2730722881
𡥼	mie	2730681400
𡥽	li	2730639919
𡥿	zhong	2730598438
𡦁	xu	2730556957
𡦃	qiong	2730515476
𡦄	fu	2730473995
𡦆	bin	2730432514
𡦊	ji	2730391033
𡦍	qi	2730349552
𡦎	xi	2730308071
𡦔	deng	2730266590
𡦕	er	2730225109
𡦛	shu	2730183628
𡦜	tong	2730142147
𡦝	xiao	2730100666
𡦟	pi	2730059185
𡦨	dan	2730017704
𡦪	ji	2729976223
𡦳	xiao	2729934742
𡦷	cong	2729893261
𡦻	bin	2729851780
𡦼	rong	2729810299
𡧍	bin	2729768818
𡧍	mian	2729727337
𡧒	mian	2729685856
𡧔	shu	2729644375
𡧕	shou	2729602894
𡧕	xiao	2729561413
𡧖	bao	2729519932
𡧗	wa	2729478451
𡧙	pao	2729436970
𡧣	gai	2729395489
𡧥	hu	2729354008
𡧦	heng	2729312527
𡧨	zhu	2729271046
𡧩	guai	2729229565
𡧭	gui	2729188084
𡧹	dai	2729146603
𡧼	bin	2729105122
𡧽	huang	2729063641
𡨀	cha	2729022160
𡨄	sai	2728980679
𡨄	xia	2728939198
𡨅	ju	2728897717
𡨇	xiang	2728856236
𡨇	yao	2728814755
𡨖	fen	2728773274
𡨗	zao	2728731793
𡨛	feng	2728690312
𡨢	ju	2728648831
𡨣	yu	2728607350
𡨩	hun	2728565869
𡨲	jie	2728524388
𡨳	hun	2728482907
𡨳	xiong	2728441426
𡨵	nai	2728399945
𡨻	nou	2728358464
𡨽	sheng	2728316983
𡨿	yu	2728275502
𡩂	huan	2728234021
𡩃	geng	2728192540
𡩄	wan	2728151059
𡩆	tuo	2728109578
𡩇	qiao	2728068097
𡩘	yin	2728026616
𡩚	jia	2727985135
𡩚	zhuan	2727943654
𡩡	suo	2727902173
𡩣	jie	2727860692
𡩤	xi	2727819211
𡩥	weng	2727777730
𡩩	mang	2727736249
𡩶	yang	2727694768
𡩸	yao	2727653287
𡩽	mang	2727611806
𡩾	ou	2727570325
𡪁	an	2727528844
𡪅	lou	2727487363
𡪑	e	2727445882
𡪒	zi	2727404401
𡪗	e	2727362920
𡪙	an	2727321439
𡪞	huo	2727279958
𡪠	ceng	2727238477
𡪰	xiong	2727196996
𡪱	ji	2727155515
𡪳	zuo	2727114034
𡪵	qi	2727072553
𡪺	zheng	2727031072
𡫀	ji	2726989591
𡫁	chen	2726948110
𡫁	qi	2726906629
𡫂	juan	2726865148
𡫃	ning	2726823667
𡫟	se	2726782186
𡫥	he	2726740705
𡫦	rong	2726699224
𡫧	qin	2726657743
𡫬	ju	2726616262
𡫯	li	2726574781
𡫵	shi	2726533300
𡫸	ni	2726491819
𡫹	xian	2726450338
𡫺	fu	2726408857
𡫽	ru	2726367376
𡫽	yu	2726325895
𡬁	xiong	2726284414
𡬂	gui	2726242933
𡬄	ji	2726201452
𡬆	meng	2726159971
𡬇	fu	2726118490
𡬉	sai	2726077009
𡬊	yu	2726035528
𡬋	jiao	2725994047
𡬌	meng	2725952566
𡬍	long	2725911085
𡬎	qiang	2725869604
𡬐	mi	2725828123
𡬓	yi	2725786642
𡬕	long	2725745161
𡬖	han	2725703680
𡬗	ni	2725662199
𡬙	seng	2725620718
𡬜	lin	2725579237
𡬞	yu	2725537756
𡬥	nuo	2725496275
𡬫	wu	2725454794
𡬯	bian	2725413313
𡬲	bian	2725371832
𡬳	shou	2725330351
𡬳	xuan	2725288870
𡬵	jian	2725247389
𡬸	bian	2725205908
𡭂	de	2725164427
𡭇	zhuan	2725122946
𡭋	rong	2725081465
𡭐	shuan	2725039984
𡭘	jia	2724998503
𡭛	hui	2724957022
𡭞	zhan	2724915541
𡭢	bai	2724874060
𡭣	lie	2724832579
𡭥	xie	2724791098
𡭭	jian	2724749617
𡭮	shou	2724708136
𡭳	kao	2724666655
𡭷	guan	2724625174
𡭸	luan	2724583693
𡭾	nou	2724542212
𡭿	chang	2724500731
𡮎	liang	2724459250
𡮙	nai	2724417769
𡮚	ru	2724376288
𡮞	zhi	2724334807
𡮦	cao	2724293326
𡮰	li	2724251845
𡮻	lan	2724210364
𡮿	chan	2724168883
𡯁	wang	2724127402
𡯄	li	2724085921
𡯇	wu	2724044440
𡯈	pao	2724002959
𡯉	you	2723961478
𡯋	gan	2723919997
𡯏	an	2723878516
𡯐	xiu	2723837035
𡯑	shui	2723795554
𡯑	zhui	2723754073
𡯒	rui	2723712592
𡯘	ban	2723671111
𡯙	you	2723629630
𡯢	huo	2723588149
𡯥	hui	2723546668
𡯨	zuo	2723505187
𡯩	xiao	2723463706
𡯫	mian	2723422225
𡯰	ga	2723380744
𡯱	yuan	2723339263
𡯳	bo	2723297782
𡯴	chao	2723256301
𡯵	kui	2723214820
𡯵	tui	2723173339
𡯷	bo	2723131858
𡯷	kou	2723090377
𡯽	ga	2723048896
𡯿	tiao	2723007415
𡰀	na	2722965934
𡰅	hu	2722924453
𡰆	nie	2722882972
𡰋	hui	2722841491
𡰌	lou	2722800010
𡰎	ti	2722758529
𡰐	qiao	2722717048
𡰑	qiao	2722675567
𡰒	zhong	2722634086
𡰖	di	2722592605
𡰚	lin	2722551124
𡰝	quan	2722509643
𡰞	zhuan	2722468162
𡰠	lei	2722426681
𡰠	luan	2722385200
𡰢	xie	2722343719
𡰥	ren	2722302238
𡰥	yi	2722260757
𡰨	dang	2722219276
𡰪	du	2722177795
𡰫	nian	2722136314
𡰯	bei	2722094833
𡰯	diao	2722053352
𡰯	shi	2722011871
𡰲	xian	2721970390
𡰹	zhi	2721928909
𡰽	ai	2721887428
𡰾	ci	2721845947
𡰿	pu	2721804466
𡱁	shi	2721762985
𡱅	qu	2721721504
𡱆	shu	2721680023
𡱇	dian	2721638542
𡱉	xiao	2721597061
𡱊	shui	2721555580
𡱌	huan	2721514099
𡱐	yi	2721472618
𡱑	juan	2721431137
𡱔	qi	2721389656
𡱔	zhi	2721348175
𡱜	zhao	2721306694
𡱣	xu	2721265213
𡱯	long	2721223732
𡱱	zhu	2721182251
𡱳	suo	2721140770
𡱷	die	2721099289
𡱺	qu	2721057808
𡱼	ke	2721016327
𡱼	kua	2720974846
𡱽	hu	2720933365
𡱾	ju	2720891884
𡲀	qing	2720850403
𡲍	bing	2720808922
𡲕	ti	2720767441
𡲗	jue	2720725960
𡲚	qiu	2720684479
𡲢	qie	2720642998
𡲣	jiang	2720601517
𡲪	yun	2720560036
𡲭	mei	2720518555
𡲮	pi	2720477074
𡲰	qu	2720435593
𡲼	mi	2720394112
𡲿	ti	2720352631
𡳂	kai	2720311150
𡳄	bi	2720269669
𡳆	qu	2720228188
𡳏	tiao	2720186707
𡳑	chu	2720145226
𡳘	ju	2720103745
𡳚	xi	2720062264
𡳞	lin	2720020783
𡳭	chi	2719979302
𡳮	ji	2719937821
𡳴	lu	2719896340
𡳸	li	2719854859
𡳾	jue	2719813378
𡴅	zhu	2719771897
𡴆	lu	2719730416
𡴎	nie	2719688935
𡴔	quan	2719647454
𡴭	ya	2719605973
𡴯	e	2719564492
𡴱	hu	2719523011
𡴱	jie	2719481530
𡵀	mang	2719440049
𡵉	wu	2719398568
𡵌	cha	2719357087
𡵑	qin	2719315606
𡵒	jie	2719274125
𡵒	qi	2719232644
𡵓	hong	2719191163
𡵕	dan	2719149682
𡵖	en	2719108201
𡵗	ze	2719066720
𡵘	hu	2719025239
𡵙	ang	2718983758
𡵚	jie	2718942277
𡵛	fu	2718900796
𡵜	yong	2718859315
𡵞	feng	2718817834
𡵬	mu	2718776353
𡵶	se	2718734872
𡵷	cong	2718693391
𡵻	kang	2718651910
𡶂	yao	2718610429
𡶃	ai	2718568948
𡶄	bao	2718527467
𡶆	po	2718485986
𡶈	shi	2718444505
𡶉	fan	2718403024
𡶋	ju	2718361543
𡶌	pi	2718320062
𡶎	wei	2718278581
𡶏	ku	2718237100
𡶐	qie	2718195619
𡶑	gan	2718154138
𡶢	kuang	2718112657
𡶣	sui	2718071176
𡶤	beng	2718029695
𡶤	yong	2717988214
𡶥	jia	2717946733
𡶦	ya	2717905252
𡶪	kan	2717863771
𡶫	nie	2717822290
𡶭	xing	2717780809
𡶯	xi	2717739328
𡶱	lin	2717697847
𡶲	duo	2717656366
𡷈	shi	2717614885
𡷋	dui	2717573404
𡷍	jiang	2717531923
𡷎	yu	2717490442
𡷏	lu	2717448961
𡷐	en	2717407480
𡷓	gu	2717365999
𡷕	wei	2717324518
𡷖	che	2717283037
𡷗	huan	2717241556
𡷘	bie	2717200075
𡷛	han	2717158594
𡷜	tui	2717117113
𡷝	na	2717075632
𡷞	qi	2717034151
𡷠	tou	2716992670
𡷡	yuan	2716951189
𡷢	wang	2716909708
𡷤	wu	2716868227
𡷥	gao	2716826746
𡷪	ning	2716785265
𡷪	yi	2716743784
𡷸	xiao	2716702303
𡷺	gui	2716660822
𡷻	ya	2716619341
𡷼	sui	2716577860
𡷽	song	2716536379
𡷿	zhuo	2716494898
𡸂	tu	2716453417
𡸃	jian	2716411936
𡸃	xian	2716370455
𡸈	ze	2716328974
𡸉	li	2716287493
𡸌	zhu	2716246012
𡸎	jie	2716204531
𡸑	ti	2716163050
𡸔	xie	2716121569
𡸕	qiong	2716080088
𡸘	ju	2716038607
𡸛	yin	2715997126
𡸜	zhi	2715955645
𡸞	kan	2715914164
𡸟	zi	2715872683
𡸡	ke	2715831202
𡸣	nie	2715789721
𡸤	qiang	2715748240
𡸥	wan	2715706759
𡸦	ze	2715665278
𡸨	ju	2715623797
𡸪	zi	2715582316
𡹄	ya	2715540835
𡹇	lin	2715499354
𡹉	qi	2715457873
𡹎	hui	2715416392
𡹓	qi	2715374911
𡹕	yang	2715333430
𡹖	sui	2715291949
𡹘	qi	2715250468
𡹙	gui	2715208987
𡹢	qin	2715167506
𡹣	e	2715126025
𡹥	zuo	2715084544
𡹨	ze	2715043063
𡹩	qi	2715001582
𡹪	ji	2714960101
𡹭	die	2714918620
𡹯	hui	2714877139
𡹰	mao	2714835658
𡹲	xu	2714794177
𡹵	hou	2714752696
𡹶	yan	2714711215
𡹷	xiang	2714669734
𡹸	cong	2714628253
𡹹	hu	2714586772
𡹼	an	2714545291
𡹼	yan	2714503810
𡹾	bing	2714462329
𡺇	duo	2714420848
𡺐	zhu	2714379367
𡺑	die	2714337886
𡺒	you	2714296405
𡺓	qi	2714254924
𡺔	shi	2714213443
𡺕	xun	2714171962
𡺖	you	2714130481
𡺗	kan	2714089000
𡺘	qiao	2714047519
𡺛	hua	2714006038
𡺛	qiang	2713964557
𡺜	pen	2713923076
𡺟	quan	2713881595
𡺡	ying	2713840114
𡺧	sha	2713798633
𡺫	tao	2713757152
𡺭	hong	2713715671
𡺮	pi	2713674190
𡺯	yao	2713632709
𡺴	tu	2713591228
𡺵	chai	2713549747
𡺷	xia	2713508266
𡺸	qi	2713466785
𡺺	qiong	2713425304
𡺽	jin	2713383823
𡻈	zhen	2713342342
𡻌	zhu	2713300861
𡻐	weng	2713259380
𡻑	zhong	2713217899
𡻕	sui	2713176418
𡻘	ke	2713134937
𡻙	kuo	2713093456
𡻚	kang	2713051975
𡻝	chao	2713010494
𡻞	bi	2712969013
𡻟	mo	2712927532
𡻠	zhu	2712886051
𡻡	han	2712844570
𡻡	yan	2712803089
𡻢	yu	2712761608
𡻣	yi	2712720127
𡻤	ma	2712678646
𡻧	qi	2712637165
𡻨	gun	2712595684
𡻩	man	2712554203
𡻪	liao	2712512722
𡻪	liu	2712471241
𡻫	lin	2712429760
𡻬	zu	2712388279
𡻭	lei	2712346798
𡻮	hu	2712305317
𡻯	chuang	2712263836
𡻰	qi	2712222355
𡻱	lei	2712180874
𡼃	po	2712139393
𡼄	die	2712097912
𡼊	lei	2712056431
𡼎	yi	2712014950
𡼓	dian	2711973469
𡼖	dun	2711931988
𡼗	gao	2711890507
𡼘	hu	2711849026
𡼚	xiao	2711807545
𡼛	ga	2711766064
𡼜	peng	2711724583
𡼬	shen	2711683102
𡼻	dui	2711641621
𡼼	chao	2711600140
𡼽	yin	2711558659
𡼿	ku	2711517178
𡽁	zui	2711475697
𡽂	gu	2711434216
𡽅	yun	2711392735
𡽆	zhi	2711351254
𡽉	ji	2711309773
𡽊	cheng	2711268292
𡽖	xie	2711226811
𡽛	zui	2711185330
𡽜	an	2711143849
𡽝	hao	2711102368
𡽠	po	2711060887
𡽢	di	2711019406
𡽣	ye	2710977925
𡽧	nao	2710936444
𡽱	jie	2710894963
𡽲	bang	2710853482
𡽴	cang	2710812001
𡽶	bi	2710770520
𡽻	zhan	2710729039
𡽼	qi	2710687558
𡾂	nao	2710646077
𡾅	lv	2710604596
𡾇	kuang	2710563115
𡾉	mo	2710521634
𡾋	lei	2710480153
𡾌	pao	2710438672
𡾒	li	2710397191
𡾓	ceng	2710355710
𡾕	dang	2710314229
𡾖	lei	2710272748
𡾙	e	2710231267
𡾛	beng	2710189786
𡾜	huo	2710148305
𡾜	jue	2710106824
𡾥	xuan	2710065343
𡾦	nie	2710023862
𡾨	hai	2709982381
𡾮	xian	2709940900
𡾰	jian	2709899419
𡾲	nie	2709857938
𡾻	cang	2709816457
𡾼	song	2709774976
𡾽	zeng	2709733495
𡾾	yi	2709692014
𡿂	chong	2709650533
𡿄	cang	2709609052
𡿉	lei	2709567571
𡿊	nuo	2709526090
𡿋	li	2709484609
𡿏	luo	2709443128
𡿓	tang	2709401647
𡿗	nie	2709360166
𡿙	ji	2709318685
𡿛	lei	2709277204
𡿝	nang	2709235723
𡿠	lin	2709194242
𡿡	ling	2709152761
𡿤	xian	2709111280
𡿥	yu	2709069799
𡿧	zai	2709028318
𡿨	quan	2708986837
𡿩	lie	2708945356
𡿪	lie	2708903875
𡿯	yu	2708862394
𡿰	huang	2708820913
𡿺	nao	2708779432
𡿼	xun	2708737951
𡿾	ju	2708696470
𡿿	huo	2708654989
𢀁	yi	2708613508
𢀊	xi	2708572027
𢀋	se	2708530546
𢀌	jiao	2708489065
𢀍	yong	2708447584
𢀕	shi	2708406103
𢀗	wan	2708364622
𢀘	ye	2708323141
𢀙	jiu	2708281660
𢀜	gong	2708240179
𢀡	hui	2708198698
𢀡	zuo	2708157217
𢀪	er	2708115736
𢀵	han	2708074255
𢀼	fu	2708032774
𢁀	fu	2707991293
𢁁	zhuo	2707949812
𢁂	ji	2707908331
𢁏	bang	2707866850
𢁒	qi	2707825369
𢁓	hai	2707783888
𢁓	shi	2707742407
𢁕	diao	2707700926
𢁖	pei	2707659445
𢁗	gan	2707617964
𢁗	xian	2707576483
𢁘	san	2707535002
𢁝	chang	2707493521
𢁞	yue	2707452040
𢁠	gong	2707410559
𢁢	wu	2707369078
𢁤	fen	2707327597
𢁧	chan	2707286116
𢁩	nei	2707244635
𢁪	jue	2707203154
𢁬	zhao	2707161673
𢁮	qian	2707120192
𢁱	ao	2707078711
𢁶	wang	2707037230
𢁷	zhong	2706995749
𢁹	huang	2706954268
𢁻	bu	2706912787
𢁼	zhu	2706871306
𢁽	bi	2706829825
𢁾	chao	2706788344
𢁿	zheng	2706746863
𢂀	fu	2706705382
𢂁	kou	2706663901
𢂁	qu	2706622420
𢂃	zuo	2706580939
𢂄	xuan	2706539458
𢂆	fu	2706497977
𢂊	yao	2706456496
𢂍	bo	2706415015
𢂏	bei	2706373534
𢂐	xie	2706332053
𢂑	shi	2706290572
𢂒	yi	2706249091
𢂔	hong	2706207610
𢂕	cui	2706166129
𢂗	yi	2706124648
𢂘	zhuan	2706083167
𢂝	chi	2706041686
𢂤	lu	2706000205
𢂤	po	2705958724
𢂨	yin	2705917243
𢂱	yuan	2705875762
𢂶	jiong	2705834281
𢂹	mao	2705792800
𢂺	qian	2705751319
𢂼	yi	2705709838
𢃀	wu	2705668357
𢃇	li	2705626876
𢃍	bei	2705585395
𢃎	huo	2705543914
𢃏	cong	2705502433
𢃐	kong	2705460952
𢃕	ta	2705419471
𢃗	han	2705377990
𢃘	qian	2705336509
𢃜	zhi	2705295028
𢃢	se	2705253547
𢃥	qian	2705212066
𢃦	guo	2705170585
𢃩	gun	2705129104
𢃩	juan	2705087623
𢃬	jian	2705046142
𢃭	zhong	2705004661
𢃮	mian	2704963180
𢃯	gui	2704921699
𢃰	shi	2704880218
𢃱	mou	2704838737
𢃲	e	2704797256
𢃳	ba	2704755775
𢃴	la	2704714294
𢃸	zhou	2704672813
𢃺	ji	2704631332
𢄀	zao	2704589851
𢄄	zha	2704548370
𢄅	yi	2704506889
𢄇	gou	2704465408
𢄊	gui	2704423927
𢄌	shai	2704382446
𢄍	ge	2704340965
𢄍	he	2704299484
𢄎	bang	2704258003
𢄏	mo	2704216522
𢄐	meng	2704175041
𢄔	dai	2704133560
𢄗	jiong	2704092079
𢄜	han	2704050598
𢄟	tong	2704009117
𢄠	kou	2703967636
𢄡	li	2703926155
𢄢	zhi	2703884674
𢄣	hui	2703843193
𢄤	zan	2703801712
𢄦	diao	2703760231
𢄧	cu	2703718750
𢄱	zhi	2703677269
𢄳	kua	2703635788
𢄵	xiang	2703594307
𢄶	hua	2703552826
𢄷	liao	2703511345
𢄸	cui	2703469864
𢄹	qiao	2703428383
𢄺	jiao	2703386902
𢄽	er	2703345421
𢄿	tuo	2703303940
𢅀	tan	2703262459
𢅁	zhi	2703220978
𢅈	nao	2703179497
𢅉	mao	2703138016
𢅊	di	2703096535
𢅋	ceng	2703055054
𢅎	jiao	2703013573
𢅏	lian	2702972092
𢅑	sha	2702930611
𢅒	dan	2702889130
𢅕	sui	2702847649
𢅖	lian	2702806168
𢅗	guo	2702764687
𢅚	biao	2702723206
𢅜	ci	2702681725
𢅝	dian	2702640244
𢅞	lv	2702598763
𢅟	ni	2702557282
𢅠	yan	2702515801
𢅤	gai	2702474320
𢅥	chu	2702432839
𢅩	bi	2702391358
𢅪	zu	2702349877
𢅫	hui	2702308396
𢅭	lai	2702266915
𢅮	xian	2702225434
𢅯	fen	2702183953
𢅰	he	2702142472
𢅹	yao	2702100991
𢅺	zhan	2702059510
𢅼	nei	2702018029
𢅾	luo	2701976548
𢆀	yuan	2701935067
𢆂	neng	2701893586
𢆉	ren	2701852105
𢆜	ge	2701810624
𢆞	jian	2701769143
𢆟	ping	2701727662
𢆣	bie	2701686181
𢆦	jian	2701644700
𢆩	bing	2701603219
𢆯	mi	2701561738
𢆯	xuan	2701520257
𢆰	hu	2701478776
𢆴	diao	2701437295
𢆶	you	2701395814
𢆶	zi	2701354333
𢆷	miao	2701312852
𢆷	yao	2701271371
𢆸	beng	2701229890
𢆺	chen	2701188409
𢆻	dui	2701146928
𢆻	ji	2701105447
𢆽	yao	2701063966
𢇇	guan	2701022485
𢇈	yan	2700981004
𢇕	chi	2700939523
𢇗	sha	2700898042
𢇘	yan	2700856561
𢇙	yi	2700815080
𢇚	yi	2700773599
𢇛	che	2700732118
𢇛	chi	2700690637
𢇞	han	2700649156
𢇟	huang	2700607675
𢇤	shui	2700566194
𢇥	sui	2700524713
𢇦	ren	2700483232
𢇧	tan	2700441751
𢇨	zhi	2700400270
𢇪	fan	2700358789
𢇫	feng	2700317308
𢇰	tan	2700275827
𢇲	mi	2700234346
𢇳	pi	2700192865
𢇴	bu	2700151384
𢇵	na	2700109903
𢇶	tian	2700068422
𢇷	ba	2700026941
𢇸	yi	2699985460
𢈂	yan	2699943979
𢈄	tiao	2699902498
𢈆	yao	2699861017
𢈇	shen	2699819536
𢈈	ke	2699778055
𢈈	wa	2699736574
𢈉	tong	2699695093
𢈋	xuan	2699653612
𢈓	you	2699612131
𢈕	bai	2699570650
𢈙	xia	2699529169
𢈚	lv	2699487688
𢈛	kun	2699446207
𢈜	zang	2699404726
𢈝	qiu	2699363245
𢈠	cu	2699321764
𢈠	la	2699280283
𢈡	zui	2699238802
𢈢	lou	2699197321
𢈤	xia	2699155840
𢈯	shen	2699114359
𢈲	pu	2699072878
𢈴	jing	2699031397
𢈵	qiang	2698989916
𢈶	si	2698948435
𢈶	yi	2698906954
𢈸	nie	2698865473
𢈹	dui	2698823992
𢈹	tui	2698782511
𢈻	jie	2698741030
𢈼	sui	2698699549
𢈽	zhan	2698658068
𢈾	cou	2698616587
𢉁	beng	2698575106
𢉂	guan	2698533625
𢉃	she	2698492144
𢉅	jin	2698450663
𢉆	di	2698409182
𢉑	dan	2698367701
𢉓	nai	2698326220
𢉕	nou	2698284739
𢉗	ji	2698243258
𢉘	yan	2698201777
𢉚	nou	2698160296
𢉜	du	2698118815
𢉜	tu	2698077334
𢉝	wei	2698035853
𢉞	pian	2697994372
𢉢	hu	2697952891
𢉤	jia	2697911410
𢉥	ye	2697869929
𢉦	jun	2697828448
𢉧	lan	2697786967
𢉧	lian	2697745486
𢉨	la	2697704005
𢉩	yin	2697662524
𢉭	tui	2697621043
𢉵	nao	2697579562
𢉺	zu	2697538081
𢊀	ma	2697496600
𢊀	si	2697455119
𢊁	zhi	2697413638
𢊄	hui	2697372157
𢊅	zhui	2697330676
𢊇	hui	2697289195
𢊍	chu	2697247714
𢊏	che	2697206233
𢊒	xiu	2697164752
𢊓	lan	2697123271
𢊕	cong	2697081790
𢊖	shen	2697040309
𢊗	mo	2696998828
𢊘	yi	2696957347
𢊙	yao	2696915866
𢊚	xi	2696874385
𢊛	zui	2696832904
𢊜	bing	2696791423
𢊧	yu	2696749942
𢊩	lu	2696708461
𢊮	tui	2696666980
𢊯	wei	2696625499
𢊱	fen	2696584018
𢊲	shen	2696542537
𢊻	liao	2696501056
𢋂	shu	2696459575
𢋃	dan	2696418094
𢋄	juan	2696376613
𢋅	yu	2696335132
𢋆	xin	2696293651
𢋇	yao	2696252170
𢋒	huo	2696210689
𢋔	qian	2696169208
𢋚	ma	2696127727
𢋝	kai	2696086246
𢋡	lu	2696044765
𢋣	you	2696003284
𢋮	xian	2695961803
𢋹	wu	2695920322
𢋻	yin	2695878841
𢋼	xi	2695837360
𢋿	zhai	2695795879
𢌀	xie	2695754398
𢌄	qu	2695712917
𢌈	li	2695671436
𢌍	qian	2695629955
𢌔	ling	2695588474
𢌕	luan	2695546993
𢌚	chan	2695505512
𢌦	zheng	2695464031
𢌨	yan	2695422550
𢌲	yin	2695381069
𢌳	kui	2695339588
𢌷	qu	2695298107
𢌹	fu	2695256626
𢌻	yu	2695215145
𢍁	bi	2695173664
𢍁	qi	2695132183
𢍆	qi	2695090702
𢍆	qie	2695049221
𢍇	ji	2695007740
𢍈	yuan	2694966259
𢍈	zang	2694924778
𢍎	gao	2694883297
𢍏	juan	2694841816
𢍑	qi	2694800335
𢍓	gai	2694758854
𢍕	quan	2694717373
𢍚	wei	2694675892
𢍧	zhi	2694634411
𢍫	jian	2694592930
𢍭	si	2694551449
𢍱	qian	2694509968
𢍼	li	2694468487
𢍿	zang	2694427006
𢎀	yi	2694385525
𢎂	cai	2694344044
𢎃	yi	2694302563
𢎄	ge	2694261082
𢎆	die	2694219601
𢎈	zhi	2694178120
𢎉	yi	2694136639
𢎋	zai	2694095158
𢎌	dai	2694053677
𢎎	su	2694012196
𢎔	jie	2693970715
𢎕	chen	2693929234
𢎖	qu	2693887753
𢎘	han	2693846272
𢎙	xian	2693804791
𢎠	juan	2693763310
𢎠	quan	2693721829
𢎡	jie	2693680348
𢎥	juan	2693638867
𢎪	dan	2693597386
𢎭	jin	2693555905
𢎴	bing	2693514424
𢎵	hu	2693472943
𢎹	jue	2693431462
𢎻	yu	2693389981
𢏃	li	2693348500
𢏄	qiang	2693307019
𢏅	shui	2693265538
𢏆	ku	2693224057
𢏈	zhen	2693182576
𢏍	fu	2693141095
𢏎	shen	2693099614
𢏒	chui	2693058133
𢏕	tong	2693016652
𢏗	yi	2692975171
𢏙	yang	2692933690
𢏜	tuo	2692892209
𢏝	zhou	2692850728
𢏞	ji	2692809247
𢏤	xun	2692767766
𢏦	shen	2692726285
𢏧	xuan	2692684804
𢏭	liu	2692643323
𢏮	yuan	2692601842
𢏯	hu	2692560361
𢏯	shi	2692518880
𢏰	zheng	2692477399
𢏳	beng	2692435918
𢏳	peng	2692394437
𢏷	jue	2692352956
𢐂	zhi	2692311475
𢐃	pian	2692269994
𢐄	yuan	2692228513
𢐆	jian	2692187032
𢐊	pang	2692145551
𢐎	zhuan	2692104070
𢐐	xian	2692062589
𢐒	beng	2692021108
𢐔	cong	2691979627
𢐖	mo	2691938146
𢐚	guo	2691896665
𢐞	cheng	2691855184
𢐦	bi	2691813703
𢐩	qiang	2691772222
𢐫	zhou	2691730741
𢐲	fan	2691689260
𢐳	bie	2691647779
𢐾	bo	2691606298
𢐿	rong	2691564817
𢑅	ding	2691523336
𢑆	quan	2691481855
𢑇	jiu	2691440374
𢑈	yao	2691398893
𢑓	xia	2691357412
𢑖	zao	2691315931
𢑝	dan	2691274450
𢑟	wu	2691232969
𢑠	tuo	2691191488
𢑢	hu	2691150007
𢑧	xi	2691108526
𢑬	lai	2691067045
𢑮	fei	2691025564
𢑹	hu	2690984083
𢒆	xian	2690942602
𢒉	shan	2690901121
𢒍	fei	2690859640
𢒐	cuo	2690818159
𢒒	fu	2690776678
𢒔	chu	2690735197
𢒝	diu	2690693716
𢒞	lan	2690652235
𢒩	xi	2690610754
𢒯	biao	2690569273
𢒰	yu	2690527792
𢒱	sui	2690486311
𢒲	xi	2690444830
𢒷	pou	2690403349
𢒹	shan	2690361868
𢒾	jiao	2690320387
𢓀	yi	2690278906
𢓃	wan	2690237425
𢓄	ji	2690195944
𢓆	wan	2690154463
𢓇	na	2690112982
𢓇	tui	2690071501
𢓋	ang	2690030020
𢓍	tian	2689988539
𢓎	chi	2689947058
𢓒	ran	2689905577
𢓔	sa	2689864096
𢓕	yin	2689822615
𢓖	pi	2689781134
𢓗	ci	2689739653
𢓘	tao	2689698172
𢓘	tong	2689656691
𢓙	yin	2689615210
𢓜	ge	2689573729
𢓝	tiao	2689532248
𢓞	zheng	2689490767
𢓟	zhou	2689449286
𢓡	ti	2689407805
𢓡	yi	2689366324
𢓢	kua	2689324843
𢓣	song	2689283362
𢓧	di	2689241881
𢓬	xie	2689200400
𢓮	xiao	2689158919
𢓯	guang	2689117438
𢓯	wang	2689075957
𢓰	tuo	2689034476
𢓱	feng	2688992995
𢓲	hu	2688951514
𢓲	wu	2688910033
𢓵	xiu	2688868552
𢓿	you	2688827071
𢔁	ling	2688785590
𢔂	yan	2688744109
𢔅	dong	2688702628
𢔆	qi	2688661147
𢔇	tao	2688619666
𢔈	han	2688578185
𢔊	chi	2688536704
𢔋	song	2688495223
𢔑	quan	2688453742
𢔔	han	2688412261
𢔔	ji	2688370780
𢔟	niu	2688329299
𢔟	rou	2688287818
𢔠	qi	2688246337
𢔡	kai	2688204856
𢔢	yu	2688163375
𢔣	cha	2688121894
𢔣	sha	2688080413
𢔤	cheng	2688038932
𢔥	yu	2687997451
𢔧	bing	2687955970
𢔩	cong	2687914489
𢔩	song	2687873008
𢔪	zhu	2687831527
𢔬	yu	2687790046
𢔱	jue	2687748565
𢔱	que	2687707084
𢔲	liu	2687665603
𢔳	sao	2687624122
𢔴	yu	2687582641
𢕅	shuai	2687541160
𢕋	yuan	2687499679
𢕎	zhang	2687458198
𢕑	shuai	2687416717
𢕓	chu	2687375236
𢕔	zhang	2687333755
𢕖	xian	2687292274
𢕘	cui	2687250793
𢕙	meng	2687209312
𢕚	di	2687167831
𢕞	zhi	2687126350
𢕟	ao	2687084869
𢕦	xiu	2687043388
𢕨	pian	2687001907
𢕪	jiao	2686960426
𢕫	kuan	2686918945
𢕬	sa	2686877464
𢕭	xian	2686835983
𢕮	zha	2686794502
𢕯	dian	2686753021
𢕷	yi	2686711540
𢕺	hui	2686670059
𢕻	shan	2686628578
𢖄	chong	2686587097
𢖅	yi	2686545616
𢖆	xie	2686504135
𢖇	zhi	2686462654
𢖈	tiao	2686421173
𢖊	ping	2686379692
𢖋	xian	2686338211
𢖎	xian	2686296730
𢖏	su	2686255249
𢖑	cuan	2686213768
𢖗	song	2686172287
𢖛	hei	2686130806
𢖝	xian	2686089325
𢖟	you	2686047844
𢖡	yu	2686006363
𢖤	tai	2685964882
𢖦	jue	2685923401
𢖧	nang	2685881920
𢖩	dian	2685840439
𢖫	yi	2685798958
𢖬	bi	2685757477
𢖳	xu	2685715996
𢖴	yi	2685674515
𢖵	ru	2685633034
𢖷	gong	2685591553
𢖺	yi	2685550072
𢖿	zhi	2685508591
𢗀	xin	2685467110
𢗂	ji	2685425629
𢗄	xia	2685384148
𢗈	zhao	2685342667
𢗉	ne	2685301186
𢗊	jia	2685259705
𢗊	xie	2685218224
𢗎	yi	2685176743
𢗫	fu	2685135262
𢗭	she	2685093781
𢗯	yuan	2685052300
𢗰	fan	2685010819
𢗲	fu	2684969338
𢗳	wu	2684927857
𢗴	xi	2684886376
𢗵	hong	2684844895
𢗹	ji	2684803414
𢗺	chang	2684761933
𢗿	mo	2684720452
𢘀	pei	2684678971
𢘃	mu	2684637490
𢘃	wu	2684596009
𢘄	qiu	2684554528
𢘅	mao	2684513047
𢘅	rou	2684471566
𢘇	da	2684430085
𢘇	dan	2684388604
𢘉	xia	2684347123
𢘊	shen	2684305642
𢘋	te	2684264161
𢘌	hong	2684222680
𢘍	bi	2684181199
𢘍	fu	2684139718
𢘟	qiao	2684098237
𢘧	ruan	2684056756
𢘸	jiang	2684015275
𢘹	cha	2683973794
𢘺	mi	2683932313
𢘽	yi	2683890832
𢘿	suo	2683849351
𢙁	wu	2683807870
𢙂	xuan	2683766389
𢙅	xi	2683724908
𢙇	yi	2683683427
𢙮	kan	2683641946
𢙱	long	2683600465
𢙲	lv	2683558984
𢙳	zhuang	2683517503
𢙺	zhi	2683476022
𢙼	xing	2683434541
𢙾	geng	2683393060
𢙿	jin	2683351579
𢚀	xian	2683310098
𢚁	ji	2683268617
𢚂	cuo	2683227136
𢚄	lao	2683185655
𢚅	fen	2683144174
𢚆	ju	2683102693
𢚋	miao	2683061212
𢚌	xia	2683019731
𢚑	su	2682978250
𢚨	zhi	2682936769
𢚪	hu	2682895288
𢚫	kou	2682853807
𢚭	suo	2682812326
𢚮	ni	2682770845
𢚺	teng	2682729364
𢚻	zhu	2682687883
𢛁	che	2682646402
𢛁	da	2682604921
𢛃	qiu	2682563440
𢛄	ya	2682521959
𢛆	xian	2682480478
𢛉	nei	2682438997
𢛍	zhi	2682397516
𢛎	bie	2682356035
𢛒	chong	2682314554
𢛓	lan	2682273073
𢛕	qun	2682231592
𢛖	xiang	2682190111
𢛘	xiao	2682148630
𢛙	wan	2682107149
𢛚	ru	2682065668
𢛛	wang	2682024187
𢛜	ni	2681982706
𢛞	bai	2681941225
𢛟	ya	2681899744
𢛥	si	2681858263
𢛦	yin	2681816782
𢛨	yu	2681775301
𢛮	li	2681733820
𢜗	bang	2681692339
𢜣	xi	2681650858
𢜥	jiu	2681609377
𢜨	die	2681567896
𢜨	xie	2681526415
𢜩	qian	2681484934
𢜪	nuo	2681443453
𢜪	ruo	2681401972
𢜫	xing	2681360491
𢜬	duo	2681319010
𢜮	wu	2681277529
𢜯	mou	2681236048
𢜯	mu	2681194567
𢜰	yan	2681153086
𢜱	qi	2681111605
𢜲	na	2681070124
𢜳	chi	2681028643
𢜴	hou	2680987162
𢜶	sao	2680945681
𢜸	nao	2680904200
𢜻	cheng	2680862719
𢜼	cheng	2680821238
𢜽	kui	2680779757
𢜿	jia	2680738276
𢝀	tu	2680696795
𢝁	hong	2680655314
𢝂	du	2680613833
𢝅	xia	2680572352
𢝆	zhong	2680530871
𢝇	huo	2680489390
𢝈	chong	2680447909
𢝉	da	2680406428
𢝌	mao	2680364947
𢝍	yao	2680323466
𢝓	juan	2680281985
𢝬	shi	2680240504
𢝯	yin	2680199023
𢝳	gu	2680157542
𢝴	wu	2680116061
𢝸	guo	2680074580
𢝹	ti	2680033099
𢝻	hong	2679991618
𢝻	hu	2679950137
𢞇	re	2679908656
𢞉	yi	2679867175
𢞋	tun	2679825694
𢞏	qiong	2679784213
𢞐	hai	2679742732
𢞒	qi	2679701251
𢞕	huo	2679659770
𢞖	ti	2679618289
𢞗	bi	2679576808
𢞗	pi	2679535327
𢞚	geng	2679493846
𢞜	xie	2679452365
𢞞	mi	2679410884
𢞟	gao	2679369403
𢞠	ta	2679327922
𢞡	xiang	2679286441
𢞣	shu	2679244960
𢞦	fu	2679203479
𢞬	zhuan	2679161998
𢞭	liu	2679120517
𢟅	you	2679079036
𢟊	cheng	2679037555
𢟋	dui	2678996074
𢟢	li	2678954593
𢟣	yang	2678913112
𢟤	li	2678871631
𢟧	lu	2678830150
𢟨	mu	2678788669
𢟩	sui	2678747188
𢟪	ai	2678705707
𢟪	xi	2678664226
𢟭	kou	2678622745
𢟯	shi	2678581264
𢟯	zhe	2678539783
𢟰	ai	2678498302
𢟱	teng	2678456821
𢟳	lv	2678415340
𢟴	tui	2678373859
𢟵	bi	2678332378
𢟾	hui	2678290897
𢟿	huan	2678249416
𢠛	kuo	2678207935
𢠝	xin	2678166454
𢠡	sao	2678124973
𢠫	shu	2678083492
𢠬	que	2678042011
𢠭	ba	2678000530
𢠮	tui	2677959049
𢠲	fu	2677917568
𢠳	bie	2677876087
𢠵	tang	2677834606
𢠷	xiang	2677793125
𢠹	si	2677751644
𢠹	xi	2677710163
𢠺	bo	2677668682
𢠽	dang	2677627201
𢠿	gui	2677585720
𢡀	hei	2677544239
𢡁	xi	2677502758
𢡂	dang	2677461277
𢡃	yi	2677419796
𢡅	bi	2677378315
𢡇	gu	2677336834
𢡈	cui	2677295353
𢡉	se	2677253872
𢡍	ge	2677212391
𢡎	yu	2677170910
𢡏	na	2677129429
𢡑	li	2677087948
𢡒	zhi	2677046467
𢡰	zhao	2677004986
𢡴	ji	2676963505
𢡵	ruan	2676922024
𢡹	chong	2676880543
𢢂	jie	2676839062
𢢌	chang	2676797581
𢢍	zhe	2676756100
𢢒	su	2676714619
𢢓	yong	2676673138
𢢖	qi	2676631657
𢢗	zhuo	2676590176
𢢚	kai	2676548695
𢢜	ye	2676507214
𢢞	ji	2676465733
𢢞	kuai	2676424252
𢢞	qi	2676382771
𢢹	xiong	2676341290
𢣉	yi	2676299809
𢣊	chou	2676258328
𢣎	tuan	2676216847
𢣓	lie	2676175366
𢣔	mian	2676133885
𢣕	ai	2676092404
𢣕	chi	2676050923
𢣗	mo	2676009442
𢣘	wei	2675967961
𢣙	ying	2675926480
𢣞	bo	2675884999
𢣠	liu	2675843518
𢣳	rui	2675802037
𢣵	chu	2675760556
𢣻	lv	2675719075
𢣼	cha	2675677594
𢣿	chu	2675636113
𢤁	sao	2675594632
𢤂	li	2675553151
𢤄	song	2675511670
𢤆	la	2675470189
𢤆	li	2675428708
𢤋	xi	2675387227
𢤍	yan	2675345746
𢤎	cuo	2675304265
𢤎	zuo	2675262784
𢤐	liu	2675221303
𢤘	meng	2675179822
𢤚	zhan	2675138341
𢤤	zhuang	2675096860
𢤫	ju	2675055379
𢤯	xie	2675013898
𢤰	xie	2674972417
𢤲	long	2674930936
𢥂	teng	2674889455
𢥃	zhu	2674847974
𢥋	chan	2674806493
𢥌	xian	2674765012
𢥏	ying	2674723531
𢥐	pei	2674682050
𢥘	xie	2674640569
𢥚	jiao	2674599088
𢥳	he	2674557607
𢥽	tun	2674516126
𢦅	hong	2674474645
𢦅	zhuang	2674433164
𢦈	man	2674391683
𢦊	jin	2674350202
𢦌	qu	2674308721
𢦍	dou	2674267240
𢦎	qiu	2674225759
𢦏	zai	2674184278
𢦑	sheng	2674142797
𢦒	zai	2674101316
𢦕	yi	2674059835
𢦕	zhi	2674018354
𢦚	hua	2673976873
𢦟	kan	2673935392
𢦰	yue	2673893911
𢦱	ni	2673852430
𢦲	si	2673810949
𢦴	wo	2673769468
𢦸	can	2673727987
𢦺	jian	2673686506
𢦼	mie	2673645025
𢦽	qi	2673603544
𢦽	shao	2673562063
𢦿	rong	2673520582
𢧀	gan	2673479101
𢧅	qiang	2673437620
𢧇	shu	2673396139
𢧈	zhuo	2673354658
𢧏	shi	2673313177
𢧑	ti	2673271696
𢧖	zha	2673230215
𢧗	zhan	2673188734
𢧝	fen	2673147253
𢧞	mie	2673105772
𢧠	ze	2673064291
𢧤	zhi	2673022810
𢧥	qian	2672981329
𢧦	han	2672939848
𢧧	ge	2672898367
𢧮	can	2672856886
𢧰	guo	2672815405
𢧱	jiao	2672773924
𢧳	yong	2672732443
𢧴	ao	2672690962
𢧻	zha	2672649481
𢧽	xi	2672608000
𢨁	xu	2672566519
𢨂	wu	2672525038
𢨏	jue	2672483557
𢨐	ji	2672442076
𢨒	chi	2672400595
𢨔	wan	2672359114
𢨖	mie	2672317633
𢨗	zei	2672276152
𢨜	jie	2672234671
𢨝	shi	2672193190
𢨟	xi	2672151709
𢨡	e	2672110228
𢨥	hu	2672068747
𢨦	hu	2672027266
𢨨	li	2671985785
𢨫	chu	2671944304
𢨮	yi	2671902823
𢨯	mao	2671861342
𢨰	xu	2671819861
𢨱	zhong	2671778380
𢨳	yi	2671736899
𢨺	liao	2671695418
𢨿	jian	2671653937
𢩀	jian	2671612456
𢩁	ju	2671570975
𢩄	zhu	2671529494
𢩈	wu	2671488013
𢩏	ke	2671446532
𢩐	ke	2671405051
𢩑	li	2671363570
𢩒	bi	2671322089
𢩓	ge	2671280608
𢩕	xu	2671239127
𢩖	sha	2671197646
𢩗	ling	2671156165
𢩘	ke	2671114684
𢩞	bo	2671073203
𢩟	bian	2671031722
𢩠	shuan	2670990241
𢩡	qi	2670948760
𢩢	shan	2670907279
𢩦	ji	2670865798
𢩨	qiao	2670824317
𢩨	xiu	2670782836
𢩮	yi	2670741355
𢩯	jue	2670699874
𢩰	zhang	2670658393
𢩲	xin	2670616912
𢩷	tuo	2670575431
𢩸	hai	2670533950
𢩹	xia	2670492469
𢩻	tuo	2670450988
𢩼	yi	2670409507
𢪃	cu	2670368026
𢪇	jiang	2670326545
𢪈	nan	2670285064
𢪋	bang	2670243583
𢪋	feng	2670202102
𢪋	peng	2670160621
𢪍	jia	2670119140
𢪍	jie	2670077659
𢪎	xue	2670036178
𢪏	gu	2669994697
𢪏	hu	2669953216
𢪥	you	2669911735
𢪦	nu	2669870254
𢪧	ye	2669828773
𢪪	yin	2669787292
𢪬	kong	2669745811
𢪶	xiao	2669704330
𢪷	xiang	2669662849
𢪼	nao	2669621368
𢪾	zhang	2669579887
𢫏	kan	2669538406
𢫐	jie	2669496925
𢫓	nu	2669455444
𢫔	quan	2669413963
𢫔	shan	2669372482
𢫢	jia	2669331001
𢫧	zhou	2669289520
𢫨	reng	2669248039
𢫨	rong	2669206558
𢫫	lu	2669165077
𢫭	nu	2669123596
𢫯	bo	2669082115
𢫰	zhe	2669040634
𢫲	qin	2668999153
𢫴	ci	2668957672
𢫵	zu	2668916191
𢫷	wo	2668874710
𢫸	wu	2668833229
𢫻	nie	2668791748
𢫿	xian	2668750267
𢬀	hong	2668708786
𢬫	ting	2668667305
𢬬	jin	2668625824
𢬱	jie	2668584343
𢬲	he	2668542862
𢬳	tu	2668501381
𢬴	die	2668459900
𢬴	nie	2668418419
𢬴	zhe	2668376938
𢬵	bian	2668335457
𢬵	fan	2668293976
𢬵	pan	2668252495
𢬵	pin	2668211014
𢬶	jin	2668169533
𢬷	nan	2668128052
𢬼	dun	2668086571
𢬾	xi	2668045090
𢬿	xie	2668003609
𢭁	xi	2667962128
𢭂	lao	2667920647
𢭃	dou	2667879166
𢭃	duan	2667837685
𢭄	ji	2667796204
𢭅	cha	2667754723
𢭆	chou	2667713242
𢭈	gang	2667671761
𢭎	xiang	2667630280
𢭥	bian	2667588799
𢭦	xiao	2667547318
𢭧	xin	2667505837
𢮁	yu	2667464356
𢮂	xian	2667422875
𢮃	li	2667381394
𢮄	qian	2667339913
𢮇	mei	2667298432
𢮉	qiao	2667256951
𢮊	ya	2667215470
𢮌	jie	2667173989
𢮌	qia	2667132508
𢮍	qiong	2667091027
𢮏	bang	2667049546
𢮐	zheng	2667008065
𢮚	ze	2666966584
𢮛	shuan	2666925103
𢮛	tuan	2666883622
𢮞	sao	2666842141
𢯅	jue	2666800660
𢯅	lu	2666759179
𢯉	xie	2666717698
𢯊	di	2666676217
𢯋	fu	2666634736
𢯌	zhai	2666593255
𢯫	duan	2666551774
𢯫	wan	2666510293
𢯭	deng	2666468812
𢯮	yu	2666427331
𢯰	lv	2666385850
𢯲	wan	2666344369
𢯳	xue	2666302888
𢯴	jiao	2666261407
𢯵	yue	2666219926
𢯶	zhi	2666178445
𢯹	ge	2666136964
𢯺	ju	2666095483
𢯼	yan	2666054002
𢯽	cuo	2666012521
𢯾	mao	2665971040
𢰆	fu	2665929559
𢰇	ai	2665888078
𢰊	xuan	2665846597
𢰌	gang	2665805116
𢰍	an	2665763635
𢰒	ji	2665722154
𢰘	pi	2665680673
𢰙	zhi	2665639192
𢰜	nuo	2665597711
𢰿	pan	2665556230
𢱁	yi	2665514749
𢱄	jie	2665473268
𢱆	zi	2665431787
𢱈	jia	2665390306
𢱉	wai	2665348825
𢱌	jia	2665307344
𢱑	wa	2665265863
𢱕	da	2665224382
𢱟	chan	2665182901
𢱟	chi	2665141420
𢱢	se	2665099939
𢱢	suo	2665058458
𢱣	ji	2665016977
𢱤	song	2664975496
𢱦	ti	2664934015
𢱧	pi	2664892534
𢱨	po	2664851053
𢱮	mi	2664809572
𢱴	ye	2664768091
𢱶	qin	2664726610
𢱷	jin	2664685129
𢱺	jue	2664643648
𢱽	yuan	2664602167
𢱾	ruan	2664560686
𢲔	ban	2664519205
𢲔	pan	2664477724
𢲰	bin	2664436243
𢲴	wei	2664394762
𢲵	zao	2664353281
𢲶	qie	2664311800
𢲷	sou	2664270319
𢲼	die	2664228838
𢲽	chuai	2664187357
𢲿	zhu	2664145876
𢳀	ma	2664104395
𢳀	mo	2664062914
𢳁	fei	2664021433
𢳃	yin	2663979952
𢳄	xuan	2663938471
𢳆	ao	2663896990
𢳇	zhuo	2663855509
𢳇	zu	2663814028
𢳈	zu	2663772547
𢳋	bi	2663731066
𢳑	lang	2663689585
𢳓	ti	2663648104
𢳙	tiao	2663606623
𢳟	tong	2663565142
𢳽	duo	2663523661
𢳾	dong	2663482180
𢴂	bian	2663440699
𢴠	zhi	2663399218
𢴢	fen	2663357737
𢴧	zhi	2663316256
𢴨	chi	2663274775
𢴨	zhai	2663233294
𢴨	zhi	2663191813
𢴪	kuan	2663150332
𢴬	ban	2663108851
𢴭	jue	2663067370
𢴮	qu	2663025889
𢴰	qi	2662984408
𢴱	lei	2662942927
𢴲	jie	2662901446
𢴲	xie	2662859965
𢴳	tang	2662818484
𢴼	sou	2662777003
𢴾	bei	2662735522
𢵇	yang	2662694041
𢵈	jian	2662652560
𢵈	zhan	2662611079
𢵌	dui	2662569598
𢵥	zao	2662528117
𢵧	jian	2662486636
𢵮	lu	2662445155
𢶀	chuai	2662403674
𢶀	zhuai	2662362193
𢶃	fan	2662320712
𢶅	she	2662279231
𢶇	qiong	2662237750
𢶉	po	2662196269
𢶋	tie	2662154788
𢶌	sha	2662113307
𢶍	sa	2662071826
𢶍	za	2662030345
𢶓	cui	2661988864
𢶡	jiao	2661947383
𢶡	qiao	2661905902
𢶳	pin	2661864421
𢶴	ci	2661822940
𢶶	bang	2661781459
𢷍	yin	2661739978
𢷑	xian	2661698497
𢷔	yi	2661657016
𢷕	miao	2661615535
𢷖	duan	2661574054
𢷗	zhou	2661532573
𢷙	kong	2661491092
𢷢	zhang	2661449611
𢷶	liu	2661408130
𢷸	zhi	2661366649
𢷹	chan	2661325168
𢷺	du	2661283687
𢷻	yuan	2661242206
𢷾	ce	2661200725
𢷾	suo	2661159244
𢷿	jie	2661117763
𢸀	li	2661076282
𢸌	bang	2661034801
𢸗	guo	2660993320
𢸘	liao	2660951839
𢸣	niao	2660910358
𢸥	cuan	2660868877
𢸦	wei	2660827396
𢸨	tuo	2660785915
𢸫	su	2660744434
𢸭	long	2660702953
𢹃	qing	2660661472
𢹍	xi	2660619991
𢹑	zheng	2660578510
𢹒	xie	2660537029
𢹓	chai	2660495548
𢹔	fen	2660454067
𢹖	guo	2660412586
𢹘	jing	2660371105
𢹙	lan	2660329624
𢹚	xian	2660288143
𢹝	ling	2660246662
𢹮	lei	2660205181
𢹲	jun	2660163700
𢹳	xiao	2660122219
𢺄	guan	2660080738
𢺅	qie	2660039257
𢺆	luo	2659997776
𢺇	yao	2659956295
𢺈	luan	2659914814
𢺉	ta	2659873333
𢺑	luo	2659831852
𢺞	ba	2659790371
𢺟	chan	2659748890
𢺡	zhuo	2659707409
𢺫	tiao	2659665928
𢺯	wan	2659624447
𢺰	ling	2659582966
𢺴	yu	2659541485
𢺵	qi	2659500004
𢺷	qi	2659458523
𢺼	ji	2659417042
𢺽	bo	2659375561
𢺽	jiao	2659334080
𢺿	shi	2659292599
𢻀	fu	2659251118
𢻂	gui	2659209637
𢻅	dian	2659168156
𢻇	hao	2659126675
𢻉	gai	2659085194
𢻋	qi	2659043713
𢻓	cheng	2659002232
𢻔	hui	2658960751
𢻗	gui	2658919270
𢻗	xia	2658877789
𢻘	shi	2658836308
𢻙	zhi	2658794827
𢻚	qi	2658753346
𢻜	hai	2658711865
𢻟	jiao	2658670384
𢻠	li	2658628903
𢻢	liao	2658587422
𢻤	qiao	2658545941
𢻨	sa	2658504460
𢻪	qi	2658462979
𢻫	shi	2658421498
𢻮	fu	2658380017
𢻮	jie	2658338536
𢻵	bei	2658297055
𢻵	lu	2658255574
𢻶	bian	2658214093
𢻷	ba	2658172612
𢻸	jun	2658131131
𢻹	pi	2658089650
𢻼	dan	2658048169
𢻿	tang	2658006688
𢼀	kui	2657965207
𢼁	ku	2657923726
𢼃	kou	2657882245
𢼉	shi	2657840764
𢼊	shi	2657799283
𢼊	tuo	2657757802
𢼋	ji	2657716321
𢼌	bao	2657674840
𢼐	ke	2657633359
𢼑	kuang	2657591878
𢼖	min	2657550397
𢼙	liao	2657508916
𢼚	e	2657467435
𢼛	e	2657425954
𢼛	ge	2657384473
𢼛	guo	2657342992
𢼟	wang	2657301511
𢼠	duo	2657260030
𢼣	qia	2657218549
𢼤	hua	2657177068
𢼦	hong	2657135587
𢼩	peng	2657094106
𢼫	jiao	2657052625
𢼰	qu	2657011144
𢼱	zi	2656969663
𢼲	zhou	2656928182
𢼳	kuang	2656886701
𢼵	sha	2656845220
𢼷	ji	2656803739
𢼸	wei	2656762258
𢼹	bu	2656720777
𢼹	pu	2656679296
𢼺	xue	2656637815
𢼼	shao	2656596334
𢽂	lang	2656554853
𢽃	zhi	2656513372
𢽄	ting	2656471891
𢽇	da	2656430410
𢽕	yang	2656388929
𢽖	jin	2656347448
𢽗	zhi	2656305967
𢽚	du	2656264486
𢽚	zhuo	2656223005
𢽜	za	2656181524
𢽝	chan	2656140043
𢽢	mao	2656098562
𢽦	kong	2656057081
𢽧	zhou	2656015600
𢽨	hu	2655974119
𢽩	peng	2655932638
𢽭	jiu	2655891157
𢽸	chuo	2655849676
𢽹	min	2655808195
𢾀	du	2655766714
𢾁	wei	2655725233
𢾃	can	2655683752
𢾄	yu	2655642271
𢾅	du	2655600790
𢾆	kai	2655559309
𢾇	pi	2655517828
𢾊	cheng	2655476347
𢾎	chun	2655434866
𢾐	shao	2655393385
𢾑	yan	2655351904
𢾒	kuai	2655310423
𢾔	yue	2655268942
𢾦	qi	2655227461
𢾧	zheng	2655185980
𢾩	ke	2655144499
𢾪	qi	2655103018
𢾫	zhi	2655061537
𢾬	lu	2655020056
𢾱	pi	2654978575
𢾲	nuo	2654937094
𢾳	pao	2654895613
𢾺	fei	2654854132
𢾿	wen	2654812651
𢿂	meng	2654771170
𢿈	shan	2654729689
𢿌	xiong	2654688208
𢿌	xuan	2654646727
𢿎	duo	2654605246
𢿏	biao	2654563765
𢿏	pao	2654522284
𢿚	you	2654480803
𢿜	man	2654439322
𢿞	liao	2654397841
𢿢	luan	2654356360
𢿣	qiao	2654314879
𢿤	deng	2654273398
𢿦	cheng	2654231917
𢿧	cheng	2654190436
𢿭	chuo	2654148955
𢿸	ce	2654107474
𣀀	lei	2654065993
𣀁	zhan	2654024512
𣀂	li	2653983031
𣀃	lian	2653941550
𣀄	qun	2653900069
𣀍	chen	2653858588
𣀏	cheng	2653817107
𣀐	gu	2653775626
𣀒	zong	2653734145
𣀓	chou	2653692664
𣀓	dao	2653651183
𣀔	chuan	2653609702
𣀔	chuo	2653568221
𣀜	lei	2653526740
𣀝	shuo	2653485259
𣀞	lv	2653443778
𣀣	fu	2653402297
𣀥	li	2653360816
𣀧	san	2653319335
𣀫	san	2653277854
𣀯	sa	2653236373
𣀳	nie	2653194892
𣀶	zuan	2653153411
𣀾	fu	2653111930
𣁉	bi	2653070449
𣁍	dao	2653028968
𣁒	shi	2652987487
𣁖	gan	2652946006
𣁗	tan	2652904525
𣁜	man	2652863044
𣁟	li	2652821563
𣁢	bi	2652780082
𣁦	pan	2652738601
𣁨	you	2652697120
𣁭	jiu	2652655639
𣁯	guo	2652614158
𣁰	liao	2652572677
𣁳	wo	2652531196
𣁴	qia	2652489715
𣁵	dou	2652448234
𣁷	lie	2652406753
𣁹	jiao	2652365272
𣁻	lie	2652323791
𣁻	luo	2652282310
𣂁	qiao	2652240829
𣂁	tiao	2652199348
𣂄	guo	2652157867
𣂆	pang	2652116386
𣂇	qiao	2652074905
𣂉	di	2652033424
𣂊	yun	2651991943
𣂒	le	2651950462
𣂖	si	2651908981
𣂗	xin	2651867500
𣂜	xin	2651826019
𣂝	xiang	2651784538
𣂞	luo	2651743057
𣂤	beng	2651701576
𣂥	qiao	2651660095
𣂥	tiao	2651618614
𣂬	xiao	2651577133
𣂮	dou	2651535652
𣂮	tou	2651494171
𣂳	dang	2651452690
𣂴	ting	2651411209
𣂵	zhuan	2651369728
𣂻	kou	2651328247
𣂻	ou	2651286766
𣂽	wo	2651245285
𣃄	xin	2651203804
𣃅	ruan	2651162323
𣃈	zhuo	2651120842
𣃉	dang	2651079361
𣃍	cha	2651037880
𣃍	cui	2650996399
𣃑	zhuo	2650954918
𣃗	cong	2650913437
𣃘	chan	2650871956
𣃘	chuang	2650830475
𣃝	yang	2650788994
𣃧	yan	2650747513
𣃳	yan	2650706032
𣃳	ye	2650664551
𣃵	shen	2650623070
𣃵	zhen	2650581589
𣃽	nuo	2650540108
𣃾	yan	2650498627
𣄅	fang	2650457146
𣄉	yan	2650415665
𣄊	yu	2650374184
𣄍	ti	2650332703
𣄎	fu	2650291222
𣄏	ben	2650249741
𣄑	yan	2650208260
𣄓	hui	2650166779
𣄙	huang	2650125298
𣄜	gui	2650083817
𣄝	yan	2650042336
𣄟	hu	2650000855
𣄠	biao	2649959374
𣄧	sui	2649917893
𣄧	wei	2649876412
𣄮	zi	2649834931
𣄯	ji	2649793450
𣄰	e	2649751969
𣄱	ji	2649710488
𣄲	kui	2649669007
𣄴	liang	2649627526
𣄺	wei	2649586045
𣄻	zhuo	2649544564
𣄿	ting	2649503083
𣅃	zai	2649461602
𣅄	you	2649420121
𣅉	ren	2649378640
𣅍	bing	2649337159
𣅍	mian	2649295678
𣅚	na	2649254197
𣅚	niu	2649212716
𣅝	tu	2649171235
𣅟	dan	2649129754
𣅡	jue	2649088273
𣅤	xu	2649046792
𣅥	di	2649005311
𣅰	xiang	2648963830
𣅷	xiong	2648922349
𣅺	you	2648880868
𣅻	gua	2648839387
𣅻	jiong	2648797906
𣅾	xi	2648756425
𣆈	he	2648714944
𣆍	ding	2648673463
𣆒	xu	2648631982
𣆔	zhou	2648590501
𣆕	xian	2648549020
𣆖	huang	2648507539
𣆗	cha	2648466058
𣆘	shi	2648424577
𣆙	gan	2648383096
𣆚	chi	2648341615
𣆚	nuo	2648300134
𣆛	an	2648258653
𣆛	wan	2648217172
𣆟	jie	2648175691
𣆟	xie	2648134210
𣆧	hao	2648092729
𣆲	qin	2648051248
𣆳	geng	2648009767
𣆴	shan	2647968286
𣆵	fu	2647926805
𣆽	ze	2647885324
𣇇	dan	2647843843
𣇖	dian	2647802362
𣇗	shen	2647760881
𣇙	zu	2647719400
𣇢	bie	2647677919
𣇦	chui	2647636438
𣇧	zhe	2647594957
𣇨	dai	2647553476
𣇫	wo	2647511995
𣇬	qiong	2647470514
𣇰	lin	2647429033
𣇲	hun	2647387552
𣇳	ji	2647346071
𣈅	cao	2647304590
𣈊	mu	2647263109
𣈍	die	2647221628
𣈎	wei	2647180147
𣈠	bian	2647138666
𣈡	ti	2647097185
𣈥	tu	2647055704
𣉄	chi	2647014223
𣉅	cou	2646972742
𣉆	ti	2646931261
𣉒	huo	2646889780
𣉓	qi	2646848299
𣉔	sao	2646806818
𣉕	sang	2646765337
𣉖	xuan	2646723856
𣉗	ang	2646682375
𣉘	nai	2646640894
𣉚	yang	2646599413
𣉛	shu	2646557932
𣉜	sha	2646516451
𣉡	ting	2646474970
𣉩	ya	2646433489
𣉪	huang	2646392008
𣉮	bin	2646350527
𣉾	ou	2646309046
𣉿	cao	2646267565
𣊁	ao	2646226084
𣊃	mao	2646184603
𣊔	meng	2646143122
𣊖	tian	2646101641
𣊝	sang	2646060160
𣊞	xu	2646018679
𣊟	kan	2645977198
𣊧	lang	2645935717
𣊧	zhao	2645894236
𣊶	bie	2645852755
𣊷	cong	2645811274
𣊺	xian	2645769793
𣋄	tun	2645728312
𣋉	yu	2645686831
𣋊	dan	2645645350
𣋍	zhao	2645603869
𣋏	pu	2645562388
𣋘	hui	2645520907
𣋟	mo	2645479426
𣋢	jing	2645437945
𣋣	lan	2645396464
𣋲	lie	2645354983
𣋳	bao	2645313502
𣋳	piao	2645272021
𣋵	bo	2645230540
𣋶	qiong	2645189059
𣋹	bi	2645147578
𣋿	yong	2645106097
𣌅	li	2645064616
𣌍	nie	2645023135
𣌏	de	2644981654
𣌓	huan	2644940173
𣌗	yue	2644898692
𣌚	chun	2644857211
𣌜	li	2644815730
𣌞	zhang	2644774249
𣌟	ling	2644732768
𣌠	chun	2644691287
𣌧	ce	2644649806
𣌨	xun	2644608325
𣌬	ju	2644566844
𣌭	da	2644525363
𣌭	hui	2644483882
𣌾	tong	2644442401
𣍆	ning	2644400920
𣍇	ju	2644359439
𣍏	cha	2644317958
𣍖	zao	2644276477
𣍛	yu	2644234996
𣍟	ken	2644193515
𣍟	wei	2644152034
𣍦	kuang	2644110553
𣍧	fei	2644069072
𣍴	quan	2644027591
𣍸	po	2643986110
𣍺	pei	2643944629
𣎅	huan	2643903148
𣎅	yi	2643861667
𣎆	luo	2643820186
𣎓	xuan	2643778705
𣎔	nian	2643737224
𣎚	hu	2643695743
𣎛	ju	2643654262
𣎛	xue	2643612781
𣎩	ye	2643571300
𣎮	xi	2643529819
𣎱	yue	2643488338
𣎲	tang	2643446857
𣎳	pin	2643405376
𣎴	ai	2643363895
𣎴	dun	2643322414
𣎴	e	2643280933
𣎵	bei	2643239452
𣎵	po	2643197971
𣎸	liao	2643156490
𣏀	yong	2643115009
𣏎	ya	2643073528
𣏑	jiao	2643032047
𣏔	kun	2642990566
𣏖	zhen	2642949085
𣏗	shu	2642907604
𣏚	shi	2642866123
𣏞	you	2642824642
𣏟	pai	2642783161
𣏠	xiao	2642741680
𣏡	ji	2642700199
𣏶	qi	2642658718
𣏷	he	2642617237
𣏺	kong	2642575756
𣐂	ye	2642534275
𣐃	chi	2642492794
𣐊	ju	2642451313
𣐊	kao	2642409832
𣐋	yue	2642368351
𣐎	wa	2642326870
𣐏	nian	2642285389
𣐑	ci	2642243908
𣐓	yi	2642202427
𣐫	yang	2642160946
𣐬	li	2642119465
𣐮	dai	2642077984
𣐯	chong	2642036503
𣐵	yi	2641995022
𣐺	han	2641953541
𣐿	yi	2641912060
𣑁	chong	2641870579
𣑂	hu	2641829098
𣑃	zhua	2641787617
𣑦	qiong	2641746136
𣑧	duo	2641704655
𣑸	tong	2641663174
𣑹	xian	2641621693
𣑿	fu	2641580212
𣒂	dian	2641538731
𣒃	xi	2641497250
𣒄	xie	2641455769
𣒅	zhen	2641414288
𣒆	qiao	2641372807
𣒇	tu	2641331326
𣒷	han	2641289845
𣒸	kuang	2641248364
𣒹	suo	2641206883
𣒻	shou	2641165402
𣒼	tiao	2641123921
𣓀	zhen	2641082440
𣓃	nei	2641040959
𣓅	qian	2640999478
𣓆	yin	2640957997
𣓈	liang	2640916516
𣓉	jie	2640875035
𣓉	sha	2640833554
𣓊	zi	2640792073
𣓋	pi	2640750592
𣓌	gao	2640709111
𣓌	ju	2640667630
𣓏	jin	2640626149
𣓐	you	2640584668
𣓒	shan	2640543187
𣓔	mi	2640501706
𣓕	ou	2640460225
𣓗	hu	2640418744
𣓛	you	2640377263
𣓝	meng	2640335782
𣔐	zhi	2640294301
𣔓	bi	2640252820
𣔗	shen	2640211339
𣔘	qi	2640169858
𣔙	xian	2640128377
𣔚	pan	2640086896
𣔛	kang	2640045415
𣔫	shuan	2640003934
𣔬	pi	2639962453
𣔮	zai	2639920972
𣔯	zhu	2639879491
𣔱	sao	2639838010
𣔱	sou	2639796529
𣔲	jiong	2639755048
𣔵	chan	2639713567
𣔶	fan	2639672086
𣔷	xiao	2639630605
𣔸	yin	2639589124
𣔹	hou	2639547643
𣔺	mao	2639506162
𣔻	chan	2639464681
𣔻	tu	2639423200
𣔼	gan	2639381719
𣔽	ji	2639340238
𣕁	yi	2639298757
𣕃	yu	2639257276
𣕄	jiong	2639215795
𣕅	pao	2639174314
𣕇	xiao	2639132833
𣕉	gou	2639091352
𣕌	gou	2639049871
𣕍	sun	2639008390
𣕎	xian	2638966909
𣕏	zhuan	2638925428
𣕾	bi	2638883947
𣕾	chou	2638842466
𣖄	qiao	2638800985
𣖅	ti	2638759504
𣖆	yun	2638718023
𣖉	shan	2638676542
𣖊	li	2638635061
𣖊	lie	2638593580
𣖌	zhi	2638552099
𣖐	pai	2638510618
𣖣	ju	2638469137
𣖤	lai	2638427656
𣖨	zi	2638386175
𣖪	qu	2638344694
𣖫	gu	2638303213
𣖫	que	2638261732
𣖬	jue	2638220251
𣖭	zhi	2638178770
𣖮	ang	2638137289
𣖯	qin	2638095808
𣖰	pi	2638054327
𣖱	zui	2638012846
𣖳	qian	2637971365
𣖵	cuo	2637929884
𣖷	ji	2637888403
𣖸	ti	2637846922
𣖹	ru	2637805441
𣖻	hai	2637763960
𣖼	xun	2637722479
𣖾	bei	2637680998
𣖿	zhi	2637639517
𣗁	dun	2637598036
𣗁	za	2637556555
𣗐	reng	2637515074
𣗲	gan	2637473593
𣗵	gang	2637432112
𣗶	ta	2637390631
𣗸	tuo	2637349150
𣗹	yang	2637307669
𣗺	ku	2637266188
𣗻	zhi	2637224707
𣘖	jian	2637183226
𣘗	ni	2637141745
𣘘	shen	2637100264
𣘘	zhen	2637058783
𣘙	bang	2637017302
𣘚	shuai	2636975821
𣘛	dou	2636934340
𣘝	qian	2636892859
𣘞	han	2636851378
𣘟	qia	2636809897
𣘠	gan	2636768416
𣘣	chun	2636726935
𣘤	cha	2636685454
𣘤	sa	2636643973
𣘥	bi	2636602492
𣘦	yi	2636561011
𣘧	fu	2636519530
𣘨	e	2636478049
𣘪	lao	2636436568
𣘫	hao	2636395087
𣘬	li	2636353606
𣘱	te	2636312125
𣘲	shen	2636270644
𣘻	cha	2636229163
𣘻	tu	2636187682
𣙗	nie	2636146201
𣙘	cou	2636104720
𣙛	yi	2636063239
𣙟	tang	2636021758
𣙢	juan	2635980277
𣙰	chi	2635938796
𣙱	gou	2635897315
𣙴	jie	2635855834
𣙵	zhe	2635814353
𣙶	hu	2635772872
𣙷	mang	2635731391
𣙻	zou	2635689910
𣙼	ci	2635648429
𣙼	si	2635606948
𣚀	zi	2635565467
𣚁	zi	2635523986
𣚃	jie	2635482505
𣚄	si	2635441024
𣚆	chun	2635399543
𣚇	pao	2635358062
𣚋	ye	2635316581
𣚌	di	2635275100
𣚌	shi	2635233619
𣚎	lei	2635192138
𣚏	xu	2635150657
𣚐	ru	2635109176
𣚒	pa	2635067695
𣚓	juan	2635026214
𣚔	xi	2634984733
𣚕	yan	2634943252
𣚕	ye	2634901771
𣚖	an	2634860290
𣚘	yi	2634818809
𣚜	song	2634777328
𣚝	wo	2634735847
𣚟	se	2634694366
𣚠	zhi	2634652885
𣚡	bi	2634611404
𣚢	zhuan	2634569923
𣚦	jiang	2634528442
𣚧	hao	2634486961
𣚩	chi	2634445480
𣚪	dun	2634403999
𣚺	xiang	2634362518
𣛓	bo	2634321037
𣛔	ji	2634279556
𣛕	chua	2634238075
𣛗	luo	2634196594
𣛚	rui	2634155113
𣛫	hu	2634113632
𣛱	dan	2634072151
𣛱	lan	2634030670
𣛴	han	2633989189
𣛵	que	2633947708
𣛶	sha	2633906227
𣛷	zhan	2633864746
𣛸	ze	2633823265
𣛹	chuai	2633781784
𣛹	chuan	2633740303
𣛺	qi	2633698822
𣛻	die	2633657341
𣛽	zha	2633615860
𣛾	tou	2633574379
𣜁	ci	2633532898
𣜂	sa	2633491417
𣜄	luo	2633449936
𣜇	ji	2633408455
𣜢	luo	2633366974
𣜣	qin	2633325493
𣜧	qiong	2633284012
𣜨	juan	2633242531
𣜬	ai	2633201050
𣜭	jian	2633159569
𣜹	ti	2633118088
𣜺	wen	2633076607
𣜽	qiao	2633035126
𣝁	bei	2632993645
𣝁	pai	2632952164
𣝂	hun	2632910683
𣝅	ai	2632869202
𣝇	shuo	2632827721
𣝈	lian	2632786240
𣝉	dui	2632744759
𣝋	ta	2632703278
𣝌	jin	2632661797
𣝍	bi	2632620316
𣝎	yan	2632578835
𣝏	gao	2632537354
𣝐	piao	2632495873
𣝑	yu	2632454392
𣝒	she	2632412911
𣝗	hu	2632371430
𣝚	lie	2632329949
𣝜	bian	2632288468
𣝝	su	2632246987
𣝞	jiao	2632205506
𣝸	zhui	2632164025
𣝽	han	2632122544
𣞇	dun	2632081063
𣞑	meng	2632039582
𣞒	fu	2631998101
𣞓	lu	2631956620
𣞔	tan	2631915139
𣞗	liu	2631873658
𣞘	xian	2631832177
𣞙	sang	2631790696
𣞜	cou	2631749215
𣞝	zhuang	2631707734
𣞟	chen	2631666253
𣞰	lian	2631624772
𣞴	li	2631583291
𣟀	peng	2631541810
𣟁	tuo	2631500329
𣟄	tuo	2631458848
𣟆	liao	2631417367
𣟇	xiao	2631375886
𣟈	chui	2631334405
𣟉	huai	2631292924
𣟊	niao	2631251443
𣟋	qian	2631209962
𣟌	li	2631168481
𣟏	pao	2631127000
𣟐	tiao	2631085519
𣟑	liu	2631044038
𣟒	wu	2631002557
𣟤	ying	2630961076
𣟦	zha	2630919595
𣟰	yu	2630878114
𣟲	xian	2630836633
𣟳	xuan	2630795152
𣟴	shuan	2630753671
𣟵	xi	2630712190
𣟸	mei	2630670709
𣟹	sen	2630629228
𣟺	lian	2630587747
𣟼	jiu	2630546266
𣟼	qiao	2630504785
𣟽	lao	2630463304
𣠎	xiao	2630421823
𣠏	zou	2630380342
𣠚	liu	2630338861
𣠜	zhao	2630297380
𣠞	she	2630255899
𣠞	zhe	2630214418
𣠠	lei	2630172937
𣠭	duan	2630131456
𣠷	jian	2630089975
𣠸	shuan	2630048494
𣠹	zuo	2630007013
𣠺	qie	2629965532
𣠼	lao	2629924051
𣡉	yu	2629882570
𣡊	yi	2629841089
𣡋	ni	2629799608
𣡎	cen	2629758127
𣡕	yan	2629716646
𣡗	ruan	2629675165
𣡞	yan	2629633684
𣡟	die	2629592203
𣡠	mian	2629550722
𣡧	lei	2629509241
𣡩	wan	2629467760
𣡰	na	2629426279
𣡺	lei	2629384798
𣡽	sha	2629343317
𣡾	hu	2629301836
𣢁	xi	2629260355
𣢂	xi	2629218874
𣢄	you	2629177393
𣢅	han	2629135912
𣢇	hai	2629094431
𣢇	xi	2629052950
𣢉	wa	2629011469
𣢊	xu	2628969988
𣢋	pi	2628928507
𣢌	tan	2628887026
𣢍	xi	2628845545
𣢎	xi	2628804064
𣢏	bin	2628762583
𣢐	keng	2628721102
𣢐	qin	2628679621
𣢑	xi	2628638140
𣢒	yu	2628596659
𣢓	xi	2628555178
𣢕	ci	2628513697
𣢖	qian	2628472216
𣢗	xia	2628430735
𣢚	wa	2628389254
𣢛	e	2628347773
𣢜	you	2628306292
𣢝	xing	2628264811
𣢞	ni	2628223330
𣢟	han	2628181849
𣢟	xian	2628140368
𣢠	bi	2628098887
𣢡	sheng	2628057406
𣢤	zhan	2628015925
𣢥	dian	2627974444
𣢦	yu	2627932963
𣢨	ou	2627891482
𣢪	gui	2627850001
𣢫	wang	2627808520
𣢬	qian	2627767039
𣢭	yi	2627725558
𣢰	zu	2627684077
𣢲	qian	2627642596
𣢳	ding	2627601115
𣢴	keng	2627559634
𣢶	chu	2627518153
𣢷	yi	2627476672
𣢺	han	2627435191
𣢻	kuan	2627393710
𣣈	dian	2627352229
𣣉	xi	2627310748
𣣊	zi	2627269267
𣣋	ling	2627227786
𣣌	si	2627186305
𣣌	zi	2627144824
𣣎	yu	2627103343
𣣏	hun	2627061862
𣣑	si	2627020381
𣣒	kan	2626978900
𣣚	an	2626937419
𣣜	you	2626895938
𣣝	ji	2626854457
𣣞	hun	2626812976
𣣟	qia	2626771495
𣣠	hou	2626730014
𣣡	hou	2626688533
𣣣	dian	2626647052
𣣩	xie	2626605571
𣣭	she	2626564090
𣣮	sha	2626522609
𣣲	xie	2626481128
𣣳	yao	2626439647
𣣴	da	2626398166
𣣶	xie	2626356685
𣣷	chi	2626315204
𣣸	you	2626273723
𣣹	he	2626232242
𣣺	sha	2626190761
𣣿	tai	2626149280
𣤁	zhu	2626107799
𣤃	ai	2626066318
𣤇	que	2626024837
𣤈	ze	2625983356
𣤊	la	2625941875
𣤌	chi	2625900394
𣤌	chuai	2625858913
𣤌	chuo	2625817432
𣤎	you	2625775951
𣤖	ti	2625734470
𣤘	shi	2625692989
𣤡	xiao	2625651508
𣤡	you	2625610027
𣤢	xi	2625568546
𣤨	huo	2625527065
𣤩	chi	2625485584
𣤪	yi	2625444103
𣤯	shu	2625402622
𣤰	yue	2625361141
𣤱	chan	2625319660
𣤲	e	2625278179
𣤳	xi	2625236698
𣤴	xi	2625195217
𣤵	ying	2625153736
𣤷	za	2625112255
𣤺	za	2625070774
𣥂	ta	2625029293
𣥃	wan	2624987812
𣥇	xin	2624946331
𣥊	wang	2624904850
𣥋	fu	2624863369
𣥐	lu	2624821888
𣥐	lv	2624780407
𣥞	jian	2624738926
𣥡	yan	2624697445
𣥣	bi	2624655964
𣥤	ken	2624614483
𣥥	guan	2624573002
𣥨	zi	2624531521
𣥮	kui	2624490040
𣥯	zhou	2624448559
𣥰	zhi	2624407078
𣥳	tu	2624365597
𣥷	ta	2624324116
𣥹	chu	2624282635
𣥺	cheng	2624241154
𣥻	cheng	2624199673
𣥼	zhu	2624158192
𣥾	da	2624116711
𣦇	bi	2624075230
𣦉	jia	2624033749
𣦌	yi	2623992268
𣦏	yue	2623950787
𣦐	gang	2623909306
𣦖	gan	2623867825
𣦜	qiao	2623826344
𣦠	chu	2623784863
𣦡	chu	2623743382
𣦢	bi	2623701901
𣦦	gui	2623660420
𣦩	gu	2623618939
𣦪	bing	2623577458
𣦫	yin	2623535977
𣦬	zhui	2623494496
𣦭	gu	2623453015
𣦯	li	2623411534
𣦵	e	2623370053
𣦵	zhen	2623328572
𣦶	dai	2623287091
𣦼	can	2623245610
𣧂	ti	2623204129
𣧃	du	2623162648
𣧄	yi	2623121167
𣧈	die	2623079686
𣧊	niu	2623038205
𣧌	xue	2622996724
𣧍	ne	2622955243
𣧎	gui	2622913762
𣧏	kao	2622872281
𣧒	chuan	2622830800
𣧒	mo	2622789319
𣧖	zha	2622747838
𣧗	you	2622706357
𣧙	bai	2622664876
𣧚	shi	2622623395
𣧛	dian	2622581914
𣧜	pa	2622540433
𣧝	qiu	2622498952
𣧡	xue	2622457471
𣧣	mo	2622415990
𣧤	ke	2622374509
𣧥	you	2622333028
𣧦	jiao	2622291547
𣧧	bo	2622250066
𣧬	xiu	2622208585
𣧲	mi	2622167104
𣧳	luo	2622125623
𣧵	xu	2622084142
𣧵	xue	2622042661
𣧷	duo	2622001180
𣧹	er	2621959699
𣧺	shan	2621918218
𣧼	kui	2621876737
𣧽	nao	2621835256
𣧾	mian	2621793775
𣧿	li	2621752294
𣨀	luan	2621710813
𣨂	die	2621669332
𣨄	qia	2621627851
𣨅	lei	2621586370
𣨇	mao	2621544889
𣨉	heng	2621503408
𣨊	che	2621461927
𣨋	zhi	2621420446
𣨍	gu	2621378965
𣨎	cuo	2621337484
𣨓	wu	2621296003
𣨔	tao	2621254522
𣨗	xi	2621213041
𣨘	yao	2621171560
𣨙	wei	2621130079
𣨛	zu	2621088598
𣨜	ma	2621047117
𣨝	yu	2621005636
𣨞	peng	2620964155
𣨟	yi	2620922674
𣨠	qin	2620881193
𣨡	yue	2620839712
𣨢	jue	2620798231
𣨣	jiang	2620756750
𣨤	xu	2620715269
𣨥	beng	2620673788
𣨪	luo	2620632307
𣨫	zhui	2620590826
𣨲	du	2620549345
𣨳	xiang	2620507864
𣨶	hui	2620466383
𣨺	gu	2620424902
𣨻	kao	2620383421
𣨾	xing	2620341940
𣨿	hun	2620300459
𣩀	bian	2620258978
𣩄	ai	2620217497
𣩄	ke	2620176016
𣩅	kao	2620134535
𣩈	cuo	2620093054
𣩈	zuo	2620051573
𣩏	lu	2620010092
𣩑	zui	2619968611
𣩒	zao	2619927130
𣩓	jiao	2619885649
𣩔	guan	2619844168
𣩙	yan	2619802687
𣩚	er	2619761206
𣩜	qing	2619719725
𣩟	deng	2619678244
𣩠	si	2619636763
𣩡	sui	2619595282
𣩢	liao	2619553801
𣩧	shan	2619512320
𣩩	bi	2619470839
𣩪	wei	2619429358
𣩫	ye	2619387877
𣩭	zhai	2619346396
𣩯	ye	2619304915
𣩰	diao	2619263434
𣩱	ai	2619221953
𣩱	ke	2619180472
𣩴	jiang	2619138991
𣩷	su	2619097510
𣩹	huai	2619056029
𣩺	yu	2619014548
𣩽	rang	2618973067
𣪀	dian	2618931586
𣪁	zuan	2618890105
𣪂	ban	2618848624
𣪄	qin	2618807143
𣪇	jia	2618765662
𣪉	pi	2618724181
𣪌	dui	2618682700
𣪌	tou	2618641219
𣪐	chou	2618599738
𣪕	gui	2618558257
𣪠	ji	2618516776
𣪠	qi	2618475295
𣪨	xue	2618433814
𣪪	dian	2618392333
𣪭	bian	2618350852
𣪮	zai	2618309371
𣪯	tong	2618267890
𣪶	shan	2618226409
𣪸	gu	2618184928
𣪹	que	2618143447
𣫀	gu	2618101966
𣫈	hu	2618060485
𣫉	kuai	2618019004
𣫌	gou	2617977523
𣫎	su	2617936042
𣫐	chou	2617894561
𣫔	du	2617853080
𣫙	yi	2617811599
𣫜	dao	2617770118
𣫝	qiang	2617728637
𣫣	long	2617687156
𣫥	li	2617645675
𣫧	li	2617604194
𣫨	qing	2617562713
𣫪	wei	2617521232
𣫬	mou	2617479751
𣫱	qi	2617438270
𣫳	jiang	2617396789
𣫴	xie	2617355308
𣫹	dai	2617313827
𣫻	lou	2617272346
𣬂	guan	2617230865
𣬆	pei	2617189384
𣬉	pi	2617147903
𣬋	chuo	2617106422
𣬋	juan	2617064941
𣬍	bei	2617023460
𣬎	jue	2616981979
𣬏	juan	2616940498
𣬐	shi	2616899017
𣬕	xie	2616857536
𣬘	rui	2616816055
𣬙	jing	2616774574
𣬚	po	2616733093
𣬛	san	2616691612
𣬛	shan	2616650131
𣬠	ji	2616608650
𣬩	fen	2616567169
𣬪	bei	2616525688
𣬫	ga	2616484207
𣬫	jie	2616442726
𣬬	sa	2616401245
𣬮	pi	2616359764
𣬴	di	2616318283
𣬵	mao	2616276802
𣬶	ba	2616235321
𣬷	ba	2616193840
𣬸	tiao	2616152359
𣬹	ling	2616110878
𣬺	sheng	2616069397
𣬻	zhen	2616027916
𣬼	pi	2615986435
𣬽	wu	2615944954
𣬿	ze	2615903473
𣭀	bao	2615861992
𣭇	lv	2615820511
𣭖	hao	2615779030
𣭗	dou	2615737549
𣭘	fu	2615696068
𣭙	ni	2615654587
𣭝	ge	2615613106
𣭠	ru	2615571625
𣭡	xian	2615530144
𣭮	mao	2615488663
𣭲	rong	2615447182
𣭳	qiu	2615405701
𣭳	qu	2615364220
𣭷	bo	2615322739
𣭹	hao	2615281258
𣭺	nao	2615239777
𣭻	yan	2615198296
𣮃	pao	2615156815
𣮄	sui	2615115334
𣮆	tuo	2615073853
𣮈	qu	2615032372
𣮉	li	2614990891
𣮊	de	2614949410
𣮌	jie	2614907929
𣮍	jie	2614866448
𣮎	gun	2614824967
𣮏	jian	2614783486
𣮐	bi	2614742005
𣮠	san	2614700524
𣮡	bang	2614659043
𣮢	chun	2614617562
𣮦	nai	2614576081
𣮧	bang	2614534600
𣮪	rong	2614493119
𣮫	jia	2614451638
𣮬	sou	2614410157
𣮰	de	2614368676
𣮾	xian	2614327195
𣮿	zhan	2614285714
𣯀	mao	2614244233
𣯃	zi	2614202752
𣯅	ji	2614161271
𣯆	qi	2614119790
𣯋	ru	2614078309
𣯌	suo	2614036828
𣯍	rong	2613995347
𣯎	wu	2613953866
𣯏	rong	2613912385
𣯐	rong	2613870904
𣯚	ta	2613829423
𣯜	sou	2613787942
𣯤	li	2613746461
𣯧	cui	2613704980
𣯧	sui	2613663499
𣯨	zong	2613622018
𣯪	xi	2613580537
𣯬	mang	2613539056
𣯭	nie	2613497575
𣯯	sui	2613456094
𣯱	pei	2613414613
𣯵	di	2613373132
𣯸	qu	2613331651
𣯹	qiao	2613290170
𣯻	fen	2613248689
𣯼	su	2613207208
𣰃	xu	2613165727
𣰇	rong	2613124246
𣰈	ji	2613082765
𣰋	qu	2613041284
𣰌	he	2612999803
𣰌	lie	2612958322
𣰕	sao	2612916841
𣰘	kun	2612875360
𣰚	cui	2612833879
𣰜	bing	2612792398
𣰞	jie	2612750917
𣰠	qu	2612709436
𣰡	qu	2612667955
𣰥	meng	2612626474
𣰦	gan	2612584993
𣰦	ran	2612543512
𣰩	chao	2612502031
𣰬	du	2612460550
𣰶	nang	2612419069
𣰶	rang	2612377588
𣰷	xian	2612336107
𣰺	tao	2612294626
𣰻	qu	2612253145
𣰼	nie	2612211664
𣰿	shu	2612170183
𣱀	lu	2612128702
𣱂	kun	2612087221
𣱈	min	2612045740
𣱉	min	2612004259
𣱍	dan	2611962778
𣱐	yin	2611921297
𣱐	zhi	2611879816
𣱓	hao	2611838335
𣱓	xiao	2611796854
𣱗	ji	2611755373
𣱜	yin	2611713892
𣱦	fen	2611672411
𣱧	zhong	2611630930
𣱫	gu	2611589449
𣱱	cha	2611547968
𣱳	liu	2611506487
𣱶	bu	2611465006
𣱺	pa	2611423525
𣱻	si	2611382044
𣱼	dao	2611340563
𣱽	zhen	2611299082
𣲀	shan	2611257601
𣲂	chuai	2611216120
𣲄	jiu	2611174639
𣲊	ke	2611133158
𣲋	chi	2611091677
𣲑	chi	2611050196
𣲑	he	2611008715
𣲑	hu	2610967234
𣲒	le	2610925753
𣲒	li	2610884272
𣲓	sha	2610842791
𣲖	gu	2610801310
𣲖	liu	2610759829
𣲖	pai	2610718348
𣲜	ying	2610676867
𣲡	ji	2610635386
𣲡	jie	2610593905
𣲡	sha	2610552424
𣲢	di	2610510943
𣲥	dan	2610469462
𣲱	tu	2610427981
𣲲	he	2610386500
𣲳	po	2610345019
𣲵	zhi	2610303538
𣲶	niu	2610262057
𣲷	ni	2610220576
𣲽	rong	2610179095
𣲾	guai	2610137614
𣳀	zhi	2610096133
𣳃	ji	2610054652
𣳜	fan	2610013171
𣳟	jie	2609971690
𣳠	hai	2609930209
𣳠	mu	2609888728
𣳤	zhan	2609847247
𣳦	nao	2609805766
𣳦	xi	2609764285
𣳩	zi	2609722804
𣳬	xi	2609681323
𣳭	piao	2609639842
𣳰	ben	2609598361
𣳲	jian	2609556880
𣴓	jian	2609515399
𣴖	za	2609473918
𣴞	ben	2609432437
𣴟	huan	2609390956
𣴟	mao	2609349475
𣴢	zao	2609307994
𣴣	zhuang	2609266513
𣴥	kuang	2609225032
𣴨	bi	2609183551
𣴪	pai	2609142070
𣴪	pi	2609100589
𣴼	mao	2609059108
𣴽	tan	2609017627
𣵞	tun	2608976146
𣵟	luo	2608934665
𣵢	tan	2608893184
𣵱	an	2608851703
𣵷	gan	2608810222
𣵷	han	2608768741
𣵸	zhu	2608727260
𣵺	duo	2608685779
𣵺	tuo	2608644298
𣵻	duo	2608602817
𣵻	tuo	2608561336
𣵼	gan	2608519855
𣶆	qiong	2608478374
𣶈	mang	2608436893
𣶈	wang	2608395412
𣶊	mo	2608353931
𣶋	zhe	2608312450
𣶌	wen	2608270969
𣶍	zhuang	2608229488
𣶏	die	2608188007
𣶏	jie	2608146526
𣶐	pao	2608105045
𣶘	su	2608063564
𣶝	ju	2608022083
𣶠	qi	2607980602
𣶡	can	2607939121
𣶣	tuan	2607897640
𣶤	sha	2607856159
𣶦	tuo	2607814678
𣷠	min	2607773197
𣷡	zhong	2607731716
𣷥	shuo	2607690235
𣷩	yi	2607648754
𣷪	wang	2607607273
𣷫	ao	2607565792
𣷶	su	2607524311
𣷿	tuo	2607482830
𣸀	hui	2607441349
𣸃	xu	2607399868
𣸄	zan	2607358387
𣸆	zi	2607316906
𣸇	bian	2607275425
𣸉	da	2607233944
𣸊	yin	2607192463
𣸋	quan	2607150982
𣸎	huai	2607109501
𣸏	na	2607068020
𣸐	za	2607026539
𣸒	ti	2606985058
𣸘	yi	2606943577
𣸙	tan	2606902096
𣸚	she	2606860615
𣸛	shuo	2606819134
𣸝	xing	2606777653
𣸠	you	2606736172
𣹇	ke	2606694691
𣹋	fu	2606653210
𣹒	min	2606611729
𣹚	pi	2606570248
𣹜	ji	2606528767
𣹝	qiao	2606487286
𣹝	xiao	2606445805
𣹞	zhong	2606404324
𣹟	gan	2606362843
𣹠	yuan	2606321362
𣹡	chi	2606279881
𣹥	qian	2606238400
𣹧	zha	2606196919
𣹧	zuo	2606155438
𣹩	xie	2606113957
𣹪	mao	2606072476
𣹬	hu	2606030995
𣹮	pi	2605989514
𣹯	xun	2605948033
𣹱	xia	2605906552
𣹲	ti	2605865071
𣹵	na	2605823590
𣹶	chua	2605782109
𣺀	wu	2605740628
𣺬	huang	2605699147
𣺭	xue	2605657666
𣺮	tao	2605616185
𣺰	qiao	2605574704
𣺳	jiao	2605533223
𣻍	dang	2605491742
𣻍	xiang	2605450261
𣻎	kou	2605408780
𣻐	ju	2605367299
𣻒	jing	2605325818
𣻕	mo	2605284337
𣻖	nou	2605242856
𣻘	shuo	2605201375
𣻚	shu	2605159894
𣻛	zhuang	2605118413
𣻜	fu	2605076932
𣻟	zang	2605035451
𣻠	xie	2604993970
𣻡	lang	2604952489
𣻢	tong	2604911008
𣻩	zhe	2604869527
𣻬	can	2604828046
𣻮	yue	2604786565
𣻱	zhou	2604745084
𣼚	tan	2604703603
𣼞	yan	2604662122
𣼟	lu	2604620641
𣼠	yan	2604579160
𣼦	ze	2604537679
𣼧	shuai	2604496198
𣽅	guo	2604454717
𣽆	zhu	2604413236
𣽈	ru	2604371755
𣽈	ruan	2604330274
𣽉	ru	2604288793
𣽌	kan	2604247312
𣽍	ji	2604205831
𣽎	gao	2604164350
𣽎	hao	2604122869
𣽎	ze	2604081388
𣽒	xie	2604039907
𣽕	ou	2603998426
𣽖	jian	2603956945
𣽚	zhi	2603915464
𣽛	zha	2603873983
𣽝	hong	2603832502
𣽟	kuan	2603791021
𣽡	bo	2603749540
𣽤	se	2603708059
𣽥	an	2603666578
𣽦	jian	2603625097
𣽨	teng	2603583616
𣽫	song	2603542135
𣽭	meng	2603500654
𣽮	yin	2603459173
𣽯	tan	2603417692
𣽰	guo	2603376211
𣽳	ruan	2603334730
𣽴	wei	2603293249
𣾤	qi	2603251768
𣾦	zhang	2603210287
𣿅	dong	2603168806
𣿆	fu	2603127325
𣿇	shen	2603085844
𣿈	su	2603044363
𣿊	lian	2603002882
𣿌	he	2602961401
𣿎	zhen	2602919920
𣿐	ze	2602878439
𣿒	cui	2602836958
𣿓	cui	2602795477
𣿝	feng	2602753996
𣿞	li	2602712515
𣿟	kou	2602671034
𣿣	xiao	2602629553
𣿤	you	2602588072
𤀃	hao	2602546591
𤀉	han	2602505110
𤀊	ken	2602463629
𤀝	yu	2602422148
𤀣	huan	2602380667
𤀤	shan	2602339186
𤀤	shuai	2602297705
𤀤	suo	2602256224
𤀦	la	2602214743
𤀨	dou	2602173262
𤀩	jian	2602131781
𤀫	bian	2602090300
𤀰	xue	2602048819
𤀲	bian	2602007338
𤀷	wei	2601965857
𤁡	dan	2601924376
𤁢	jie	2601882895
𤁥	nian	2601841414
𤁦	xian	2601799933
𤁧	se	2601758452
𤁫	chua	2601716971
𤁮	ou	2601675490
𤁯	lie	2601634009
𤁰	di	2601592528
𤁱	cai	2601551047
𤁳	zha	2601509566
𤁵	lv	2601468085
𤁹	huo	2601426604
𤁼	li	2601385123
𤁽	ying	2601343642
𤁿	wei	2601302161
𤂀	bi	2601260680
𤂁	guo	2601219199
𤂃	pi	2601177718
𤂆	biao	2601136237
𤂠	yan	2601094756
𤂤	zhuan	2601053275
𤂲	hong	2601011794
𤂶	lin	2600970313
𤂷	e	2600928832
𤂹	yin	2600887351
𤂺	lan	2600845870
𤂼	yao	2600804389
𤂿	xuan	2600762908
𤃀	li	2600721427
𤃨	lan	2600679946
𤃩	ling	2600638465
𤃪	xi	2600596984
𤃫	hong	2600555503
𤃭	jiao	2600514022
𤃮	zhuo	2600472541
𤃲	zhi	2600431060
𤃵	bo	2600389579
𤃶	teng	2600348098
𤃺	xun	2600306617
𤃻	lei	2600265136
𤃼	zang	2600223655
𤃽	hui	2600182174
𤄎	xi	2600140693
𤄏	hong	2600099212
𤄑	fan	2600057731
𤄒	jian	2600016250
𤄓	cong	2599974769
𤄔	za	2599933288
𤄖	ca	2599891807
𤄖	za	2599850326
𤄘	you	2599808845
𤄛	dui	2599767364
𤄜	pan	2599725883
𤄥	ta	2599684402
𤄧	pan	2599642921
𤄫	fan	2599601440
𤄬	xi	2599559959
𤄶	shuo	2599518478
𤄶	yao	2599476997
𤄺	bian	2599435516
𤄼	jin	2599394035
𤄽	li	2599352554
𤅋	dou	2599311073
𤅎	man	2599269592
𤅐	gong	2599228111
𤅑	rang	2599186630
𤅒	can	2599145149
𤅣	men	2599103668
𤅱	gu	2599062187
𤅲	shuan	2599020706
𤅸	yan	2598979225
𤅹	bi	2598937744
𤆀	biao	2598896263
𤆁	cheng	2598854782
𤆂	kui	2598813301
𤆄	huo	2598771820
𤆄	zai	2598730339
𤆍	chi	2598688858
𤆏	wo	2598647377
𤆑	cou	2598605896
𤆒	zhi	2598564415
𤆙	shui	2598522934
𤆜	gua	2598481453
𤆝	pu	2598439972
𤆞	xu	2598398491
𤆟	si	2598357010
𤆮	fu	2598315529
𤆰	shi	2598274048
𤆳	hui	2598232567
𤆴	huang	2598191086
𤆵	pa	2598149605
𤆾	yi	2598108124
𤇜	min	2598066643
𤇞	ge	2598025162
𤇠	hu	2597983681
𤇯	ao	2597942200
𤇯	en	2597900719
𤇰	fa	2597859238
𤇳	xu	2597817757
𤇳	xue	2597776276
𤇴	xi	2597734795
𤇴	yi	2597693314
𤈔	chi	2597651833
𤈙	yi	2597610352
𤈥	di	2597568871
𤈦	hui	2597527390
𤈦	mei	2597485909
𤈧	he	2597444428
𤈩	zha	2597402947
𤉌	xian	2597361466
𤉍	lao	2597319985
𤉎	shao	2597278504
𤉏	shi	2597237023
𤉐	zhuo	2597195542
𤉤	bie	2597154061
𤉥	jiu	2597112580
𤉦	wo	2597071099
𤉧	jiao	2597029618
𤉨	fu	2596988137
𤉪	xiang	2596946656
𤉫	kai	2596905175
𤊲	nao	2596863694
𤊴	huo	2596822213
𤊵	ji	2596780732
𤊶	la	2596739251
𤊻	fou	2596697770
𤊼	shan	2596656289
𤊽	liao	2596614808
𤊾	mie	2596573327
𤊿	che	2596531846
𤋂	mo	2596490365
𤋨	duo	2596448884
𤋫	nao	2596407403
𤋭	ji	2596365922
𤋰	zhu	2596324441
𤌂	su	2596282960
𤌃	duo	2596241479
𤌇	jiong	2596199998
𤌊	zai	2596158517
𤌋	hui	2596117036
𤌌	ying	2596075555
𤌍	hu	2596034074
𤌎	lin	2595992593
𤌏	weng	2595951112
𤌐	han	2595909631
𤌔	nan	2595868150
𤌷	xi	2595826669
𤌹	gan	2595785188
𤌾	he	2595743707
𤌿	ji	2595702226
𤍀	xiang	2595660745
𤍁	sha	2595619264
𤍐	tui	2595577783
𤍒	zhao	2595536302
𤍓	shu	2595494821
𤍕	you	2595453340
𤍠	re	2595411859
𤍤	zhang	2595370378
𤍽	ruo	2595328897
𤎄	yan	2595287416
𤎋	cui	2595245935
𤎗	ji	2595204454
𤎘	shang	2595162973
𤎣	e	2595121492
𤎥	chan	2595080011
𤎥	tan	2595038530
𤎧	zhu	2594997049
𤎭	lin	2594955568
𤎭	yin	2594914087
𤎯	zeng	2594872606
𤎲	hu	2594831125
𤏗	shen	2594789644
𤏘	huo	2594748163
𤏜	kui	2594706682
𤏱	chu	2594665201
𤏲	zhou	2594623720
𤏶	ao	2594582239
𤏸	zhuo	2594540758
𤏽	xing	2594499277
𤏿	mie	2594457796
𤐀	hu	2594416315
𤐔	tan	2594374834
𤐙	bi	2594333353
𤐣	ding	2594291872
𤐩	kai	2594250391
𤐫	biao	2594208910
𤐰	huo	2594167429
𤐱	lie	2594125948
𤐲	cuan	2594084467
𤑃	xian	2594042986
𤑄	re	2594001505
𤑓	yue	2593960024
𤑕	xun	2593918543
𤑗	liao	2593877062
𤑗	zhao	2593835581
𤑣	sha	2593794100
𤑦	shi	2593752619
𤑪	xie	2593711138
𤑷	ye	2593669657
𤑸	lan	2593628176
𤑿	lian	2593586695
𤒔	bo	2593545214
𤒕	cao	2593503733
𤒝	yao	2593462252
𤓑	ji	2593420771
𤓔	xi	2593379290
𤓕	zhi	2593337809
𤓚	xi	2593296328
𤓝	yue	2593254847
𤓤	xian	2593213366
𤓦	zhuo	2593171885
𤓯	ju	2593130404
𤓯	zhang	2593088923
𤓵	zu	2593047442
𤓷	na	2593005961
𤓾	dao	2592964480
𤓿	lie	2592922999
𤔀	na	2592881518
𤔉	pao	2592840037
𤔋	ju	2592798556
𤔔	luan	2592757075
𤔖	luo	2592715594
𤔙	shua	2592674113
𤔚	shang	2592632632
𤔝	luo	2592591151
𤔟	fen	2592549670
𤔣	bao	2592508189
𤔨	li	2592466708
𤔫	xiong	2592425227
𤔶	dang	2592383746
𤕀	cheng	2592342265
𤕄	zhang	2592300784
𤕇	sou	2592259303
𤕊	shen	2592217822
𤕒	ge	2592176341
𤕘	wu	2592134860
𤕘	yu	2592093379
𤕚	hui	2592051898
𤕛	che	2592010417
𤕝	bo	2591968936
𤕝	jiao	2591927455
𤕞	zhu	2591885974
𤕟	shu	2591844493
𤕢	xiao	2591803012
𤕦	ning	2591761531
𤕭	jiang	2591720050
𤕯	jiang	2591678569
𤕯	zhuang	2591637088
𤕷	diao	2591595607
𤕽	qiang	2591554126
𤕾	fu	2591512645
𤕾	qiu	2591471164
𤖀	feng	2591429683
𤖆	zhan	2591388202
𤖇	ke	2591346721
𤖒	die	2591305240
𤖓	ze	2591263759
𤖖	guang	2591222278
𤖗	se	2591180797
𤖘	fen	2591139316
𤖝	yan	2591097835
𤖞	zhi	2591056354
𤖢	li	2591014873
𤖦	ling	2590973392
𤖪	yi	2590931911
𤖬	qu	2590890430
𤖭	pan	2590848949
𤖮	gou	2590807468
𤖰	jia	2590765987
𤖱	he	2590724506
𤖳	peng	2590683025
𤖵	ju	2590641544
𤖷	che	2590600063
𤖺	lie	2590558582
𤖻	shi	2590517101
𤖼	po	2590475620
𤖽	xiang	2590434139
𤖿	pi	2590392658
𤗀	luo	2590351177
𤗁	cu	2590309696
𤗃	yu	2590268215
𤗇	kong	2590226734
𤗈	xie	2590185253
𤗍	wan	2590143772
𤗎	yan	2590102291
𤗏	pei	2590060810
𤗓	cheng	2590019329
𤗘	ti	2589977848
𤗙	che	2589936367
𤗙	tuo	2589894886
𤗚	bi	2589853405
𤗛	lian	2589811924
𤗜	jia	2589770443
𤗞	ting	2589728962
𤗢	ti	2589687481
𤗨	die	2589646000
𤗪	shu	2589604519
𤗫	li	2589563038
𤗬	lv	2589521557
𤗭	xia	2589480076
𤗯	cui	2589438595
𤗳	bo	2589397114
𤗴	tui	2589355633
𤗵	pu	2589314152
𤗷	lin	2589272671
𤗸	fen	2589231190
𤗺	bo	2589189709
𤗻	chan	2589148228
𤗾	dang	2589106747
𤗿	tai	2589065266
𤘃	li	2589023785
𤘅	ya	2588982304
𤘆	ya	2588940823
𤘇	zhan	2588899342
𤘊	yi	2588857861
𤘌	qi	2588816380
𤘔	hu	2588774899
𤘖	ting	2588733418
𤘘	kou	2588691937
𤘛	chun	2588650456
𤘜	you	2588608975
𤘝	fen	2588567494
𤘟	nuo	2588526013
𤘠	tian	2588484532
𤘡	jin	2588443051
𤘢	pi	2588401570
𤘣	chen	2588360089
𤘤	pi	2588318608
𤘦	jie	2588277127
𤘧	gui	2588235646
𤘲	zhuang	2588194165
𤘵	hu	2588152684
𤘶	chou	2588111203
𤘷	shu	2588069722
𤘸	tao	2588028241
𤘹	pi	2587986760
𤘺	rong	2587945279
𤘻	rong	2587903798
𤘽	hou	2587862317
𤘾	peng	2587820836
𤙅	bai	2587779355
𤙇	xia	2587737874
𤙋	qin	2587696393
𤙌	ni	2587654912
𤙎	tao	2587613431
𤙏	qu	2587571950
𤙒	xie	2587530469
𤙔	zhao	2587488988
𤙕	hua	2587447507
𤙖	xin	2587406026
𤙘	shou	2587364545
𤙛	tu	2587323064
𤙝	liang	2587281583
𤙞	bi	2587240102
𤙟	chu	2587198621
𤙡	xing	2587157140
𤙣	xin	2587115659
𤙤	fu	2587074178
𤙩	jie	2587032697
𤙭	fu	2586991216
𤙰	te	2586949735
𤙱	she	2586908254
𤙴	chao	2586866773
𤙵	chui	2586825292
𤙼	ran	2586783811
𤙽	hou	2586742330
𤙾	beng	2586700849
𤚀	cai	2586659368
𤚅	mu	2586617887
𤚉	xu	2586576406
𤚊	die	2586534925
𤚍	chan	2586493444
𤚎	yu	2586451963
𤚏	zhong	2586410482
𤚓	li	2586369001
𤚔	shou	2586327520
𤚚	du	2586286039
𤚜	mao	2586244558
𤚝	huang	2586203077
𤚟	tao	2586161596
𤚡	du	2586120115
𤚢	ti	2586078634
𤚣	sheng	2586037153
𤚤	mei	2585995672
𤚨	zhen	2585954191
𤚩	qin	2585912710
𤚪	pi	2585871229
𤚫	tang	2585829748
𤚬	cang	2585788267
𤚭	yao	2585746786
𤚯	xiu	2585705305
𤚰	bang	2585663824
𤚱	gu	2585622343
𤚵	bu	2585580862
𤚼	gou	2585539381
𤚽	bo	2585497900
𤛁	wen	2585456419
𤛄	ji	2585414938
𤛊	la	2585373457
𤛍	cui	2585331976
𤛎	min	2585290495
𤛏	cu	2585249014
𤛐	ou	2585207533
𤛑	yong	2585166052
𤛖	mao	2585124571
𤛗	ke	2585083090
𤛘	mang	2585041609
𤛙	ding	2585000128
𤛚	huan	2584958647
𤛛	duo	2584917166
𤛜	jiang	2584875685
𤛝	su	2584834204
𤛢	ceng	2584792723
𤛣	ta	2584751242
𤛥	huang	2584709761
𤛦	jue	2584668280
𤛧	xun	2584626799
𤛪	xiong	2584585318
𤛬	mi	2584543837
𤛭	qun	2584502356
𤛲	wei	2584460875
𤛷	se	2584419394
𤛻	zang	2584377913
𤜁	an	2584336432
𤜂	gui	2584294951
𤜂	wei	2584253470
𤜄	huai	2584211989
𤜇	zhan	2584170508
𤜉	ying	2584129027
𤜊	ge	2584087546
𤜋	hui	2584046065
𤜍	quan	2584004584
𤜓	lie	2583963103
𤜔	ju	2583921622
𤜕	ba	2583880141
𤜖	lei	2583838660
𤜘	man	2583797179
𤜙	ling	2583755698
𤜜	li	2583714217
𤜝	ji	2583672736
𤜡	hui	2583631255
𤜢	xin	2583589774
𤜣	she	2583548293
𤜣	shi	2583506812
𤜤	zhe	2583465331
𤜧	bo	2583423850
𤜫	cha	2583382369
𤜯	cha	2583340888
𤜰	jing	2583299407
𤜱	ba	2583257926
𤜲	bei	2583216445
𤜲	pei	2583174964
𤜷	hu	2583133483
𤜹	yu	2583092002
𤜻	bi	2583050521
𤜻	pi	2583009040
𤜼	chuan	2582967559
𤜾	ji	2582926078
𤝂	mu	2582884597
𤝄	mao	2582843116
𤝅	zhong	2582801635
𤝇	ye	2582760154
𤝈	dou	2582718673
𤝉	ye	2582677192
𤝍	ri	2582635711
𤝎	yin	2582594230
𤝐	hao	2582552749
𤝒	na	2582511268
𤝓	tie	2582469787
𤝔	chai	2582428306
𤝔	fu	2582386825
𤝕	mu	2582345344
𤝖	zai	2582303863
𤝘	hu	2582262382
𤝚	chen	2582220901
𤝛	tuo	2582179420
𤝞	chu	2582137939
𤝟	fei	2582096458
𤝟	fu	2582054977
𤝧	bao	2582013496
𤝬	di	2581972015
𤝭	cai	2581930534
𤝮	lu	2581889053
𤝯	po	2581847572
𤝰	da	2581806091
𤝱	ye	2581764610
𤝳	yi	2581723129
𤝷	xiang	2581681648
𤝸	bi	2581640167
𤝹	zhu	2581598686
𤝻	yi	2581557205
𤝽	lv	2581515724
𤝿	kuang	2581474243
𤞂	zhi	2581432762
𤞇	kuang	2581391281
𤞇	wa	2581349800
𤞈	di	2581308319
𤞉	shu	2581266838
𤞊	lie	2581225357
𤞋	zao	2581183876
𤞌	zhi	2581142395
𤞍	nao	2581100914
𤞗	chai	2581059433
𤞚	xiao	2581017952
𤞛	zang	2580976471
𤞞	yu	2580934990
𤞟	dou	2580893509
𤞠	cha	2580852028
𤞡	xie	2580810547
𤞢	yang	2580769066
𤞥	bao	2580727585
𤞮	zhai	2580686104
𤞰	qiu	2580644623
𤞲	hu	2580603142
𤞳	zai	2580561661
𤞴	jue	2580520180
𤞶	han	2580478699
𤞿	an	2580437218
𤟀	zao	2580395737
𤟃	sha	2580354256
𤟅	xian	2580312775
𤟆	chi	2580271294
𤟇	yan	2580229813
𤟉	an	2580188332
𤟍	zhe	2580146851
𤟎	jue	2580105370
𤟑	li	2580063889
𤟓	le	2580022408
𤟖	cai	2579980927
𤟘	lu	2579939446
𤟚	jia	2579897965
𤟝	xia	2579856484
𤟞	xiao	2579815003
𤟟	yan	2579773522
𤟠	xu	2579732041
𤟢	dun	2579690560
𤟣	ying	2579649079
𤟥	ti	2579607598
𤟦	nou	2579566117
𤟧	xi	2579524636
𤟪	tu	2579483155
𤟷	wai	2579441674
𤟸	chen	2579400193
𤟼	hong	2579358712
𤟾	ti	2579317231
𤟿	xuan	2579275750
𤠀	za	2579234269
𤠇	ge	2579192788
𤠌	chai	2579151307
𤠍	pan	2579109826
𤠎	ji	2579068345
𤠐	ta	2579026864
𤠓	xi	2578985383
𤠖	xiao	2578943902
𤠘	sao	2578902421
𤠙	jia	2578860940
𤠚	su	2578819459
𤠛	huang	2578777978
𤠝	cuo	2578736497
𤠟	ta	2578695016
𤠠	shuai	2578653535
𤠪	fu	2578612054
𤠫	li	2578570573
𤠭	she	2578529092
𤠯	tang	2578487611
𤠶	dian	2578446130
𤠺	bi	2578404649
𤠼	gou	2578363168
𤠽	cu	2578321687
𤠿	qian	2578280206
𤡂	lei	2578238725
𤡃	su	2578197244
𤡆	zong	2578155763
𤡇	hao	2578114282
𤡏	chi	2578072801
𤡐	cao	2578031320
𤡓	wo	2577989839
𤡔	xiao	2577948358
𤡕	lie	2577906877
𤡕	wen	2577865396
𤡖	yan	2577823915
𤡝	bi	2577782434
𤡟	huan	2577740953
𤡡	xi	2577699472
𤡢	chi	2577657991
𤡣	xu	2577616510
𤡤	na	2577575029
𤡤	nao	2577533548
𤡤	ru	2577492067
𤡥	xian	2577450586
𤡥	yan	2577409105
𤡧	xie	2577367624
𤡨	zha	2577326143
𤡪	sui	2577284662
𤡪	wei	2577243181
𤡬	xi	2577201700
𤡭	beng	2577160219
𤡭	peng	2577118738
𤡮	ran	2577077257
𤡯	que	2577035776
𤡯	shuo	2576994295
𤡯	xi	2576952814
𤡰	ban	2576911333
𤡱	gui	2576869852
𤡳	chen	2576828371
𤡶	xu	2576786890
𤡾	e	2576745409
𤡿	li	2576703928
𤢀	xi	2576662447
𤢁	huan	2576620966
𤢂	su	2576579485
𤢄	chang	2576538004
𤢊	lu	2576496523
𤢋	yan	2576455042
𤢎	dang	2576413561
𤢏	dan	2576372080
𤢐	yang	2576330599
𤢒	zhai	2576289118
𤢓	ju	2576247637
𤢓	qu	2576206156
𤢕	duo	2576164675
𤢖	sao	2576123194
𤢖	shan	2576081713
𤢗	lai	2576040232
𤢘	su	2575998751
𤢣	bi	2575957270
𤢦	yin	2575915789
𤢨	hao	2575874308
𤢪	lie	2575832827
𤢭	hao	2575791346
𤢮	yang	2575749865
𤢴	li	2575708384
𤢴	shuo	2575666903
𤢵	ai	2575625422
𤢶	qiong	2575583941
𤢹	lei	2575542460
𤢺	xie	2575500979
𤢼	shi	2575459498
𤣃	lu	2575418017
𤣅	que	2575376536
𤣆	lian	2575335055
𤣌	xiao	2575293574
𤣑	xie	2575252093
𤣘	ling	2575210612
𤣙	you	2575169131
𤣞	dang	2575127650
𤣟	lan	2575086169
𤣠	xiao	2575044688
𤣨	yi	2575003207
𤣬	wu	2574961726
𤣮	yi	2574920245
𤣯	tuo	2574878764
𤣰	bu	2574837283
𤣲	xin	2574795802
𤣵	si	2574754321
𤣶	jin	2574712840
𤣸	ba	2574671359
𤣹	fa	2574629878
𤣻	mo	2574588397
𤣼	ruo	2574546916
𤤊	da	2574505435
𤤋	ji	2574463954
𤤐	su	2574422473
𤤑	qiong	2574380992
𤤒	ba	2574339511
𤤦	tian	2574298030
𤤧	you	2574256549
𤤩	tuo	2574215068
𤤫	wai	2574173587
𤤬	you	2574132106
𤤮	dong	2574090625
𤤱	xi	2574049144
𤤲	kong	2574007663
𤤶	qiong	2573966182
𤤷	dui	2573924701
𤤸	duo	2573883220
𤤺	yi	2573841739
𤥒	xi	2573800258
𤥓	qin	2573758777
𤥔	su	2573717296
𤥗	liu	2573675815
𤥙	wan	2573634334
𤥮	zhu	2573592853
𤥰	mao	2573551372
𤥷	quan	2573509891
𤥽	yu	2573468410
𤥿	yi	2573426929
𤦃	lai	2573385448
𤦄	zhi	2573343967
𤦤	ni	2573302486
𤦦	ban	2573261005
𤦪	dong	2573219524
𤦮	zhi	2573178043
𤧕	yi	2573136562
𤧘	ling	2573095081
𤧙	yu	2573053600
𤧚	cong	2573012119
𤧛	di	2572970638
𤧜	zhi	2572929157
𤧠	ruan	2572887676
𤧣	jian	2572846195
𤧩	wan	2572804714
𤧫	dui	2572763233
𤧫	jin	2572721752
𤧭	pang	2572680271
𤨍	lu	2572638790
𤨎	qu	2572597309
𤨐	tao	2572555828
𤨐	xi	2572514347
𤨑	da	2572472866
𤨖	hu	2572431385
𤨗	luo	2572389904
𤨙	le	2572348423
𤨶	gong	2572306942
𤨻	ling	2572265461
𤩄	zhuan	2572223980
𤩨	zao	2572182499
𤩩	hao	2572141018
𤩪	xiang	2572099537
𤩭	hao	2572058056
𤩮	li	2572016575
𤩱	dian	2571975094
𤩱	tian	2571933613
𤩲	ge	2571892132
𤪄	e	2571850651
𤪆	xia	2571809170
𤪋	jian	2571767689
𤪌	qi	2571726208
𤪍	xia	2571684727
𤪎	you	2571643246
𤪡	zheng	2571601765
𤪪	chun	2571560284
𤪪	zhuan	2571518803
𤪮	chan	2571477322
𤫉	xie	2571435841
𤫕	nao	2571394360
𤫝	ji	2571352879
𤫞	tian	2571311398
𤫣	yan	2571269917
𤫧	hao	2571228436
𤫨	xin	2571186955
𤫫	ban	2571145474
𤫬	beng	2571103993
𤫱	gou	2571062512
𤫲	ling	2571021031
𤫵	guo	2570979550
𤫵	kuo	2570938069
𤫶	qia	2570896588
𤫷	jiao	2570855107
𤫹	en	2570813626
𤫺	yao	2570772145
𤫻	du	2570730664
𤬁	guo	2570689183
𤬁	huo	2570647702
𤬁	luo	2570606221
𤬂	du	2570564740
𤬃	pei	2570523259
𤬌	yuan	2570481778
𤬐	xing	2570440297
𤬓	lian	2570398816
𤬔	yao	2570357335
𤬕	xi	2570315854
𤬖	yao	2570274373
𤬘	xi	2570232892
𤬛	lu	2570191411
𤬝	yan	2570149930
𤬠	quan	2570108449
𤬥	rang	2570066968
𤬦	wa	2570025487
𤬧	zu	2569984006
𤬨	fan	2569942525
𤬩	yi	2569901044
𤬪	du	2569859563
𤬪	kan	2569818082
𤬫	sui	2569776601
𤬭	pi	2569735120
𤬯	han	2569693639
𤬯	qian	2569652158
𤬱	xu	2569610677
𤬳	gong	2569569196
𤬵	di	2569527715
𤬷	na	2569486234
𤬾	duo	2569444753
𤬾	tuo	2569403272
𤬿	wa	2569361791
𤭂	nie	2569320310
𤭈	diao	2569278829
𤭉	huang	2569237348
𤭌	ti	2569195867
𤭍	fan	2569154386
𤭑	wu	2569112905
𤭒	ang	2569071424
𤭔	ping	2569029943
𤭙	gan	2568988462
𤭙	han	2568946981
𤭛	gang	2568905500
𤭜	li	2568864019
𤭞	dun	2568822538
𤭟	fu	2568781057
𤭠	na	2568739576
𤭢	cei	2568698095
𤭢	sui	2568656614
𤭧	jie	2568615133
𤭩	qing	2568573652
𤭫	ying	2568532171
𤭬	xiang	2568490690
𤭱	hu	2568449209
𤭴	su	2568407728
𤭻	ge	2568366247
𤭼	e	2568324766
𤭽	xu	2568283285
𤮆	xi	2568241804
𤮊	kang	2568200323
𤮋	guo	2568158842
𤮌	jie	2568117361
𤮍	chuan	2568075880
𤮎	lei	2568034399
𤮏	heng	2567992918
𤮐	zun	2567951437
𤮕	pie	2567909956
𤮘	deng	2567868475
𤮙	xi	2567826994
𤮚	lei	2567785513
𤮜	shan	2567744032
𤮧	lu	2567702551
𤮩	dui	2567661070
𤮪	jun	2567619589
𤮭	chan	2567578108
𤮯	xie	2567536627
𤮰	wa	2567495146
𤮱	zhe	2567453665
𤮳	guan	2567412184
𤮳	zhuan	2567370703
𤮷	liu	2567329222
𤮸	lei	2567287741
𤮼	dai	2567246260
𤮽	gan	2567204779
𤯄	shi	2567163298
𤯇	yan	2567121817
𤯌	gan	2567080336
𤯐	yan	2567038855
𤯖	sui	2566997374
𤯚	zhong	2566955893
𤯜	shi	2566914412
𤯡	sheng	2566872931
𤯥	chan	2566831450
𤯷	huang	2566789969
𤯸	yin	2566748488
𤯻	meng	2566707007
𤰂	rang	2566665526
𤰅	xiang	2566624045
𤰈	bei	2566582564
𤰈	fu	2566541083
𤰌	chuan	2566499602
𤰑	pu	2566458121
𤰙	ge	2566416640
𤰙	ke	2566375159
𤰚	la	2566333678
𤰝	quan	2566292197
𤰟	hang	2566250716
𤰠	chi	2566209235
𤰡	mang	2566167754
𤰦	zha	2566126273
𤰪	fen	2566084792
𤰬	chao	2566043311
𤰳	jing	2566001830
𤱃	lie	2565960349
𤱅	na	2565918868
𤱆	na	2565877387
𤱇	tong	2565835906
𤱋	ran	2565794425
𤱌	zu	2565752944
𤱍	pi	2565711463
𤱍	po	2565669982
𤱎	you	2565628501
𤱐	shu	2565587020
𤱛	lie	2565545539
𤱜	shou	2565504058
𤱝	tuan	2565462577
𤱟	gao	2565421096
𤱠	shao	2565379615
𤱡	tuo	2565338134
𤱣	nan	2565296653
𤱧	tuo	2565255172
𤱨	gong	2565213691
𤱩	diao	2565172210
𤱴	meng	2565130729
𤱵	bang	2565089248
𤱷	xie	2565047767
𤱸	si	2565006286
𤱹	ting	2564964805
𤱺	gui	2564923324
𤱽	fu	2564881843
𤱾	gui	2564840362
𤲉	gui	2564798881
𤲑	zhu	2564757400
𤲕	lun	2564715919
𤲖	tian	2564674438
𤲗	ran	2564632957
𤲚	dong	2564591476
𤲨	juan	2564549995
𤲩	yan	2564508514
𤲬	ruan	2564467033
𤲭	dan	2564425552
𤲰	mao	2564384071
𤲶	luan	2564342590
𤲶	niao	2564301109
𤲸	xu	2564259628
𤲸	zi	2564218147
𤲺	xi	2564176666
𤳂	ma	2564135185
𤳃	qi	2564093704
𤳅	cha	2564052223
𤳈	shang	2564010742
𤳉	han	2563969261
𤳊	ping	2563927780
𤳎	ji	2563886299
𤳓	li	2563844818
𤳕	yu	2563803337
𤳖	ban	2563761856
𤳖	fan	2563720375
𤳘	teng	2563678894
𤳝	chou	2563637413
𤳠	chou	2563595932
𤳤	qi	2563554451
𤳥	xi	2563512970
𤳦	bei	2563471489
𤳪	ye	2563430008
𤳭	guang	2563388527
𤳯	zhu	2563347046
𤳳	hui	2563305565
𤳳	lei	2563264084
𤳴	lei	2563222603
𤳵	cha	2563181122
𤴀	guang	2563139641
𤴀	qiao	2563098160
𤴍	die	2563056679
𤴓	ya	2563015198
𤴘	nie	2562973717
𤴙	shu	2562932236
𤴙	xu	2562890755
𤴛	zhi	2562849274
𤴟	zhi	2562807793
𤴢	zhi	2562766312
𤴣	pi	2562724831
𤴥	jiu	2562683350
𤴦	jiu	2562641869
𤴧	yi	2562600388
𤴨	you	2562558907
𤴪	jiu	2562517426
𤴯	huan	2562475945
𤴱	du	2562434464
𤴻	tao	2562392983
𤴼	ci	2562351502
𤴼	qie	2562310021
𤴽	qin	2562268540
𤴾	xin	2562227059
𤴿	chan	2562185578
𤵀	ji	2562144097
𤵂	qin	2562102616
𤵊	du	2562061135
𤵋	zhi	2562019654
𤵎	ou	2561978173
𤵐	wu	2561936692
𤵒	wen	2561895211
𤵘	bi	2561853730
𤵛	bei	2561812249
𤵝	mu	2561770768
𤵞	jin	2561729287
𤵟	tao	2561687806
𤵠	liao	2561646325
𤵥	cao	2561604844
𤵥	zhou	2561563363
𤵦	zha	2561521882
𤵬	chi	2561480401
𤵭	ya	2561438920
𤵮	kui	2561397439
𤵯	yin	2561355958
𤵸	long	2561314477
𤵸	pang	2561272996
𤵹	qia	2561231515
𤵻	hang	2561190034
𤵼	shang	2561148553
𤵽	hai	2561107072
𤵾	cha	2561065591
𤶀	jiao	2561024110
𤶁	lao	2560982629
𤶈	xi	2560941148
𤶋	bo	2560899667
𤶓	zhi	2560858186
𤶕	tun	2560816705
𤶖	fu	2560775224
𤶘	hu	2560733743
𤶚	nie	2560692262
𤶛	yi	2560650781
𤶜	zhuang	2560609300
𤶠	cha	2560567819
𤶤	suan	2560526338
𤶮	du	2560484857
𤶰	xi	2560443376
𤶱	chuan	2560401895
𤶲	xing	2560360414
𤶳	jiao	2560318933
𤶴	shen	2560277452
𤶸	na	2560235971
𤷀	wang	2560194490
𤷁	bei	2560153009
𤷂	fei	2560111528
𤷄	quan	2560070047
𤷅	ya	2560028566
𤷅	yi	2559987085
𤷆	dong	2559945604
𤷇	xu	2559904123
𤷈	na	2559862642
𤷈	nie	2559821161
𤷉	ji	2559779680
𤷌	zhen	2559738199
𤷍	qi	2559696718
𤷎	dui	2559655237
𤷏	yin	2559613756
𤷑	jiu	2559572275
𤷒	bei	2559530794
𤷒	bi	2559489313
𤷒	pi	2559447832
𤷓	xin	2559406351
𤷔	lun	2559364870
𤷕	cai	2559323389
𤷖	ling	2559281908
𤷗	bie	2559240427
𤷘	dao	2559198946
𤷙	de	2559157465
𤷟	la	2559115984
𤷡	nve	2559074503
𤷡	xi	2559033022
𤷢	ju	2558991541
𤷤	xiao	2558950060
𤷦	jing	2558908579
𤷪	meng	2558867098
𤷹	wai	2558825617
𤷻	nao	2558784136
𤷼	xiang	2558742655
𤷾	qie	2558701174
𤷿	tu	2558659693
𤸀	xu	2558618212
𤸁	hui	2558576731
𤸅	min	2558535250
𤸆	wei	2558493769
𤸈	you	2558452288
𤸉	tui	2558410807
𤸊	dai	2558369326
𤸎	hai	2558327845
𤸎	ke	2558286364
𤸏	na	2558244883
𤸏	nie	2558203402
𤸒	yu	2558161921
𤸓	zhi	2558120440
𤸕	han	2558078959
𤸖	ai	2558037478
𤸗	fu	2557995997
𤸡	yang	2557954516
𤸤	shi	2557913035
𤸦	chan	2557871554
𤸪	chi	2557830073
𤸬	shuai	2557788592
𤸮	su	2557747111
𤸯	sang	2557705630
𤸱	e	2557664149
𤸱	kai	2557622668
𤸱	ke	2557581187
𤸱	ya	2557539706
𤸲	zheng	2557498225
𤸳	ai	2557456744
𤸴	suo	2557415263
𤸵	bu	2557373782
𤸷	qun	2557332301
𤸸	yi	2557290820
𤸹	yan	2557249339
𤸻	na	2557207858
𤸼	wu	2557166377
𤹇	li	2557124896
𤹈	li	2557083415
𤹊	xi	2557041934
𤹋	jue	2557000453
𤹌	shi	2556958972
𤹎	ya	2556917491
𤹛	chen	2556876010
𤹜	ying	2556834529
𤹝	bi	2556793048
𤹞	che	2556751567
𤹡	zha	2556710086
𤹢	tuo	2556668605
𤹣	hu	2556627124
𤹤	teng	2556585643
𤹥	ying	2556544162
𤹦	bi	2556502681
𤹧	ning	2556461200
𤹨	lian	2556419719
𤹩	xin	2556378238
𤹪	yu	2556336757
𤹲	bei	2556295276
𤹴	mo	2556253795
𤹵	dui	2556212314
𤹷	dao	2556170833
𤹸	qi	2556129352
𤺀	shuai	2556087871
𤺃	jiao	2556046390
𤺃	xiao	2556004909
𤺃	yao	2555963428
𤺄	tong	2555921947
𤺄	zhong	2555880466
𤺅	zhui	2555838985
𤺇	bian	2555797504
𤺊	si	2555756023
𤺊	xi	2555714542
𤺌	deng	2555673061
𤺎	xie	2555631580
𤺏	pan	2555590099
𤺐	nie	2555548618
𤺓	bie	2555507137
𤺕	fei	2555465656
𤺖	min	2555424175
𤺗	ji	2555382694
𤺗	qi	2555341213
𤺧	zeng	2555299732
𤺪	shan	2555258251
𤺫	suo	2555216770
𤺷	ji	2555175289
𤺺	dan	2555133808
𤺺	tan	2555092327
𤺻	juan	2555050846
𤺼	lu	2555009365
𤺾	ao	2554967884
𤻂	yi	2554926403
𤻃	shu	2554884922
𤻄	sui	2554843441
𤻅	wei	2554801960
𤻆	wan	2554760479
𤻇	chu	2554718998
𤻌	wo	2554677517
𤻖	bi	2554636036
𤻘	yin	2554594555
𤻙	huo	2554553074
𤻢	ai	2554511593
𤻤	li	2554470112
𤻦	zhai	2554428631
𤻱	lu	2554387150
𤻶	bian	2554345669
𤻷	pan	2554304188
𤻿	gui	2554262707
𤼀	su	2554221226
𤼁	meng	2554179745
𤼂	xian	2554138264
𤼃	long	2554096783
𤼅	qi	2554055302
𤼋	chan	2554013821
𤼌	yi	2553972340
𤼍	hang	2553930859
𤼏	lian	2553889378
𤼐	guan	2553847897
𤼐	huan	2553806416
𤼒	hua	2553764935
𤼒	wei	2553723454
𤼗	jue	2553681973
𤼘	lei	2553640492
𤼙	luan	2553599011
𤼚	li	2553557530
𤼜	pi	2553516049
𤼢	huan	2553474568
𤼮	gui	2553433087
𤼳	ju	2553391606
𤼶	deng	2553350125
𤼺	fei	2553308644
𤽁	zhi	2553267163
𤽃	mei	2553225682
𤽅	huan	2553184201
𤽉	pa	2553142720
𤽊	bi	2553101239
𤽌	po	2553059758
𤽓	er	2553018277
𤽕	huan	2552976796
𤽣	chang	2552935315
𤽥	luo	2552893834
𤽦	fou	2552852353
𤽱	zu	2552810872
𤽲	nan	2552769391
𤽳	xiao	2552727910
𤽹	bai	2552686429
𤽺	lu	2552644948
𤽼	luo	2552603467
𤽿	nian	2552561986
𤾄	zhu	2552520505
𤾅	hu	2552479024
𤾈	hui	2552437543
𤾊	chou	2552396062
𤾑	huang	2552354581
𤾒	dou	2552313100
𤾛	miao	2552271619
𤾝	bo	2552230138
𤾠	di	2552188657
𤾢	deng	2552147176
𤾣	pu	2552105695
𤾥	song	2552064214
𤾦	chou	2552022733
𤾫	yao	2551981252
𤾬	meng	2551939771
𤾭	long	2551898290
𤾲	lian	2551856809
𤾵	bie	2551815328
𤾺	lv	2551773847
𤾿	se	2551732366
𤿀	zuo	2551690885
𤿄	cun	2551649404
𤿅	ling	2551607923
𤿆	zheng	2551566442
𤿇	pi	2551524961
𤿈	bao	2551483480
𤿋	que	2551441999
𤿎	pi	2551400518
𤿏	nan	2551359037
𤿐	pi	2551317556
𤿑	bo	2551276075
𤿒	bei	2551234594
𤿓	fa	2551193113
𤿕	min	2551151632
𤿖	mo	2551110151
𤿗	wa	2551068670
𤿘	zhao	2551027189
𤿙	pi	2550985708
𤿙	zhi	2550944227
𤿚	cu	2550902746
𤿟	xun	2550861265
𤿠	ji	2550819784
𤿡	gui	2550778303
𤿡	qi	2550736822
𤿣	cheng	2550695341
𤿧	han	2550653860
𤿨	xiao	2550612379
𤿩	que	2550570898
𤿫	chuo	2550529417
𤿭	fu	2550487936
𤿳	qin	2550446455
𤿴	lu	2550404974
𤿵	que	2550363493
𤿶	dian	2550322012
𤿷	qian	2550280531
𤿼	chang	2550239050
𤿽	ta	2550197569
𤿾	bei	2550156088
𥀁	du	2550114607
𥀂	bang	2550073126
𥀂	beng	2550031645
𥀃	hou	2549990164
𥀈	zha	2549948683
𥀉	zha	2549907202
𥀎	que	2549865721
𥀏	ma	2549824240
𥀐	han	2549782759
𥀓	liu	2549741278
𥀔	lu	2549699797
𥀖	zi	2549658316
𥀘	pi	2549616835
𥀙	zhou	2549575354
𥀛	zao	2549533873
𥀝	niu	2549492392
𥀠	hui	2549450911
𥀣	qiao	2549409430
𥀣	xue	2549367949
𥀥	la	2549326468
𥀫	nou	2549284987
𥀫	ran	2549243506
𥀭	ran	2549202025
𥀮	nao	2549160544
𥀰	la	2549119063
𥀱	guang	2549077582
𥀵	lu	2549036101
𥀹	jian	2548994620
𥀺	xie	2548953139
𥀻	qi	2548911658
𥀾	xiang	2548870177
𥁁	guo	2548828696
𥁂	jie	2548787215
𥁃	mang	2548745734
𥁆	xia	2548704253
𥁇	kui	2548662772
𥁎	yong	2548621291
𥁐	hai	2548579810
𥁑	mi	2548538329
𥁒	yao	2548496848
𥁕	wen	2548455367
𥁟	li	2548413886
𥁠	juan	2548372405
𥁠	quan	2548330924
𥁡	wu	2548289443
𥁮	diao	2548247962
𥁯	chu	2548206481
𥁯	chuo	2548165000
𥁲	suo	2548123519
𥁵	chong	2548082038
𥁸	quan	2548040557
𥁹	she	2547999076
𥂁	yan	2547957595
𥂂	meng	2547916114
𥂃	ju	2547874633
𥂋	tu	2547833152
𥂒	nong	2547791671
𥂓	mo	2547750190
𥂙	fen	2547708709
𥂢	ao	2547667228
𥂣	guo	2547625747
𥂤	hu	2547584266
𥂥	can	2547542785
𥂦	dun	2547501304
𥂧	hai	2547459823
𥂨	jiao	2547418342
𥂰	gu	2547376861
𥂵	jin	2547335380
𥃀	cha	2547293899
𥃌	hui	2547252418
𥃔	qu	2547210937
𥃕	ke	2547169456
𥃟	qing	2547127975
𥃠	yi	2547086494
𥃣	kai	2547045013
𥃤	jiao	2547003532
𥃧	chou	2546962051
𥃧	jiao	2546920570
𥃧	yao	2546879089
𥃨	bu	2546837608
𥃩	gen	2546796127
𥃩	yan	2546754646
𥃪	jiao	2546713165
𥃫	zhi	2546671684
𥃮	wen	2546630203
𥃰	bin	2546588722
𥃴	xiong	2546547241
𥃵	fan	2546505760
𥃸	yi	2546464279
𥃹	chuan	2546422798
𥃺	yao	2546381317
𥃽	yang	2546339836
𥃾	du	2546298355
𥃿	yan	2546256874
𥄁	meng	2546215393
𥄇	chi	2546173912
𥄇	hun	2546132431
𥄈	mu	2546090950
𥄉	jiao	2546049469
𥄋	nv	2546007988
𥄍	guo	2545966507
𥄎	xue	2545925026
𥄑	fu	2545883545
𥄒	xue	2545842064
𥄓	fu	2545800583
𥄔	pei	2545759102
𥄔	po	2545717621
𥄕	mo	2545676140
𥄖	xi	2545634659
𥄗	nai	2545593178
𥄗	wo	2545551697
𥄘	shan	2545510216
𥄛	xi	2545468735
𥄜	qi	2545427254
𥄝	mian	2545385773
𥄦	dan	2545344292
𥄨	chou	2545302811
𥄫	ji	2545261330
𥄱	fei	2545219849
𥄲	mie	2545178368
𥄴	jue	2545136887
𥄴	xue	2545095406
𥄵	xu	2545053925
𥄵	yu	2545012444
𥄶	si	2544970963
𥄷	ju	2544929482
𥄸	mao	2544888001
𥄹	bao	2544846520
𥄻	yi	2544805039
𥄼	gua	2544763558
𥄽	ni	2544722077
𥄿	di	2544680596
𥄿	yi	2544639115
𥅁	zuo	2544597634
𥅄	nu	2544556153
𥅈	li	2544514672
𥅑	dian	2544473191
𥅒	fan	2544431710
𥅓	yi	2544390229
𥅔	shi	2544348748
𥅗	cu	2544307267
𥅘	mi	2544265786
𥅘	zhen	2544224305
𥅞	shi	2544182824
𥅟	jiao	2544141343
𥅠	hou	2544099862
𥅡	er	2544058381
𥅦	lei	2544016900
𥅧	xue	2543975419
𥅨	geng	2543933938
𥅪	shou	2543892457
𥅬	juan	2543850976
𥅵	wei	2543809495
𥅷	shou	2543768014
𥅸	jing	2543726533
𥅺	xu	2543685052
𥅻	chong	2543643571
𥅾	chuang	2543602090
𥆅	jiang	2543560609
𥆆	mou	2543519128
𥆉	yu	2543477647
𥆌	jue	2543436166
𥆑	ting	2543394685
𥆔	xiao	2543353204
𥆖	dou	2543311723
𥆘	guo	2543270242
𥆙	mang	2543228761
𥆚	wang	2543187280
𥆛	xu	2543145799
𥆜	wang	2543104318
𥆝	suo	2543062837
𥆞	juan	2543021356
𥆟	yue	2542979875
𥆡	han	2542938394
𥆣	shen	2542896913
𥆥	xie	2542855432
𥆦	liu	2542813951
𥆯	bi	2542772470
𥆲	nao	2542730989
𥆶	wan	2542689508
𥆷	jiu	2542648027
𥆸	que	2542606546
𥇄	ni	2542565065
𥇆	mi	2542523584
𥇇	suo	2542482103
𥇉	qiang	2542440622
𥇌	han	2542399141
𥇌	qia	2542357660
𥇍	zhuo	2542316179
𥇎	mi	2542274698
𥇏	xu	2542233217
𥇑	lang	2542191736
𥇒	jie	2542150255
𥇓	ding	2542108774
𥇕	zhi	2542067293
𥇖	fei	2542025812
𥇗	jia	2541984331
𥇘	jun	2541942850
𥇙	huo	2541901369
𥇚	qi	2541859888
𥇛	ju	2541818407
𥇛	xi	2541776926
𥇜	guo	2541735445
𥇜	zhun	2541693964
𥇞	dian	2541652483
𥇟	jiao	2541611002
𥇠	ya	2541569521
𥇭	zhi	2541528040
𥇯	mai	2541486559
𥇰	hu	2541445078
𥇱	xie	2541403597
𥇲	shi	2541362116
𥇳	gui	2541320635
𥇿	xu	2541279154
𥈂	ji	2541237673
𥈄	chuang	2541196192
𥈆	mao	2541154711
𥈇	ruan	2541113230
𥈈	xu	2541071749
𥈉	huan	2541030268
𥈊	sha	2540988787
𥈋	ju	2540947306
𥈏	kuang	2540905825
𥈑	hou	2540864344
𥈒	guan	2540822863
𥈓	gua	2540781382
𥈕	mi	2540739901
𥈖	die	2540698420
𥈗	bi	2540656939
𥈘	liang	2540615458
𥈙	la	2540573977
𥈚	shan	2540532496
𥈛	lu	2540491015
𥈜	xi	2540449534
𥈟	sou	2540408053
𥈬	ou	2540366572
𥈮	leng	2540325091
𥈷	ku	2540283610
𥈸	gui	2540242129
𥈻	xi	2540200648
𥈼	pan	2540159167
𥈽	se	2540117686
𥈾	jue	2540076205
𥈿	hong	2540034724
𥉀	guan	2539993243
𥉁	ju	2539951762
𥉃	nai	2539910281
𥉄	hua	2539868800
𥉅	ge	2539827319
𥉆	li	2539785838
𥉇	gou	2539744357
𥉈	ti	2539702876
𥉊	ma	2539661395
𥉋	teng	2539619914
𥉌	da	2539578433
𥉐	qi	2539536952
𥉑	he	2539495471
𥉑	yu	2539453990
𥉒	jiao	2539412509
𥉓	mie	2539371028
𥉔	geng	2539329547
𥉕	meng	2539288066
𥉖	wei	2539246585
𥉘	ti	2539205104
𥉙	qi	2539163623
𥉜	chen	2539122142
𥉝	dou	2539080661
𥉟	pan	2539039180
𥉰	han	2538997699
𥉰	qia	2538956218
𥉴	mi	2538914737
𥉵	ma	2538873256
𥉶	lu	2538831775
𥉷	qi	2538790294
𥉺	die	2538748813
𥉻	qi	2538707332
𥉼	jiao	2538665851
𥉽	kang	2538624370
𥉾	qiao	2538582889
𥉿	mi	2538541408
𥊀	san	2538499927
𥊀	shan	2538458446
𥊇	jian	2538416965
𥊈	li	2538375484
𥊉	ke	2538334003
𥊊	xu	2538292522
𥊑	man	2538251041
𥊒	feng	2538209560
𥊓	chan	2538168079
𥊔	hui	2538126598
𥊧	kou	2538085117
𥊪	wei	2538043636
𥊫	guan	2538002155
𥊬	ji	2537960674
𥊭	zun	2537919193
𥊮	huo	2537877712
𥊯	xie	2537836231
𥊴	sui	2537794750
𥊶	ruan	2537753269
𥊸	te	2537711788
𥊼	zheng	2537670307
𥊽	kun	2537628826
𥊾	xiang	2537587345
𥊿	mian	2537545864
𥋁	xi	2537504383
𥋌	sa	2537462902
𥋙	e	2537421421
𥋚	mie	2537379940
𥋛	zhu	2537338459
𥋜	zou	2537296978
𥋡	tang	2537255497
𥋣	jia	2537214016
𥋤	chang	2537172535
𥋥	ji	2537131054
𥋮	zhuo	2537089573
𥋿	he	2537048092
𥌀	cha	2537006611
𥌁	qi	2536965130
𥌂	mian	2536923649
𥌄	ku	2536882168
𥌅	ye	2536840687
𥌆	zhou	2536799206
𥌈	jian	2536757725
𥌊	pan	2536716244
𥌍	hui	2536674763
𥌏	ming	2536633282
𥌐	liu	2536591801
𥌘	shui	2536550320
𥌛	li	2536508839
𥌞	shuo	2536467358
𥌟	yi	2536425877
𥌤	li	2536384396
𥌨	mie	2536342915
𥌨	xie	2536301434
𥌩	te	2536259953
𥌪	xiu	2536218472
𥌭	xuan	2536176991
𥌮	li	2536135510
𥌯	meng	2536094029
𥌰	wei	2536052548
𥌱	meng	2536011067
𥌺	yao	2535969586
𥌻	lan	2535928105
𥌼	ling	2535886624
𥌽	ying	2535845143
𥌾	ying	2535803662
𥌿	li	2535762181
𥍀	jian	2535720700
𥍁	gui	2535679219
𥍅	guan	2535637738
𥍆	xie	2535596257
𥍉	she	2535554776
𥍋	hui	2535513295
𥍋	xie	2535471814
𥍋	zui	2535430333
𥍓	kan	2535388852
𥍓	yan	2535347371
𥍔	lei	2535305890
𥍚	bian	2535264409
𥍝	shu	2535222928
𥍞	nv	2535181447
𥍟	xu	2535139966
𥍟	yi	2535098485
𥍣	hao	2535057004
𥍨	gui	2535015523
𥍪	zhai	2534974042
𥍫	lang	2534932561
𥍬	cuan	2534891080
𥍭	zhi	2534849599
𥍮	feng	2534808118
𥍯	qin	2534766637
𥍱	ze	2534725156
𥍲	na	2534683675
𥍳	niu	2534642194
𥍴	yi	2534600713
𥍷	cong	2534559232
𥍸	shi	2534517751
𥍹	jian	2534476270
𥍺	zong	2534434789
𥍻	yan	2534393308
𥍼	ying	2534351827
𥎀	ruan	2534310346
𥎂	rong	2534268865
𥎃	xi	2534227384
𥎅	guan	2534185903
𥎆	kai	2534144422
𥎈	wu	2534102941
𥎊	qin	2534061460
𥎋	cong	2534019979
𥎍	ze	2533978498
𥎎	xie	2533937017
𥎐	yu	2533895536
𥎑	zan	2533854055
𥎒	chuang	2533812574
𥎓	li	2533771093
𥎔	li	2533729612
𥎕	xu	2533688131
𥎖	mi	2533646650
𥎗	xu	2533605169
𥎘	ruan	2533563688
𥎛	gui	2533522207
𥎜	rong	2533480726
𥎟	mao	2533439245
𥎡	qin	2533397764
𥎢	cuan	2533356283
𥎣	cuan	2533314802
𥎤	cuan	2533273321
𥎮	wu	2533231840
𥎰	fa	2533190359
𥎱	ba	2533148878
𥎸	qia	2533107397
𥎹	zhi	2533065916
𥎺	tiao	2533024435
𥏄	zhi	2532982954
𥏅	zhi	2532941473
𥏇	huan	2532899992
𥏈	chou	2532858511
𥏊	zhi	2532817030
𥏎	ying	2532775549
𥏒	wu	2532734068
𥏓	bei	2532692587
𥏕	hong	2532651106
𥏖	shen	2532609625
𥏘	jue	2532568144
𥏙	kui	2532526663
𥏜	yi	2532485182
𥏠	bi	2532443701
𥏤	kua	2532402220
𥏥	qian	2532360739
𥏨	zhao	2532319258
𥏪	kai	2532277777
𥏫	shang	2532236296
𥏮	an	2532194815
𥏯	zhe	2532153334
𥏰	zhi	2532111853
𥏷	zhi	2532070372
𥏹	jiao	2532028891
𥐀	si	2531987410
𥐁	pu	2531945929
𥐂	ou	2531904448
𥐊	zhuo	2531862967
𥐑	ying	2531821486
𥐓	huan	2531780005
𥐕	ya	2531738524
𥐘	shi	2531697043
𥐙	ba	2531655562
𥐙	pa	2531614081
𥐚	pu	2531572600
𥐞	mang	2531531119
𥐩	yun	2531489638
𥐬	gu	2531448157
𥐹	dan	2531406676
𥐽	zhe	2531365195
𥐿	hu	2531323714
𥑅	keng	2531282233
𥑇	die	2531240752
𥑈	ting	2531199271
𥑋	guai	2531157790
𥑎	qiong	2531116309
𥑏	shi	2531074828
𥑐	jia	2531033347
𥑑	ao	2530991866
𥑒	keng	2530950385
𥑒	na	2530908904
𥑓	pin	2530867423
𥑔	jia	2530825942
𥑡	zhe	2530784461
𥑢	bu	2530742980
𥑣	wo	2530701499
𥑥	cha	2530660018
𥑪	nao	2530618537
𥑫	kan	2530577056
𥑯	du	2530535575
𥑰	guai	2530494094
𥑱	qiong	2530452613
𥑳	rong	2530411132
𥑴	yi	2530369651
𥑵	dui	2530328170
𥑶	lei	2530286689
𥑸	zhou	2530245208
𥑹	kua	2530203727
𥑺	e	2530162246
𥑻	xian	2530120765
𥑼	dian	2530079284
𥑽	nuo	2530037803
𥑾	e	2529996322
𥑿	yong	2529954841
𥒀	wu	2529913360
𥒁	keng	2529871879
𥒓	zhi	2529830398
𥒗	zhi	2529788917
𥒘	xun	2529747436
𥒛	zheng	2529705955
𥒞	yang	2529664474
𥒠	huo	2529622993
𥒡	ji	2529581512
𥒢	li	2529540031
𥒢	nao	2529498550
𥒧	ya	2529457069
𥒨	lu	2529415588
𥒫	fu	2529374107
𥒬	san	2529332626
𥒭	chu	2529291145
𥒮	wei	2529249664
𥒰	fu	2529208183
𥒱	keng	2529166702
𥒲	si	2529125221
𥒳	kang	2529083740
𥒵	yi	2529042259
𥒶	hua	2529000778
𥒾	yu	2528959297
𥓃	li	2528917816
𥓆	lin	2528876335
𥓇	du	2528834854
𥓈	e	2528793373
𥓌	qiang	2528751892
𥓍	du	2528710411
𥓐	jie	2528668930
𥓑	chuo	2528627449
𥓒	kan	2528585968
𥓒	xian	2528544487
𥓖	gao	2528503006
𥓬	dao	2528461525
𥓰	hong	2528420044
𥓻	zong	2528378563
𥓾	qi	2528337082
𥓿	tuo	2528295601
𥔀	hong	2528254120
𥔁	pi	2528212639
𥔄	nie	2528171158
𥔇	kong	2528129677
𥔊	zhi	2528088196
𥔑	xiao	2528046715
𥔡	she	2528005234
𥔢	yu	2527963753
𥔣	jiang	2527922272
𥔩	qi	2527880791
𥔪	chen	2527839310
𥔫	sang	2527797829
𥔭	suo	2527756348
𥔮	qian	2527714867
𥔯	hui	2527673386
𥔱	shan	2527631905
𥔲	e	2527590424
𥔻	qiu	2527548943
𥔽	ke	2527507462
𥕀	weng	2527465981
𥕁	zi	2527424500
𥕂	ji	2527383019
𥕇	da	2527341538
𥕉	cuo	2527300057
𥕍	lou	2527258576
𥕎	kang	2527217095
𥕏	kuo	2527175614
𥕐	di	2527134133
𥕑	ju	2527092652
𥕑	qie	2527051171
𥕓	mo	2527009690
𥕖	guo	2526968209
𥕗	hong	2526926728
𥕘	chao	2526885247
𥕘	suo	2526843766
𥕙	hei	2526802285
𥕢	cao	2526760804
𥕣	zhe	2526719323
𥕦	gun	2526677842
𥕰	xu	2526636361
𥕱	peng	2526594880
𥕲	jue	2526553399
𥕵	gan	2526511918
𥕶	si	2526470437
𥕸	sui	2526428956
𥕹	que	2526387475
𥕻	wu	2526345994
𥕼	yan	2526304513
𥕽	peng	2526263032
𥕾	xiao	2526221551
𥕿	pan	2526180070
𥖍	la	2526138589
𥖗	beng	2526097108
𥖘	zhen	2526055627
𥖙	ji	2526014146
𥖜	jin	2525972665
𥖝	lian	2525931184
𥖞	ken	2525889703
𥖠	du	2525848222
𥖠	zhou	2525806741
𥖨	zao	2525765260
𥖪	le	2525723779
𥖫	qi	2525682298
𥖬	bing	2525640817
𥖵	yin	2525599336
𥖶	pin	2525557855
𥖻	sou	2525516374
𥖼	lv	2525474893
𥖾	di	2525433412
𥖿	du	2525391931
𥗀	liao	2525350450
𥗁	zhuo	2525308969
𥗊	chang	2525267488
𥗒	chen	2525226007
𥗓	ta	2525184526
𥗙	que	2525143045
𥗚	dao	2525101564
𥗝	rang	2525060083
𥗟	po	2525018602
𥗦	zhong	2524977121
𥗧	xie	2524935640
𥗪	jiang	2524894159
𥗫	qu	2524852678
𥗬	lei	2524811197
𥗭	ca	2524769716
𥗮	que	2524728235
𥗵	xiang	2524686754
𥗶	lei	2524645273
𥗿	la	2524603792
𥘁	la	2524562311
𥘄	yu	2524520830
𥘊	jiao	2524479349
𥘋	qin	2524437868
𥘌	ji	2524396387
𥘏	gan	2524354906
𥘒	yi	2524313425
𥘠	yi	2524271944
𥘡	zhi	2524230463
𥘤	biao	2524188982
𥘥	sheng	2524147501
𥘦	jiu	2524106020
𥘦	she	2524064539
𥘫	he	2524023058
𥘬	fu	2523981577
𥘮	ju	2523940096
𥙀	zuo	2523898615
𥙁	yi	2523857134
𥙆	xian	2523815653
𥙆	zhi	2523774172
𥙇	yi	2523732691
𥙉	si	2523691210
𥙉	tai	2523649729
𥙋	chui	2523608248
𥙎	mo	2523566767
𥙡	zhan	2523525286
𥙣	xun	2523483805
𥙦	ru	2523442324
𥙨	huo	2523400843
𥙬	shao	2523359362
𥙰	shou	2523317881
𥙾	you	2523276400
𥙿	yu	2523234919
𥚂	jun	2523193438
𥚉	zi	2523151957
𥚊	lu	2523110476
𥚚	chi	2523068995
𥚛	kun	2523027514
𥚠	zhun	2522986033
𥚦	hou	2522944552
𥚩	xu	2522903071
𥚾	zong	2522861590
𥚿	ying	2522820109
𥛂	zhu	2522778628
𥛅	liu	2522737147
𥛑	nu	2522695666
𥛘	bi	2522654185
𥛚	chi	2522612704
𥛜	zu	2522571223
𥛝	feng	2522529742
𥛞	lu	2522488261
𥛟	pu	2522446780
𥛥	zhuan	2522405299
𥛧	zhe	2522363818
𥛨	shi	2522322337
𥛩	yu	2522280856
𥛪	lu	2522239375
𥛫	liang	2522197894
𥛯	jue	2522156413
𥛰	liao	2522114932
𥛱	beng	2522073451
𥜃	yi	2522031970
𥜄	guan	2521990489
𥜌	ao	2521949008
𥜏	gui	2521907527
𥜒	yan	2521866046
𥜓	lan	2521824565
𥜖	bo	2521783084
𥜙	zan	2521741603
𥜚	you	2521700122
𥜥	yi	2521658641
𥜦	ni	2521617160
𥜦	xian	2521575679
𥜬	ni	2521534198
𥜬	xian	2521492717
𥜭	guo	2521451236
𥜮	jun	2521409755
𥜲	jian	2521368274
𥜲	xian	2521326793
𥜴	qian	2521285312
𥜵	que	2521243831
𥜶	kui	2521202350
𥝀	she	2521160869
𥝂	huo	2521119388
𥝄	wan	2521077907
𥝊	fei	2521036426
𥝋	fei	2520994945
𥝌	ji	2520953464
𥝍	wang	2520911983
𥝍	yu	2520870502
𥝑	zhi	2520829021
𥝒	gua	2520787540
𥝔	jie	2520746059
𥝕	mang	2520704578
𥝖	he	2520663097
𥝖	xie	2520621616
𥝘	you	2520580135
𥝟	du	2520538654
𥝠	si	2520497173
𥝠	xiu	2520455692
𥝢	li	2520414211
𥝥	jie	2520372730
𥝦	niu	2520331249
𥝧	ba	2520289768
𥝨	yu	2520248287
𥝮	zhi	2520206806
𥝸	he	2520165325
𥝹	ke	2520123844
𥝾	du	2520082363
𥝾	zha	2520040882
𥝿	jia	2519999401
𥞁	chen	2519957920
𥞃	chui	2519916439
𥞃	shu	2519874958
𥞄	he	2519833477
𥞅	zhai	2519791996
𥞊	mei	2519750515
𥞍	he	2519709034
𥞎	zi	2519667553
𥞏	zhu	2519626072
𥞒	tuo	2519584591
𥞘	zun	2519543110
𥞚	ru	2519501629
𥞛	duo	2519460148
𥞜	jiang	2519418667
𥞧	heng	2519377186
𥞩	beng	2519335705
𥞩	he	2519294224
𥞪	mi	2519252743
𥞪	mo	2519211262
𥞯	zu	2519169781
𥞲	bie	2519128300
𥞴	ku	2519086819
𥞺	zhuo	2519045338
𥞼	xiu	2519003857
𥟃	he	2518962376
𥟅	qiao	2518920895
𥟍	fei	2518879414
𥟎	sheng	2518837933
𥟒	zhui	2518796452
𥟓	kuan	2518754971
𥟔	ze	2518713490
𥟕	xian	2518672009
𥟗	bi	2518630528
𥟘	yi	2518589047
𥟚	chang	2518547566
𥟪	mao	2518506085
𥟶	wan	2518464604
𥟽	wu	2518423123
𥟾	ku	2518381642
𥟿	wo	2518340161
𥠀	xing	2518298680
𥠁	ke	2518257199
𥠃	jiu	2518215718
𥠄	duan	2518174237
𥠅	huan	2518132756
𥠈	ji	2518091275
𥠈	zhi	2518049794
𥠉	ce	2518008313
𥠊	rou	2517966832
𥠋	ji	2517925351
𥠍	ye	2517883870
𥠛	jing	2517842389
𥠜	yang	2517800908
𥠡	zong	2517759427
𥠩	can	2517717946
𥠱	si	2517676465
𥠲	li	2517634984
𥠳	gu	2517593503
𥠴	chang	2517552022
𥠶	fei	2517510541
𥠷	liu	2517469060
𥠹	jie	2517427579
𥠺	yun	2517386098
𥠽	zhi	2517344617
𥡀	chou	2517303136
𥡁	bie	2517261655
𥡒	ji	2517220174
𥡜	luo	2517178693
𥡜	sui	2517137212
𥡝	jian	2517095731
𥡝	qian	2517054250
𥡟	chuang	2517012769
𥡠	shuang	2516971288
𥡢	lv	2516929807
𥡣	jun	2516888326
𥡤	jiao	2516846845
𥡦	di	2516805364
𥡦	ti	2516763883
𥡧	zha	2516722402
𥡪	yi	2516680921
𥡬	cong	2516639440
𥡭	nei	2516597959
𥡮	jia	2516556478
𥡴	ji	2516514997
𥡽	ai	2516473516
𥢇	jian	2516432035
𥢌	fan	2516390554
𥢍	sui	2516349073
𥢎	zun	2516307592
𥢏	dian	2516266111
𥢐	gao	2516224630
𥢑	gao	2516183149
𥢑	hao	2516141668
𥢒	lao	2516100187
𥢔	zhao	2516058706
𥢔	zhuo	2516017225
𥢟	hu	2515975744
𥢦	bi	2515934263
𥢧	ju	2515892782
𥢧	yi	2515851301
𥢮	hua	2515809820
𥢲	cheng	2515768339
𥢸	ge	2515726858
𥢹	xie	2515685377
𥢻	jie	2515643896
𥢽	can	2515602415
𥣆	zu	2515560934
𥣈	pu	2515519453
𥣋	shu	2515477972
𥣌	bu	2515436491
𥣗	ning	2515395010
𥣘	yan	2515353529
𥣙	cong	2515312048
𥣙	zhou	2515270567
𥣛	meng	2515229086
𥣝	bian	2515187605
𥣟	xiang	2515146124
𥣤	lu	2515104643
𥣥	li	2515063162
𥣩	ji	2515021681
𥣫	mie	2514980200
𥣬	lei	2514938719
𥣮	zhi	2514897238
𥣯	you	2514855757
𥣰	bian	2514814276
𥣸	mu	2514772795
𥣹	ran	2514731314
𥣺	ran	2514689833
𥤂	niao	2514648352
𥤊	quan	2514606871
𥤋	zhe	2514565390
𥤐	lei	2514523909
𥤗	dang	2514482428
𥤘	jue	2514440947
𥤜	ling	2514399466
𥤞	ling	2514357985
𥤟	yan	2514316504
𥤣	yao	2514275023
𥤤	zhen	2514233542
𥤥	qi	2514192061
𥤦	ai	2514150580
𥤨	nu	2514109099
𥤩	mang	2514067618
𥤱	han	2514026137
𥤱	kan	2513984656
𥤳	cuan	2513943175
𥤳	jiu	2513901694
𥤴	yan	2513860213
𥤵	mian	2513818732
𥤷	yin	2513777251
𥤸	wan	2513735770
𥤹	yao	2513694289
𥤺	wa	2513652808
𥤻	pi	2513611327
𥤼	sui	2513569846
𥥅	kong	2513528365
𥥈	hong	2513486884
𥥈	wong	2513445403
𥥊	ming	2513403922
𥥋	ling	2513362441
𥥌	die	2513320960
𥥌	yi	2513279479
𥥍	shen	2513237998
𥥏	zuo	2513196517
𥥛	ba	2513155036
𥥛	tu	2513113555
𥥝	yong	2513072074
𥥟	wa	2513030593
𥥠	gui	2512989112
𥥡	hong	2512947631
𥥥	shi	2512906150
𥥧	xiong	2512864669
𥥩	a	2512823188
𥥩	xiang	2512781707
𥥱	cheng	2512740226
𥥳	keng	2512698745
𥥴	yi	2512657264
𥥵	yang	2512615783
𥥶	ting	2512574302
𥥷	dou	2512532821
𥥸	cha	2512491340
𥥹	liu	2512449859
𥥽	qiu	2512408378
𥥾	xuan	2512366897
𥥿	shen	2512325416
𥦀	kuan	2512283935
𥦀	mi	2512242454
𥦁	tong	2512200973
𥦃	qian	2512159492
𥦅	chou	2512118011
𥦊	wen	2512076530
𥦌	long	2512035049
𥦍	an	2511993568
𥦍	yan	2511952087
𥦔	kan	2511910606
𥦖	yao	2511869125
𥦘	fu	2511827644
𥦜	beng	2511786163
𥦝	lan	2511744682
𥦞	qia	2511703201
𥦟	dian	2511661720
𥦢	jiao	2511620239
𥦣	gui	2511578758
𥦥	xiong	2511537277
𥦨	ke	2511495796
𥦶	xian	2511454315
𥦷	weng	2511412834
𥦷	wong	2511371353
𥧆	ou	2511329872
𥧇	chao	2511288391
𥧇	ke	2511246910
𥧋	ku	2511205429
𥧑	chan	2511163948
𥧑	dian	2511122467
𥧑	tian	2511080986
𥧑	yan	2511039505
𥧒	gou	2510998024
𥧓	ma	2510956543
𥧕	liu	2510915062
𥧙	wei	2510873581
𥧚	wen	2510832100
𥧡	gong	2510790619
𥧣	tu	2510749138
𥧤	ning	2510707657
𥧧	mi	2510666176
𥧫	lang	2510624695
𥧬	qian	2510583214
𥧭	man	2510541733
𥧮	zhe	2510500252
𥧰	hua	2510458771
𥧱	yong	2510417290
𥧲	jin	2510375809
𥧴	mei	2510334328
𥧷	fu	2510292847
𥧻	qu	2510251366
𥨌	liu	2510209885
𥨎	dan	2510168404
𥨒	cuan	2510126923
𥨒	cui	2510085442
𥨕	xing	2510043961
𥨜	tu	2510002480
𥨝	shou	2509960999
𥨪	qiong	2509919518
𥨳	rong	2509878037
𥨻	li	2509836556
𥨿	ji	2509795075
𥩀	tuo	2509753594
𥩌	tong	2509712113
𥩒	tan	2509670632
𥩔	ling	2509629151
𥩖	yi	2509587670
𥩗	ruan	2509546189
𥩙	pa	2509504708
𥩝	ca	2509463227
𥩡	yue	2509421746
𥩢	que	2509380265
𥩣	zhu	2509338784
𥩤	hai	2509297303
𥩱	fa	2509255822
𥩲	hai	2509214341
𥪀	bu	2509172860
𥪁	ping	2509131379
𥪊	jue	2509089898
𥪊	kui	2509048417
𥪋	fu	2509006936
𥪌	tian	2508965455
𥪍	wo	2508923974
𥪏	ju	2508882493
𥪘	zhen	2508841012
𥪚	fu	2508799531
𥪢	long	2508758050
𥪦	xi	2508716569
𥪧	tian	2508675088
𥪫	ji	2508633607
𥪯	qiao	2508592126
𥪯	yao	2508550645
𥪱	cu	2508509164
𥪴	pang	2508467683
𥪵	qie	2508426202
𥪻	long	2508384721
𥪼	ji	2508343240
𥫂	tong	2508301759
𥫃	yi	2508260278
𥫅	chang	2508218797
𥫋	gong	2508177316
𥫎	dong	2508135835
𥫖	xiang	2508094354
𥫙	ting	2508052873
𥫛	zhuan	2508011392
𥫜	yi	2507969911
𥫝	yi	2507928430
𥫞	zi	2507886949
𥫟	qi	2507845468
𥫢	cha	2507803987
𥫬	dun	2507762506
𥫯	chong	2507721025
𥫰	lu	2507679544
𥫱	dun	2507638063
𥫳	fang	2507596582
𥫴	shi	2507555101
𥫵	ti	2507513620
𥫶	ji	2507472139
𥫷	qiu	2507430658
𥫸	shui	2507389177
𥫹	chen	2507347696
𥫼	huang	2507306215
𥫽	chi	2507264734
𥫽	shi	2507223253
𥬆	long	2507181772
𥬉	gou	2507140291
𥬍	xian	2507098810
𥬎	mo	2507057329
𥬐	shen	2507015848
𥬒	po	2506974367
𥬓	yao	2506932886
𥬔	qu	2506891405
𥬕	ran	2506849924
𥬙	ju	2506808443
𥬜	yin	2506766962
𥬝	bai	2506725481
𥬪	rong	2506684000
𥬫	chuan	2506642519
𥬬	nie	2506601038
𥬭	li	2506559557
𥬭	lie	2506518076
𥬮	jiang	2506476595
𥬯	kao	2506435114
𥬰	ce	2506393633
𥬰	zha	2506352152
𥬱	chong	2506310671
𥬲	duo	2506269190
𥬲	zhua	2506227709
𥬳	zi	2506186228
𥬴	yang	2506144747
𥬼	wen	2506103266
𥭋	ji	2506061785
𥭌	ji	2506020304
𥭐	lv	2505978823
𥭑	qiu	2505937342
𥭒	dun	2505895861
𥭓	bao	2505854380
𥭔	chan	2505812899
𥭖	bo	2505771418
𥭘	chi	2505729937
𥭙	nie	2505688456
𥭙	zhe	2505646975
𥭚	mang	2505605494
𥭜	ji	2505564013
𥭝	miao	2505522532
𥭞	yuan	2505481051
𥭠	wu	2505439570
𥭡	zhi	2505398089
𥭢	ping	2505356608
𥭥	chong	2505315127
𥭫	mi	2505273646
𥭬	fei	2505232165
𥭭	cuo	2505190684
𥭮	meng	2505149203
𥮍	yin	2505107722
𥮎	mang	2505066241
𥮏	dian	2505024760
𥮐	diao	2504983279
𥮒	qian	2504941798
𥮒	zhan	2504900317
𥮕	hang	2504858836
𥮖	zhi	2504817355
𥮗	ju	2504775874
𥮘	nian	2504734393
𥮝	gu	2504692912
𥮣	zhua	2504651431
𥮤	nie	2504609950
𥮥	zhuo	2504568469
𥮧	ye	2504526988
𥮨	cong	2504485507
𥮪	ji	2504444026
𥮪	xu	2504402545
𥮬	xi	2504361064
𥮯	bo	2504319583
𥯃	yan	2504278102
𥯑	jin	2504236621
𥯔	ju	2504195140
𥯕	dang	2504153659
𥯖	du	2504112178
𥯘	ye	2504070697
𥯙	jing	2504029216
𥯚	ke	2503987735
𥯛	luo	2503946254
𥯜	wei	2503904773
𥯝	tu	2503863292
𥯞	you	2503821811
𥯟	pai	2503780330
𥯡	pi	2503738849
𥯢	ding	2503697368
𥯥	che	2503655887
𥯦	jian	2503614406
𥯦	sha	2503572925
𥯨	si	2503531444
𥯩	zhuo	2503489963
𥯪	sou	2503448482
𥯬	ruan	2503407001
𥯮	yu	2503365520
𥯳	e	2503324039
𥯶	ku	2503282558
𥯸	zhu	2503241077
𥯾	xia	2503199596
𥰛	fu	2503158115
𥰜	tao	2503116634
𥰝	xi	2503075153
𥰞	chou	2503033672
𥰞	sou	2502992191
𥰟	gan	2502950710
𥰟	long	2502909229
𥰟	yuan	2502867748
𥰠	lv	2502826267
𥰡	ce	2502784786
𥰢	shan	2502743305
𥰣	liu	2502701824
𥰥	xi	2502660343
𥰦	ji	2502618862
𥰧	yi	2502577381
𥰨	tan	2502535900
𥰪	hu	2502494419
𥰭	ci	2502452938
𥰭	cuo	2502411457
𥰭	zha	2502369976
𥰮	ge	2502328495
𥰰	she	2502287014
𥰰	shi	2502245533
𥰱	sao	2502204052
𥰲	hong	2502162571
𥰳	xian	2502121090
𥰶	xia	2502079609
𥰻	mu	2502038128
𥰼	suo	2501996647
𥰾	zhai	2501955166
𥱀	fu	2501913685
𥱁	se	2501872204
𥱂	nu	2501830723
𥱃	yi	2501789242
𥱧	qin	2501747761
𥱨	qing	2501706280
𥱵	hui	2501664799
𥱵	sui	2501623318
𥱵	xi	2501581837
𥱶	shuang	2501540356
𥱷	dan	2501498875
𥱹	mo	2501457394
𥱺	qian	2501415913
𥱻	chi	2501374432
𥱻	tu	2501332951
𥱼	pai	2501291470
𥱼	pi	2501249989
𥱽	juan	2501208508
𥲀	chao	2501167027
𥲁	lie	2501125546
𥲂	bing	2501084065
𥲃	kou	2501042584
𥲄	dan	2501001103
𥲅	chou	2500959622
𥲆	tong	2500918141
𥲇	dan	2500876660
𥲈	man	2500835179
𥲉	hu	2500793698
𥲊	liao	2500752217
𥲋	xian	2500710736
𥲍	cao	2500669255
𥲎	lu	2500627774
𥲏	chuan	2500586293
𥲐	wu	2500544812
𥲑	man	2500503331
𥲕	zi	2500461850
𥲗	du	2500420369
𥲚	shuang	2500378888
𥲛	fu	2500337407
𥲜	ju	2500295926
𥲝	zhou	2500254445
𥲟	diao	2500212964
𥲠	wang	2500171483
𥲡	chuang	2500130002
𥲢	qian	2500088521
𥲣	tui	2500047040
𥲥	lian	2500005559
𥲦	biao	2499964078
𥲧	li	2499922597
𥲪	li	2499881116
𥳆	bi	2499839635
𥳇	fu	2499798154
𥳈	cui	2499756673
𥳉	du	2499715192
𥳋	zan	2499673711
𥳌	long	2499632230
𥳍	xun	2499590749
𥳎	qiong	2499549268
𥳏	ji	2499507787
𥳐	qian	2499466306
𥳒	jian	2499424825
𥳓	shao	2499383344
𥳔	duo	2499341863
𥳕	shu	2499300382
𥳖	bu	2499258901
𥳗	xu	2499217420
𥳘	dong	2499175939
𥳚	ran	2499134458
𥳜	yang	2499092977
𥳝	rui	2499051496
𥳞	lin	2499010015
𥳟	jian	2498968534
𥳠	di	2498927053
𥳡	fen	2498885572
𥳢	dian	2498844091
𥳣	zui	2498802610
𥳥	ning	2498761129
𥳪	suan	2498719648
𥳫	tian	2498678167
𥳬	an	2498636686
𥳯	ce	2498595205
𥳰	ding	2498553724
𥳱	shen	2498512243
𥳲	du	2498470762
𥳳	ti	2498429281
𥳴	jiao	2498387800
𥳵	zui	2498346319
𥳶	zhang	2498304838
𥳷	jian	2498263357
𥳸	dan	2498221876
𥳹	dan	2498180395
𥳺	song	2498138914
𥴐	zhan	2498097433
𥴑	ting	2498055952
𥴒	zhi	2498014471
𥴕	you	2497972990
𥴖	pai	2497931509
𥴡	li	2497890028
𥴤	qian	2497848547
𥴦	di	2497807066
𥴦	sui	2497765585
𥴧	ju	2497724104
𥴩	ge	2497682623
𥴪	ju	2497641142
𥴫	dian	2497599661
𥴫	tun	2497558180
𥴬	bi	2497516699
𥴭	qia	2497475218
𥴮	bo	2497433737
𥴯	hui	2497392256
𥴱	jian	2497350775
𥴴	gou	2497309294
𥴵	suan	2497267813
𥴺	ci	2497226332
𥴻	qiang	2497184851
𥴿	yan	2497143370
𥵏	dian	2497101889
𥵒	mie	2497060408
𥵞	jie	2497018927
𥵟	zhu	2496977446
𥵠	gu	2496935965
𥵣	duan	2496894484
𥵤	zhao	2496853003
𥵦	shao	2496811522
𥵧	qin	2496770041
𥵨	mi	2496728560
𥵪	ping	2496687079
𥵫	cong	2496645598
𥵬	chou	2496604117
𥵯	sa	2496562636
𥵶	tian	2496521155
𥶅	liu	2496479674
𥶆	lv	2496438193
𥶇	lu	2496396712
𥶈	zou	2496355231
𥶌	lv	2496313750
𥶍	huan	2496272269
𥶏	tiao	2496230788
𥶐	tui	2496189307
𥶑	qiang	2496147826
𥶒	lin	2496106345
𥶓	bei	2496064864
𥶔	pao	2496023383
𥶕	zhan	2495981902
𥶗	li	2495940421
𥶛	ti	2495898940
𥶜	hu	2495857459
𥶢	lie	2495815978
𥶵	hui	2495774497
𥶶	qu	2495733016
𥶷	xuan	2495691535
𥶹	jing	2495650054
𥶺	die	2495608573
𥶻	sui	2495567092
𥶽	wei	2495525611
𥶿	yan	2495484130
𥷀	yan	2495442649
𥷁	ban	2495401168
𥷃	jiang	2495359687
𥷄	ni	2495318206
𥷅	li	2495276725
𥷆	hu	2495235244
𥷇	qi	2495193763
𥷈	zhong	2495152282
𥷑	bi	2495110801
𥷔	yu	2495069320
𥷕	die	2495027839
𥷖	lin	2494986358
𥷗	li	2494944877
𥷘	zhuo	2494903396
𥷙	ji	2494861915
𥷚	ju	2494820434
𥷜	feng	2494778953
𥷞	yu	2494737472
𥷨	lie	2494695991
𥷩	za	2494654510
𥷪	qian	2494613029
𥷫	jie	2494571548
𥷬	guan	2494530067
𥷮	zhao	2494488586
𥷮	zhuo	2494447105
𥷱	fu	2494405624
𥷹	se	2494364143
𥷼	cu	2494322662
𥸃	hui	2494281181
𥸈	dang	2494239700
𥸉	long	2494198219
𥸊	yi	2494156738
𥸗	sa	2494115257
𥸘	yue	2494073776
𥸚	di	2494032295
𥸡	gan	2493990814
𥸢	zan	2493949333
𥸣	shan	2493907852
𥸤	yu	2493866371
𥸥	bo	2493824890
𥸧	ding	2493783409
𥸨	bo	2493741928
𥸨	bu	2493700447
𥸨	fan	2493658966
𥸪	yu	2493617485
𥸬	shen	2493576004
𥸲	gong	2493534523
𥸴	mie	2493493042
𥸵	tun	2493451561
𥸸	lie	2493410080
𥹁	zha	2493368599
𥹁	zuo	2493327118
𥹂	pei	2493285637
𥹄	mi	2493244156
𥹆	ming	2493202675
𥹇	fan	2493161194
𥹉	na	2493119713
𥹊	si	2493078232
𥹋	yi	2493036751
𥹌	jia	2492995270
𥹍	zhu	2492953789
𥹓	ban	2492912308
𥹔	yu	2492870827
𥹖	po	2492829346
𥹚	huan	2492787865
𥹛	can	2492746384
𥹜	jiao	2492704903
𥹠	tan	2492663422
𥹩	zhi	2492621941
𥹫	mi	2492580460
𥹬	kao	2492538979
𥹱	yao	2492497498
𥹲	dui	2492456017
𥹳	huan	2492414536
𥹳	quan	2492373055
𥹴	bu	2492331574
𥹵	chu	2492290093
𥹶	qiao	2492248612
𥹷	liu	2492207131
𥹸	bo	2492165650
𥹺	kang	2492124169
𥹻	fen	2492082688
𥺉	dou	2492041207
𥺊	ge	2491999726
𥺙	ling	2491958245
𥺚	xi	2491916764
𥺜	ni	2491875283
𥺝	zhou	2491833802
𥺞	yu	2491792321
𥺞	zhou	2491750840
𥺣	chou	2491709359
𥺴	nian	2491667878
𥺵	ji	2491626397
𥺷	qu	2491584916
𥻄	kai	2491543435
𥻇	xian	2491501954
𥻉	he	2491460473
𥻋	lin	2491418992
𥻍	zi	2491377511
𥻑	li	2491336030
𥻑	ou	2491294549
𥻒	cu	2491253068
𥻒	mi	2491211587
𥻗	cha	2491170106
𥻝	zhong	2491128625
𥻞	bu	2491087144
𥻥	xi	2491045663
𥻧	jian	2491004182
𥻧	xian	2490962701
𥻨	se	2490921220
𥻩	mian	2490879739
𥻫	fan	2490838258
𥻬	zhi	2490796777
𥻮	cui	2490755296
𥻴	xia	2490713815
𥻾	nuo	2490672334
𥻿	li	2490630853
𥼀	zu	2490589372
𥼂	cui	2490547891
𥼃	ze	2490506410
𥼅	li	2490464929
𥼘	qi	2490423448
𥼚	zhuo	2490381967
𥼛	cui	2490340486
𥼜	pu	2490299005
𥼞	fan	2490257524
𥼟	tan	2490216043
𥼩	zi	2490174562
𥼪	zu	2490133081
𥼫	zhou	2490091600
𥼬	rong	2490050119
𥼭	lin	2490008638
𥼮	tan	2489967157
𥼺	cui	2489925676
𥼻	zi	2489884195
𥼼	fu	2489842714
𥽁	xiao	2489801233
𥽈	feng	2489759752
𥽈	li	2489718271
𥽏	xian	2489676790
𥽐	jian	2489635309
𥽒	fen	2489593828
𥽗	li	2489552347
𥽘	mie	2489510866
𥽘	mo	2489469385
𥽟	you	2489427904
𥽥	huo	2489386423
𥽧	qu	2489344942
𥽬	niang	2489303461
𥽰	mi	2489261980
𥽳	qi	2489220499
𥽶	he	2489179018
𥽸	lian	2489137537
𥽿	zuo	2489096056
𥾅	zhu	2489054575
𥾊	ji	2489013094
𥾋	reng	2488971613
𥾌	jie	2488930132
𥾍	gan	2488888651
𥾐	yi	2488847170
𥾓	zhou	2488805689
𥾕	wu	2488764208
𥾚	dan	2488722727
𥾚	geng	2488681246
𥾛	cu	2488639765
𥾡	ji	2488598284
𥾡	xun	2488556803
𥾣	zhi	2488515322
𥾤	xiao	2488473841
𥾧	fu	2488432360
𥾨	hu	2488390879
𥾬	di	2488349398
𥾮	jue	2488307917
𥾹	shou	2488266436
𥾼	wang	2488224955
𥿃	na	2488183474
𥿄	di	2488141993
𥿅	shi	2488100512
𥿆	ci	2488059031
𥿇	shu	2488017550
𥿋	bian	2487976069
𥿋	fan	2487934588
𥿍	gu	2487893107
𥿎	wan	2487851626
𥿎	yuan	2487810145
𥿚	qie	2487768664
𥿜	zhan	2487727183
𥿜	zhen	2487685702
𥿝	dai	2487644221
𥿞	she	2487602740
𥿦	zhou	2487561259
𥿧	xiang	2487519778
𥿨	ming	2487478297
𥿩	zi	2487436816
𥿪	huang	2487395335
𥿫	mi	2487353854
𥿫	wei	2487312373
𥿫	yi	2487270892
𥿭	xi	2487229411
𥿮	shi	2487187930
𥿮	zhi	2487146449
𥿰	duo	2487104968
𥿴	ci	2487063487
𥿵	mou	2487022006
𥿷	chao	2486980525
𥿹	yi	2486939044
𥿺	gou	2486897563
𦀇	jing	2486856082
𦀓	jie	2486814601
𦀓	zeng	2486773120
𦀔	ping	2486731639
𦀕	ye	2486690158
𦀘	bi	2486648677
𦀘	pi	2486607196
𦀛	sha	2486565715
𦀜	zhuang	2486524234
𦀝	jiong	2486482753
𦀠	liu	2486441272
𦀡	yu	2486399791
𦀣	ju	2486358310
𦀸	mao	2486316829
𦁆	juan	2486275348
𦁆	shuan	2486233867
𦁆	zhuan	2486192386
𦁇	nian	2486150905
𦁈	kong	2486109424
𦁉	jie	2486067943
𦁊	hua	2486026462
𦁍	xin	2485984981
𦁎	zuo	2485943500
𦁏	yan	2485902019
𦁐	jue	2485860538
𦁖	zhou	2485819057
𦁗	she	2485777576
𦁙	yan	2485736095
𦁛	die	2485694614
𦁛	xie	2485653133
𦁜	die	2485611652
𦁟	chen	2485570171
𦁟	zhen	2485528690
𦁲	jian	2485487209
𦁳	ji	2485445728
𦁶	chuo	2485404247
𦁷	hong	2485362766
𦂀	da	2485321285
𦂄	kai	2485279804
𦂆	hui	2485238323
𦂇	jian	2485196842
𦂈	zhou	2485155361
𦂉	zha	2485113880
𦂊	fu	2485072399
𦂌	beng	2485030918
𦂍	nuo	2484989437
𦂑	ji	2484947956
𦂒	qian	2484906475
𦂕	ou	2484864994
𦂖	bi	2484823513
𦂗	shuo	2484782032
𦂠	jing	2484740551
𦂡	ye	2484699070
𦃇	li	2484657589
𦃊	li	2484616108
𦃋	pi	2484574627
𦃓	liu	2484533146
𦃔	he	2484491665
𦃕	hun	2484450184
𦃖	tan	2484408703
𦃗	shuo	2484367222
𦃙	bo	2484325741
𦃝	xi	2484284260
𦃡	po	2484242779
𦃡	tao	2484201298
𦃢	qun	2484159817
𦃤	mu	2484118336
𦃽	yong	2484076855
𦄂	dai	2484035374
𦄊	qi	2483993893
𦄌	nie	2483952412
𦄏	shao	2483910931
𦄐	kun	2483869450
𦄐	mi	2483827969
𦄑	sui	2483786488
𦄓	dou	2483745007
𦄔	die	2483703526
𦄜	gong	2483662045
𦄯	zhuan	2483620564
𦄰	guo	2483579083
𦄽	qu	2483537602
𦅀	xun	2483496121
𦅃	jiao	2483454640
𦅃	qiao	2483413159
𦅄	zhe	2483371678
𦅆	dian	2483330197
𦅊	suo	2483288716
𦅏	xu	2483247235
𦅑	xun	2483205754
𦅔	mo	2483164273
𦅵	sui	2483122792
𦅶	la	2483081311
𦅶	lie	2483039830
𦅸	zhou	2482998349
𦅺	li	2482956868
𦅼	dan	2482915387
𦅽	ju	2482873906
𦅿	yun	2482832425
𦆀	chan	2482790944
𦆁	luo	2482749463
𦆄	se	2482707982
𦆋	lai	2482666501
𦆌	shuang	2482625020
𦆍	qie	2482583539
𦆘	dou	2482542058
𦆞	wu	2482500577
𦆟	meng	2482459096
𦆡	ji	2482417615
𦆤	chi	2482376134
𦆦	ni	2482334653
𦆸	yao	2482293172
𦆻	la	2482251691
𦆾	lv	2482210210
𦇀	sui	2482168729
𦇁	fu	2482127248
𦇄	lei	2482085767
𦇅	wei	2482044286
𦇔	li	2482002805
𦇖	pin	2481961324
𦇘	jun	2481919843
𦇙	ju	2481878362
𦇧	ji	2481836881
𦇪	mie	2481795400
𦇬	yao	2481753919
𦇭	bian	2481712438
𦇱	cong	2481670957
𦇲	chi	2481629476
𦇲	si	2481587995
𦇵	si	2481546514
𦇸	he	2481505033
𦈅	die	2481463552
𦈣	yu	2481422071
𦈤	xiong	2481380590
𦈦	qi	2481339109
𦈧	bei	2481297628
𦈨	xing	2481256147
𦈩	gong	2481214666
𦈬	zui	2481173185
𦈰	jie	2481131704
𦈲	gu	2481090223
𦈲	kai	2481048742
𦈵	xing	2481007261
𦈶	bei	2480965780
𦈷	shu	2480924299
𦈸	yu	2480882818
𦈺	zhou	2480841337
𦈻	zhan	2480799856
𦉂	zhong	2480758375
𦉆	cha	2480716894
𦉈	chui	2480675413
𦉉	liu	2480633932
𦉎	sui	2480592451
𦉐	zhu	2480550970
𦉘	cheng	2480509489
𦉙	bian	2480468008
𦉝	xin	2480426527
𦉟	ya	2480385046
𦉢	ling	2480343565
𦉧	ya	2480302084
𦉬	ting	2480260603
𦉹	di	2480219122
𦊁	pi	2480177641
𦊂	hu	2480136160
𦊃	cen	2480094679
𦊊	tian	2480053198
𦊋	mou	2480011717
𦊌	juan	2479970236
𦊎	mou	2479928755
𦊐	ju	2479887274
𦊑	liu	2479845793
𦊓	ling	2479804312
𦊗	liu	2479762831
𦊘	hu	2479721350
𦊦	fu	2479679869
𦊧	hu	2479638388
𦊪	e	2479596907
𦊫	gong	2479555426
𦊬	gu	2479513945
𦊱	gua	2479472464
𦊹	lve	2479430983
𦊻	fan	2479389502
𦊼	lv	2479348021
𦊽	meng	2479306540
𦊾	fu	2479265059
𦊿	liu	2479223578
𦋅	xie	2479182097
𦋆	gu	2479140616
𦋈	xian	2479099135
𦋉	bo	2479057654
𦋋	ji	2479016173
𦋓	quan	2478974692
𦋔	lu	2478933211
𦋞	shuo	2478891730
𦋡	mou	2478850249
𦋢	yu	2478808768
𦋣	han	2478767287
𦋩	yue	2478725806
𦋪	dan	2478684325
𦋯	yu	2478642844
𦋰	jian	2478601363
𦋳	gang	2478559882
𦋿	cao	2478518401
𦌀	shen	2478476920
𦌁	liu	2478435439
𦌁	lou	2478393958
𦌆	jiao	2478352477
𦌉	su	2478310996
𦌊	su	2478269515
𦌋	zhong	2478228034
𦌒	liao	2478186553
𦌔	xuan	2478145072
𦌕	lu	2478103591
𦌗	ji	2478062110
𦌚	yan	2478020629
𦌟	lu	2477979148
𦌡	min	2477937667
𦌢	ti	2477896186
𦌦	huan	2477854705
𦌩	yi	2477813224
𦌪	tan	2477771743
𦌬	wu	2477730262
𦌰	ji	2477688781
𦌷	du	2477647300
𦌸	kun	2477605819
𦌺	jun	2477564338
𦌿	shi	2477522857
𦍀	nan	2477481376
𦍁	po	2477439895
𦍄	shu	2477398414
𦍅	quan	2477356933
𦍌	ren	2477315452
𦍏	fen	2477273971
𦍒	ta	2477232490
𦍓	tun	2477191009
𦍕	yang	2477149528
𦍦	duo	2477108047
𦍧	ci	2477066566
𦍩	gu	2477025085
𦍪	fen	2476983604
𦍭	rou	2476942123
𦍱	gao	2476900642
𦍲	xiang	2476859161
𦍲	yang	2476817680
𦍴	xiang	2476776199
𦍵	hou	2476734718
𦍷	tao	2476693237
𦍸	shan	2476651756
𦍹	yang	2476610275
𦍺	zi	2476568794
𦍼	yuan	2476527313
𦎄	su	2476485832
𦎇	chuan	2476444351
𦎈	xiang	2476402870
𦎈	xie	2476361389
𦎊	ban	2476319908
𦎌	man	2476278427
𦎎	fu	2476236946
𦎏	la	2476195465
𦎐	li	2476153984
𦎒	jie	2476112503
𦎓	you	2476071022
𦎘	yu	2476029541
𦎚	chi	2475988060
𦎜	chuan	2475946579
𦎝	yi	2475905098
𦎞	shan	2475863617
𦎢	ji	2475822136
𦎣	yan	2475780655
𦎦	wu	2475739174
𦎧	chun	2475697693
𦎧	dun	2475656212
𦎨	mang	2475614731
𦎭	fu	2475573250
𦎮	jia	2475531769
𦎯	gou	2475490288
𦎰	gu	2475448807
𦎱	jia	2475407326
𦎵	xian	2475365845
𦎷	jin	2475324364
𦎸	zi	2475282883
𦎼	gou	2475241402
𦏀	ren	2475199921
𦏂	shan	2475158440
𦏅	jue	2475116959
𦏆	tong	2475075478
𦏇	you	2475033997
𦏔	jian	2474992516
𦏕	du	2474951035
𦏗	hu	2474909554
𦏛	sao	2474868073
𦏜	yu	2474826592
𦏢	mai	2474785111
𦏤	zhi	2474743630
𦏥	yan	2474702149
𦏦	gao	2474660668
𦏨	huai	2474619187
𦏮	quan	2474577706
𦏱	chai	2474536225
𦏱	yang	2474494744
𦏳	zui	2474453263
𦏷	xiao	2474411782
𦏸	chi	2474370301
𦏸	yi	2474328820
𦏹	yan	2474287339
𦏺	gong	2474245858
𦏺	hong	2474204377
𦏻	yu	2474162896
𦏿	chi	2474121415
𦐁	chi	2474079934
𦐄	hang	2474038453
𦐅	se	2473996972
𦐆	pa	2473955491
𦐇	ta	2473914010
𦐈	fen	2473872529
𦐉	chi	2473831048
𦐌	hong	2473789567
𦐍	xue	2473748086
𦐖	zhi	2473706605
𦐛	qu	2473665124
𦐛	yu	2473623643
𦐠	xi	2473582162
𦐡	fu	2473540681
𦐣	shu	2473499200
𦐤	hai	2473457719
𦐦	po	2473416238
𦐨	ci	2473374757
𦐰	chai	2473333276
𦐳	hong	2473291795
𦐸	pao	2473250314
𦐹	shen	2473208833
𦐺	xiao	2473167352
𦐽	ling	2473125871
𦐽	xuan	2473084390
𦐾	ci	2473042909
𦐿	ting	2473001428
𦑀	po	2472959947
𦑇	ta	2472918466
𦑈	cha	2472876985
𦑋	zu	2472835504
𦑌	huo	2472794023
𦑍	xu	2472752542
𦑎	yan	2472711061
𦑏	chai	2472669580
𦑑	tuo	2472628099
𦑘	xian	2472586618
𦑙	xuan	2472545137
𦑚	hou	2472503656
𦑛	huan	2472462175
𦑜	ge	2472420694
𦑝	chong	2472379213
𦑞	bi	2472337732
𦑟	hong	2472296251
𦑠	hong	2472254770
𦑡	chi	2472213289
𦑣	cha	2472171808
𦑯	zha	2472130327
𦑱	huo	2472088846
𦑱	zhai	2472047365
𦑲	ta	2472005884
𦑵	po	2471964403
𦑶	ta	2471922922
𦑸	you	2471881441
𦑹	fu	2471839960
𦑺	ci	2471798479
𦑻	da	2471756998
𦑼	ta	2471715517
𦑾	liu	2471674036
𦒁	ci	2471632555
𦒃	hong	2471591074
𦒅	han	2471549593
𦒆	la	2471508112
𦒈	shi	2471466631
𦒍	tong	2471425150
𦒎	hui	2471383669
𦒏	he	2471342188
𦒐	pie	2471300707
𦒑	yu	2471259226
𦒜	xian	2471217745
𦒝	han	2471176264
𦒟	po	2471134783
𦒦	la	2471093302
𦒧	huo	2471051821
𦒰	tai	2471010340
𦒴	lao	2470968859
𦒶	shu	2470927378
𦒺	dao	2470885897
𦒻	dian	2470844416
𦓈	xiong	2470802935
𦓋	wang	2470761454
𦓍	che	2470719973
𦓎	nai	2470678492
𦓐	jue	2470637011
𦓓	er	2470595530
𦓓	lie	2470554049
𦓔	er	2470512568
𦓔	xu	2470471087
𦓕	nv	2470429606
𦓖	nv	2470388125
𦓝	zhuan	2470346644
𦓢	nuo	2470305163
𦓤	lie	2470263682
𦓥	lei	2470222201
𦓧	ba	2470180720
𦓬	cheng	2470139239
𦓯	gui	2470097758
𦓰	quan	2470056277
𦓱	ge	2470014796
𦓳	gong	2469973315
𦓴	shao	2469931834
𦓹	lai	2469890353
𦓺	zheng	2469848872
𦓻	yi	2469807391
𦓼	gun	2469765910
𦓽	wei	2469724429
𦓾	kun	2469682948
𦓾	lun	2469641467
𦔂	shi	2469599986
𦔃	ying	2469558505
𦔄	sheng	2469517024
𦔅	tu	2469475543
𦔆	bi	2469434062
𦔈	ze	2469392581
𦔉	zhong	2469351100
𦔋	rong	2469309619
𦔌	qi	2469268138
𦔌	si	2469226657
𦔍	fu	2469185176
𦔎	ce	2469143695
𦔓	li	2469102214
𦔔	man	2469060733
𦔗	biao	2469019252
𦔛	chuang	2468977771
𦔜	yi	2468936290
𦔠	pai	2468894809
𦔥	shi	2468853328
𦔥	yi	2468811847
𦔦	kuai	2468770366
𦔩	biao	2468728885
𦔩	pao	2468687404
𦔫	chi	2468645923
𦔫	yi	2468604442
𦔬	qu	2468562961
𦔭	mo	2468521480
𦔮	zhe	2468479999
𦔯	sha	2468438518
𦔰	sha	2468397037
𦔰	xu	2468355556
𦔷	yao	2468314075
𦔸	gong	2468272594
𦔹	nai	2468231113
𦔼	xie	2468189632
𦔿	tian	2468148151
𦕆	ye	2468106670
𦕉	sha	2468065189
𦕏	sao	2468023708
𦕒	dian	2467982227
𦕓	xu	2467940746
𦕙	qu	2467899265
𦕠	hong	2467857784
𦕡	sheng	2467816303
𦕢	ting	2467774822
𦕰	duo	2467733341
𦕵	liao	2467691860
𦕷	hong	2467650379
𦕸	li	2467608898
𦕺	gao	2467567417
𦕺	xiang	2467525936
𦕽	shen	2467484455
𦖀	fu	2467442974
𦖈	yan	2467401493
𦖉	wang	2467360012
𦖊	qi	2467318531
𦖋	duo	2467277050
𦖍	hua	2467235569
𦖎	qian	2467194088
𦖐	xie	2467152607
𦖝	ci	2467111126
𦖞	sheng	2467069645
𦖞	wen	2467028164
𦖢	er	2466986683
𦖤	xing	2466945202
𦖦	tui	2466903721
𦖧	yan	2466862240
𦖩	lie	2466820759
𦖬	mi	2466779278
𦖸	zong	2466737797
𦖺	zi	2466696316
𦖼	hu	2466654835
𦖽	ying	2466613354
𦖾	lian	2466571873
𦖿	da	2466530392
𦗀	tian	2466488911
𦗁	tian	2466447430
𦗋	rong	2466405949
𦗍	ai	2466364468
𦗐	ai	2466322987
𦗑	zhe	2466281506
𦗒	guo	2466240025
𦗓	lu	2466198544
𦗔	zhao	2466157063
𦗕	mi	2466115582
𦗖	liao	2466074101
𦗗	zhe	2466032620
𦗛	qu	2465991139
𦗜	cong	2465949658
𦗟	te	2465908177
𦗟	ting	2465866696
𦗡	tan	2465825215
𦗢	zhan	2465783734
𦗣	hu	2465742253
𦗥	pie	2465700772
𦗧	da	2465659291
𦗨	rong	2465617810
𦗮	nao	2465576329
𦗳	nang	2465534848
𦗴	dang	2465493367
𦗵	jiao	2465451886
𦗻	ju	2465410405
𦗼	er	2465368924
𦘊	li	2465327443
𦘌	guo	2465285962
𦘍	wa	2465244481
𦘍	wai	2465203000
𦘒	nie	2465161519
𦘔	jin	2465120038
𦘩	pi	2465078557
𦘪	chi	2465037076
𦘲	pi	2464995595
𦘳	yi	2464954114
𦘴	du	2464912633
𦘵	wa	2464871152
𦘶	xun	2464829671
𦘸	qi	2464788190
𦘹	shan	2464746709
𦘹	yue	2464705228
𦘼	xu	2464663747
𦘿	he	2464622266
𦙀	pan	2464580785
𦙂	pei	2464539304
𦙄	xiong	2464497823
𦙆	chi	2464456342
𦙇	tan	2464414861
𦙈	cui	2464373380
𦙈	zui	2464331899
𦙉	zuan	2464290418
𦙊	qi	2464248937
𦙋	du	2464207456
𦙙	shui	2464165975
𦙜	na	2464124494
𦙝	xi	2464083013
𦙧	chao	2464041532
𦙨	yi	2464000051
𦙫	zheng	2463958570
𦙮	ju	2463917089
𦙯	dai	2463875608
𦙱	san	2463834127
𦙴	zhu	2463792646
𦙵	wan	2463751165
𦙶	gu	2463709684
𦙸	san	2463668203
𦙹	ban	2463626722
𦙺	jia	2463585241
𦙻	mai	2463543760
𦚈	du	2463502279
𦚈	tuo	2463460798
𦚊	qi	2463419317
𦚏	zhuang	2463377836
𦚐	tuo	2463336355
𦚓	ping	2463294874
𦚝	peng	2463253393
𦚞	kuang	2463211912
𦚟	yi	2463170431
𦚡	mai	2463128950
𦚡	xie	2463087469
𦚢	yue	2463045988
𦚣	hen	2463004507
𦚥	hou	2462963026
𦚥	you	2462921545
𦚦	zheng	2462880064
𦚧	chun	2462838583
𦚨	shi	2462797102
𦚩	wa	2462755621
𦚫	xie	2462714140
𦚸	geng	2462672659
𦛅	e	2462631178
𦛏	ku	2462589697
𦛐	na	2462548216
𦛓	ju	2462506735
𦛔	xuan	2462465254
𦛕	qu	2462423773
𦛖	che	2462382292
𦛗	lv	2462340811
𦛘	he	2462299330
𦛙	sheng	2462257849
𦛚	nan	2462216368
𦛜	han	2462174887
𦛜	he	2462133406
𦛝	cha	2462091925
𦛞	yan	2462050444
𦛟	geng	2462008963
𦛠	nie	2461967482
𦛢	guo	2461926001
𦛣	yan	2461884520
𦛤	guan	2461843039
𦛧	zhi	2461801558
𦛯	du	2461760077
𦛰	qi	2461718596
𦛱	qu	2461677115
𦛲	jue	2461635634
𦜁	feng	2461594153
𦜃	xu	2461552672
𦜄	tui	2461511191
𦜆	han	2461469710
𦜇	ku	2461428229
𦜊	shen	2461386748
𦜋	zhi	2461345267
𦜍	pang	2461303786
𦜎	zheng	2461262305
𦜏	li	2461220824
𦜐	wan	2461179343
𦜒	fan	2461137862
𦜓	xin	2461096381
𦜛	ju	2461054900
𦜜	shen	2461013419
𦜭	mang	2460971938
𦜯	tun	2460930457
𦜰	zhuo	2460888976
𦜱	xi	2460847495
𦜲	yin	2460806014
𦜳	jing	2460764533
𦜴	tun	2460723052
𦜷	geng	2460681571
𦜸	ji	2460640090
𦝏	shuan	2460598609
𦝏	zhuan	2460557128
𦝒	tie	2460515647
𦝔	zhi	2460474166
𦝖	ji	2460432685
𦝚	ying	2460391204
𦝝	huan	2460349723
𦝞	ting	2460308242
𦝟	chan	2460266761
𦝠	luo	2460225280
𦝢	kui	2460183799
𦝣	ke	2460142318
𦝣	qia	2460100837
𦝤	ban	2460059356
𦝥	cha	2460017875
𦝥	zha	2459976394
𦝦	tuo	2459934913
𦝧	nan	2459893432
𦝨	jie	2459851951
𦝪	yan	2459810470
𦝬	tu	2459768989
𦝮	wen	2459727508
𦝰	cong	2459686027
𦝳	xu	2459644546
𦝴	yin	2459603065
𦝷	beng	2459561584
𦞁	zai	2459520103
𦞂	da	2459478622
𦞆	nie	2459437141
𦞇	ju	2459395660
𦞈	hou	2459354179
𦞕	hou	2459312698
𦞖	kan	2459271217
𦞗	gong	2459229736
𦞙	hui	2459188255
𦞚	xie	2459146774
𦞝	xi	2459105293
𦞞	han	2459063812
𦞟	mi	2459022331
𦞡	weng	2458980850
𦞢	hun	2458939369
𦞣	sao	2458897888
𦞤	xin	2458856407
𦞤	zi	2458814926
𦞥	zhe	2458773445
𦞦	he	2458731964
𦞦	huo	2458690483
𦞨	gong	2458649002
𦞫	sai	2458607521
𦞬	jian	2458566040
𦞬	jin	2458524559
𦞭	wa	2458483078
𦞱	dui	2458441597
𦞲	chi	2458400116
𦞽	ji	2458358635
𦞽	wei	2458317154
𦞽	xi	2458275673
𦟂	mi	2458234192
𦟃	zang	2458192711
𦟄	sang	2458151230
𦟄	sao	2458109749
𦟌	jian	2458068268
𦟓	tun	2458026787
𦟔	zhi	2457985306
𦟕	wen	2457943825
𦟘	yin	2457902344
𦟙	tun	2457860863
𦟛	chong	2457819382
𦟜	ze	2457777901
𦟞	xiao	2457736420
𦟟	mo	2457694939
𦟠	cu	2457653458
𦟣	bian	2457611977
𦟤	xiu	2457570496
𦟧	yi	2457529015
𦟮	huang	2457487534
𦟰	zha	2457446053
𦟱	suo	2457404572
𦟲	hun	2457363091
𦟳	ju	2457321610
𦠁	cu	2457280129
𦠄	ji	2457238648
𦠆	sun	2457197167
𦠆	zhuan	2457155686
𦠇	ceng	2457114205
𦠉	yi	2457072724
𦠎	biao	2457031243
𦠒	jue	2456989762
𦠓	li	2456948281
𦠖	pao	2456906800
𦠛	za	2456865319
𦠜	ye	2456823838
𦠞	bi	2456782357
𦠟	zhe	2456740876
𦠠	zhe	2456699395
𦠢	jiu	2456657914
𦠣	zhe	2456616433
𦠦	shu	2456574952
𦠪	xi	2456533471
𦠷	xu	2456491990
𦠸	nai	2456450509
𦠹	xian	2456409028
𦠺	gun	2456367547
𦠻	wei	2456326066
𦠾	ji	2456284585
𦠿	sa	2456243104
𦡂	dong	2456201623
𦡃	nie	2456160142
𦡃	nuo	2456118661
𦡄	du	2456077180
𦡅	zheng	2456035699
𦡆	ku	2455994218
𦡉	ming	2455952737
𦡕	bao	2455911256
𦡙	zong	2455869775
𦡨	san	2455828294
𦡪	teng	2455786813
𦡫	yi	2455745332
𦡭	yu	2455703851
𦡱	shao	2455662370
𦡱	yao	2455620889
𦡲	ning	2455579408
𦡴	chou	2455537927
𦡴	zhou	2455496446
𦡵	hun	2455454965
𦡷	dui	2455413484
𦡹	qi	2455372003
𦡺	ying	2455330522
𦡻	bing	2455289041
𦡼	ning	2455247560
𦡽	huang	2455206079
𦢆	ying	2455164598
𦢊	bao	2455123117
𦢊	bo	2455081636
𦢎	guang	2455040155
𦢏	lei	2454998674
𦢐	zun	2454957193
𦢙	chan	2454915712
𦢙	qian	2454874231
𦢙	xian	2454832750
𦢣	jian	2454791269
𦢧	meng	2454749788
𦢩	sou	2454708307
𦢩	xiao	2454666826
𦢯	xin	2454625345
𦢯	xing	2454583864
𦢱	li	2454542383
𦢺	qiao	2454500902
𦢿	juan	2454459421
𦢿	wei	2454417940
𦣀	na	2454376459
𦣀	nie	2454334978
𦣀	zhe	2454293497
𦣂	pang	2454252016
𦣄	lei	2454210535
𦣋	luan	2454169054
𦣍	geng	2454127573
𦣏	luan	2454086092
𦣒	qu	2454044611
𦣖	luo	2454003130
𦣘	nang	2453961649
𦣛	luo	2453920168
𦣜	yue	2453878687
𦣢	shui	2453837206
𦣥	mi	2453795725
𦣦	wang	2453754244
𦣧	ce	2453712763
𦣨	jian	2453671282
𦣩	wang	2453629801
𦣯	jia	2453588320
𦣴	huan	2453546839
𦣸	lian	2453505358
𦣹	zi	2453463877
𦣺	bai	2453422396
𦣻	bai	2453380915
𦣻	shou	2453339434
𦣾	wan	2453297953
𦤂	shu	2453256472
𦤇	gui	2453214991
𦤈	xi	2453173510
𦤊	ru	2453132029
𦤋	yao	2453090548
𦤎	gao	2453049067
𦤕	yue	2453007586
𦤘	yong	2452966105
𦤙	wa	2452924624
𦤚	bo	2452883143
𦤟	xin	2452841662
𦤢	pi	2452800181
𦤣	bo	2452758700
𦤦	ai	2452717219
𦤦	hai	2452675738
𦤦	he	2452634257
𦤧	zhai	2452592776
𦤨	wo	2452551295
𦤪	ye	2452509814
𦤫	bi	2452468333
𦤬	hai	2452426852
𦤸	chi	2452385371
𦤻	zhi	2452343890
𦤽	ni	2452302409
𦥁	wu	2452260928
𦥂	ai	2452219447
𦥈	ai	2452177966
𦥉	yu	2452136485
𦥊	chi	2452095004
𦥍	jing	2452053523
𦥎	zhi	2452012042
𦥏	zhi	2451970561
𦥐	zhi	2451929080
𦥑	ju	2451887599
𦥑	pou	2451846118
𦥖	han	2451804637
𦥖	xian	2451763156
𦥚	ping	2451721675
𦥝	yao	2451680194
𦥣	you	2451638713
𦥤	ping	2451597232
𦥦	mo	2451555751
𦥬	zuo	2451514270
𦥭	po	2451472789
𦥰	kuang	2451431308
𦥱	yi	2451389827
𦥲	po	2451348346
𦥻	zhui	2451306865
𦦃	ni	2451265384
𦦄	qiu	2451223903
𦦅	cou	2451182422
𦦌	yao	2451140941
𦦑	fen	2451099460
𦦕	xia	2451057979
𦦗	jiang	2451016498
𦦘	cha	2450975017
𦦛	xiao	2450933536
𦦜	cha	2450892055
𦦢	cheng	2450850574
𦦣	cui	2450809093
𦦧	gong	2450767612
𦦧	qiong	2450726131
𦦩	yu	2450684650
𦦫	yu	2450643169
𦦯	wen	2450601688
𦦱	cha	2450560207
𦦲	yu	2450518726
𦦹	zuo	2450477245
𦦺	dao	2450435764
𦦽	fan	2450394283
𦦽	juan	2450352802
𦦾	dao	2450311321
𦦿	ying	2450269840
𦧁	feng	2450228359
𦧅	weng	2450186878
𦧈	jin	2450145397
𦧉	qi	2450103916
𦧋	qin	2450062435
𦧍	kuo	2450020954
𦧏	tan	2449979473
𦧐	xian	2449937992
𦧒	tian	2449896511
𦧔	kuo	2449855030
𦧖	tian	2449813549
𦧘	hu	2449772068
𦧙	zhu	2449730587
𦧚	zhan	2449689106
𦧛	ta	2449647625
𦧝	tian	2449606144
𦧞	ta	2449564663
𦧟	ta	2449523182
𦧠	hua	2449481701
𦧡	tian	2449440220
𦧡	yan	2449398739
𦧢	tie	2449357258
𦧤	tie	2449315777
𦧥	ta	2449274296
𦧬	huai	2449232815
𦧮	jia	2449191334
𦧯	qi	2449149853
𦧱	ta	2449108372
𦧲	lei	2449066891
𦧵	hua	2449025410
𦧸	zhuan	2448983929
𦧹	hua	2448942448
𦧼	lan	2448900967
𦨆	zun	2448859486
𦨇	yi	2448818005
𦨈	fu	2448776524
𦨉	wu	2448735043
𦨋	fu	2448693562
𦨍	ding	2448652081
𦨎	ta	2448610600
𦨖	chao	2448569119
𦨙	ri	2448527638
𦨚	quan	2448486157
𦨜	ge	2448444676
𦨡	fu	2448403195
𦨢	di	2448361714
𦨣	diao	2448320233
𦨤	yong	2448278752
𦨦	jia	2448237271
𦨬	yong	2448195790
𦨭	pi	2448154309
𦨯	huo	2448112828
𦨰	qiong	2448071347
𦨲	fan	2448029866
𦨳	wu	2447988385
𦨴	tong	2447946904
𦨵	hang	2447905423
𦨸	tan	2447863942
𦨾	heng	2447822461
𦩄	tiao	2447780980
𦩈	zhou	2447739499
𦩋	bai	2447698018
𦩌	xie	2447656537
𦩍	dao	2447615056
𦩍	diao	2447573575
𦩏	jin	2447532094
𦩏	wei	2447490613
𦩕	hu	2447449132
𦩖	bei	2447407651
𦩘	ding	2447366170
𦩜	nuo	2447324689
𦩝	wei	2447283208
𦩞	yu	2447241727
𦩠	xing	2447200246
𦩡	fu	2447158765
𦩢	xian	2447117284
𦩣	qi	2447075803
𦩤	tu	2447034322
𦩧	ji	2446992841
𦩩	ying	2446951360
𦩫	deng	2446909879
𦩫	teng	2446868398
𦩬	wei	2446826917
𦩭	xi	2446785436
𦩯	pai	2446743955
𦩱	sheng	2446702474
𦩲	you	2446660993
𦩴	ai	2446619512
𦩵	jian	2446578031
𦩷	gou	2446536550
𦩸	ruo	2446495069
𦩼	gong	2446453588
𦩿	sha	2446412107
𦪀	tang	2446370626
𦪇	lu	2446329145
𦪈	ao	2446287664
𦪊	qi	2446246183
𦪋	xiu	2446204702
𦪍	dai	2446163221
𦪑	fa	2446121740
𦪒	wei	2446080259
𦪔	dun	2446038778
𦪕	liao	2445997297
𦪖	fan	2445955816
𦪗	heng	2445914335
𦪗	huang	2445872854
𦪘	jue	2445831373
𦪙	ta	2445789892
𦪚	zun	2445748411
𦪛	rao	2445706930
𦪜	can	2445665449
𦪝	teng	2445623968
𦪠	hua	2445582487
𦪡	xu	2445541006
𦪣	zhan	2445499525
𦪧	gan	2445458044
𦪪	peng	2445416563
𦪫	can	2445375082
𦪬	xie	2445333601
𦪱	ji	2445292120
𦪶	li	2445250639
𦪹	pan	2445209158
𦪾	li	2445167677
𦪿	xi	2445126196
𦫀	teng	2445084715
𦫃	ling	2445043234
𦫈	li	2445001753
𦫉	ran	2444960272
𦫊	ling	2444918791
𦫎	gun	2444877310
𦫔	po	2444835829
𦫕	mo	2444794348
𦫖	pai	2444752867
𦫙	ba	2444711386
𦫡	qi	2444669905
𦫤	yan	2444628424
𦫪	wa	2444586943
𦫫	ang	2444545462
𦫭	ming	2444503981
𦫮	min	2444462500
𦫯	xun	2444421019
𦫰	meng	2444379538
𦫳	guai	2444338057
𦫶	jiao	2444296576
𦫻	gai	2444255095
𦬁	cai	2444213614
𦬂	wu	2444172133
𦬃	zhe	2444130652
𦬄	ren	2444089171
𦬅	kou	2444047690
𦬔	zhao	2444006209
𦬕	zhong	2443964728
𦬖	qiu	2443923247
𦬗	guo	2443881766
𦬘	gong	2443840285
𦬘	song	2443798804
𦬚	hu	2443757323
𦬛	mian	2443715842
𦬞	tian	2443674361
𦬣	wang	2443632880
𦬸	zhu	2443591399
𦬹	da	2443549918
𦬹	dan	2443508437
𦬺	huang	2443466956
𦬺	xiong	2443425475
𦬻	na	2443383994
𦬾	juan	2443342513
𦭁	nian	2443301032
𦭈	hu	2443259551
𦭉	sha	2443218070
𦭜	zhi	2443176589
𦭟	ta	2443135108
𦭡	si	2443093627
𦭥	yi	2443052146
𦭭	qiong	2443010665
𦭮	zhi	2442969184
𦭯	lou	2442927703
𦭯	lv	2442886222
𦭰	ru	2442844741
𦭲	qi	2442803260
𦭳	yu	2442761779
𦭴	zhou	2442720298
𦭵	yang	2442678817
𦭶	xian	2442637336
𦭷	mou	2442595855
𦭸	chou	2442554374
𦭹	hui	2442512893
𦭺	jiu	2442471412
𦭻	jiu	2442429931
𦭼	bi	2442388450
𦭼	piao	2442346969
𦮁	jiao	2442305488
𦮃	guai	2442264007
𦮃	kua	2442222526
𦮅	mo	2442181045
𦮐	xi	2442139564
𦮑	pu	2442098083
𦮯	ji	2442056602
𦮶	wen	2442015121
𦮷	bei	2441973640
𦮸	yi	2441932159
𦮹	fu	2441890678
𦮺	si	2441849197
𦮻	juan	2441807716
𦮼	ji	2441766235
𦮼	qi	2441724754
𦮾	ni	2441683273
𦯀	ben	2441641792
𦯅	xu	2441600311
𦯈	qin	2441558830
𦯉	bo	2441517349
𦯌	wang	2441475868
𦯍	zhe	2441434387
𦯏	wo	2441392906
𦯐	shao	2441351425
𦯑	zao	2441309944
𦯒	yang	2441268463
𦯕	song	2441226982
𦯖	nie	2441185501
𦯛	bi	2441144020
𦯣	cu	2441102539
𦯤	qiang	2441061058
𦯪	xiao	2441019577
𦯫	zhi	2440978096
𦯬	she	2440936615
𦯯	zhi	2440895134
𦯰	peng	2440853653
𦰏	diao	2440812172
𦰖	wo	2440770691
𦰘	zhi	2440729210
𦰙	bi	2440687729
𦰛	fen	2440646248
𦰡	na	2440604767
𦰥	bang	2440563286
𦰪	qiu	2440521805
𦰫	ni	2440480324
𦰬	bo	2440438843
𦰭	dun	2440397362
𦰯	shi	2440355881
𦰰	xu	2440314400
𦰱	chang	2440272919
𦰲	xu	2440231438
𦰳	ye	2440189957
𦰸	xin	2440148476
𦰹	zhuo	2440106995
𦰺	fu	2440065514
𦰽	pi	2440024033
𦰾	xue	2439982552
𦱀	yu	2439941071
𦱁	xian	2439899590
𦱂	yu	2439858109
𦱃	yu	2439816628
𦱅	ju	2439775147
𦱆	ta	2439733666
𦱇	kong	2439692185
𦱊	zheng	2439650704
𦱋	meng	2439609223
𦱒	mu	2439567742
𦱓	xi	2439526261
𦱔	bi	2439484780
𦱖	fu	2439443299
𦱜	xiao	2439401818
𦱠	jiu	2439360337
𦱣	gou	2439318856
𦱰	chi	2439277375
𦱱	jiu	2439235894
𦱲	jiu	2439194413
𦱵	sha	2439152932
𦱷	fei	2439111451
𦲫	fu	2439069970
𦲯	wan	2439028489
𦲰	xu	2438987008
𦲱	bo	2438945527
𦳁	hao	2438904046
𦳁	mao	2438862565
𦳃	xie	2438821084
𦳄	pian	2438779603
𦳅	yu	2438738122
𦳇	tian	2438696641
𦳈	bi	2438655160
𦳈	pi	2438613679
𦳊	shi	2438572198
𦳋	kuai	2438530717
𦳌	ji	2438489236
𦳏	zha	2438447755
𦳐	na	2438406274
𦳐	nai	2438364793
𦳑	mou	2438323312
𦳓	fu	2438281831
𦳔	du	2438240350
𦳗	sheng	2438198869
𦳘	cha	2438157388
𦳚	chi	2438115907
𦳛	gui	2438074426
𦳜	min	2438032945
𦳞	bai	2437991464
𦳟	qiang	2437949983
𦳡	zhuo	2437908502
𦳢	wei	2437867021
𦳣	xun	2437825540
𦳥	miao	2437784059
𦳦	zai	2437742578
𦳧	you	2437701097
𦳩	you	2437659616
𦳫	shan	2437618135
𦳬	he	2437576654
𦳭	lv	2437535173
𦳮	zhi	2437493692
𦳲	jing	2437452211
𦳳	zhen	2437410730
𦳶	meng	2437369249
𦳷	you	2437327768
𦳹	wo	2437286287
𦳺	ba	2437244806
𦳽	juan	2437203325
𦳾	ru	2437161844
𦳿	cou	2437120363
𦴀	zhi	2437078882
𦴉	hu	2437037401
𦴊	yang	2436995920
𦴌	jun	2436954439
𦴍	she	2436912958
𦴎	kou	2436871477
𦴑	qian	2436829996
𦴔	meng	2436788515
𦴚	tiao	2436747034
𦵐	nie	2436705553
𦵟	chi	2436664072
𦵡	gong	2436622591
𦵡	xiong	2436581110
𦵣	hun	2436539629
𦵦	di	2436498148
𦵧	lang	2436456667
𦵩	qiu	2436415186
𦵩	zao	2436373705
𦵪	ce	2436332224
𦵫	suo	2436290743
𦵬	zu	2436249262
𦵭	sui	2436207781
𦵯	xia	2436166300
𦵱	xie	2436124819
𦵴	jie	2436083338
𦵵	you	2436041857
𦵷	gou	2436000376
𦵸	geng	2435958895
𦵼	jun	2435917414
𦵽	huang	2435875933
𦵾	ji	2435834452
𦵿	pou	2435792971
𦶀	wu	2435751490
𦶂	yi	2435710009
𦶅	nai	2435668528
𦶇	rong	2435627047
𦶇	ruan	2435585566
𦶈	nan	2435544085
𦶊	ping	2435502604
𦶋	shan	2435461123
𦶌	diao	2435419642
𦶍	ji	2435378161
𦶎	hua	2435336680
𦶏	dui	2435295199
𦶐	kong	2435253718
𦶑	ta	2435212237
𦶓	hong	2435170756
𦶕	shu	2435129275
𦶙	heng	2435087794
𦶚	fen	2435046313
𦶲	kou	2435004832
𦷙	nian	2434963351
𦷝	chu	2434921870
𦷦	qiang	2434880389
𦷲	xi	2434838908
𦷳	hu	2434797427
𦷴	song	2434755946
𦷵	wo	2434714465
𦷷	hai	2434672984
𦷸	ru	2434631503
𦷹	meng	2434590022
𦷻	san	2434548541
𦷽	wu	2434507060
𦷿	you	2434465579
𦸁	tan	2434424098
𦸂	shen	2434382617
𦸆	qi	2434341136
𦸈	guo	2434299655
𦸉	qia	2434258174
𦸊	xian	2434216693
𦸏	sui	2434175212
𦸐	lu	2434133731
𦸓	qi	2434092250
𦸔	diao	2434050769
𦸗	qi	2434009288
𦸘	jia	2433967807
𦸙	you	2433926326
𦸚	xi	2433884845
𦸛	chao	2433843364
𦸡	mi	2433801883
𦸢	lou	2433760402
𦸣	bi	2433718921
𦸪	pei	2433677440
𦸮	zhen	2433635959
𦸯	shen	2433594478
𦸰	chan	2433552997
𦸱	fu	2433511516
𦸶	qu	2433470035
𦸺	zui	2433428554
𦹫	zhao	2433387073
𦹽	pi	2433345592
𦺀	cou	2433304111
𦺆	gao	2433262630
𦺇	du	2433221149
𦺉	fu	2433179668
𦺊	guan	2433138187
𦺋	sao	2433096706
𦺌	sou	2433055225
𦺍	jian	2433013744
𦺎	pou	2432972263
𦺐	can	2432930782
𦺑	beng	2432889301
𦺒	mou	2432847820
𦺓	zhao	2432806339
𦺔	xiao	2432764858
𦺖	ju	2432723377
𦺗	shu	2432681896
𦺘	jian	2432640415
𦺙	li	2432598934
𦺛	chuan	2432557453
𦺜	lao	2432515972
𦺞	he	2432474491
𦺟	hu	2432433010
𦺠	gu	2432391529
𦺡	zhang	2432350048
𦺢	jie	2432308567
𦺥	du	2432267086
𦺦	han	2432225605
𦺧	jia	2432184124
𦺨	xiang	2432142643
𦺩	ji	2432101162
𦺪	shu	2432059681
𦺫	lang	2432018200
𦺬	ji	2431976719
𦺭	shan	2431935238
𦺰	tao	2431893757
𦺰	tiao	2431852276
𦺱	zi	2431810795
𦺲	shuan	2431769314
𦺴	ji	2431727833
𦺵	chu	2431686352
𦺶	ji	2431644871
𦺷	shen	2431603390
𦺸	lin	2431561909
𦺹	liao	2431520428
𦺻	san	2431478947
𦺽	an	2431437466
𦺾	ruan	2431395985
𦻀	tai	2431354504
𦻀	ti	2431313023
𦻁	dan	2431271542
𦻃	huan	2431230061
𦻅	sa	2431188580
𦼆	rui	2431147099
𦼇	wu	2431105618
𦼈	ju	2431064137
𦼉	huan	2431022656
𦼊	leng	2430981175
𦼋	lu	2430939694
𦼎	tan	2430898213
𦼏	zeng	2430856732
𦼓	qian	2430815251
𦼗	xi	2430773770
𦼡	ci	2430732289
𦼢	she	2430690808
𦼧	sa	2430649327
𦼪	mao	2430607846
𦼫	qu	2430566365
𦼭	bo	2430524884
𦼮	gan	2430483403
𦼰	he	2430441922
𦼰	qie	2430400441
𦼱	juan	2430358960
𦼲	dang	2430317479
𦼳	chang	2430275998
𦼴	yang	2430234517
𦼵	he	2430193036
𦼷	ji	2430151555
𦼹	bing	2430110074
𦼻	mei	2430068593
𦼿	dun	2430027112
𦽀	ao	2429985631
𦽁	jing	2429944150
𦽂	lu	2429902669
𦽃	mian	2429861188
𦽄	dian	2429819707
𦽅	he	2429778226
𦽇	jian	2429736745
𦽊	hua	2429695264
𦽋	gou	2429653783
𦽎	lu	2429612302
𦽏	fu	2429570821
𦽐	hui	2429529340
𦽔	jin	2429487859
𦽕	si	2429446378
𦽖	qun	2429404897
𦽜	dan	2429363416
𦽞	wan	2429321935
𦽟	bian	2429280454
𦽤	jia	2429238973
𦽫	dan	2429197492
𦽬	jiu	2429156011
𦽭	xian	2429114530
𦽮	bo	2429073049
𦾑	biao	2429031568
𦾕	po	2428990087
𦾘	sao	2428948606
𦾙	bei	2428907125
𦾚	sha	2428865644
𦾛	wei	2428824163
𦾝	cang	2428782682
𦾞	lu	2428741201
𦾩	dan	2428699720
𦾫	gu	2428658239
𦾬	za	2428616758
𦾭	bang	2428575277
𦾮	gan	2428533796
𦾱	chao	2428492315
𦾲	ji	2428450834
𦾳	lie	2428409353
𦾷	lu	2428367872
𦾸	duan	2428326391
𦾹	suan	2428284910
𦾺	yao	2428243429
𦾻	yin	2428201948
𦾽	ta	2428160467
𦾾	yao	2428118986
𦾿	jing	2428077505
𦿀	chu	2428036024
𦿁	fu	2427994543
𦿂	yuan	2427953062
𦿃	shao	2427911581
𦿅	bing	2427870100
𦿆	dang	2427828619
𦿇	shi	2427787138
𦿊	lu	2427745657
𦿋	qie	2427704176
𦿌	luo	2427662695
𦿏	meng	2427621214
𦿐	jie	2427579733
𦿓	ji	2427538252
𦿖	lu	2427496771
𧀄	chang	2427455290
𧀅	mie	2427413809
𧀅	mo	2427372328
𧀆	meng	2427330847
𧀇	jian	2427289366
𧀊	cai	2427247885
𧀌	su	2427206404
𧀔	he	2427164923
𧀕	sa	2427123442
𧀗	zi	2427081961
𧀘	keng	2427040480
𧀙	geng	2426998999
𧀚	si	2426957518
𧀠	ti	2426916037
𧀡	zhan	2426874556
𧀢	xie	2426833075
𧀣	shui	2426791594
𧀤	chi	2426750113
𧀥	you	2426708632
𧀧	meng	2426667151
𧀨	lie	2426625670
𧀩	si	2426584189
𧀬	xi	2426542708
𧀭	fan	2426501227
𧀮	fu	2426459746
𧀯	shen	2426418265
𧀰	ti	2426376784
𧀱	chai	2426335303
𧀲	yue	2426293822
𧀴	fu	2426252341
𧀵	jian	2426210860
𧀵	shan	2426169379
𧀶	di	2426127898
𧀹	zhe	2426086417
𧀺	xie	2426044936
𧀻	dan	2426003455
𧀿	zhi	2425961974
𧁃	xu	2425920493
𧁈	nie	2425879012
𧁉	fan	2425837531
𧁊	meng	2425796050
𧁋	min	2425754569
𧁾	lou	2425713088
𧂁	zhan	2425671607
𧂃	han	2425630126
𧂄	dan	2425588645
𧂆	jian	2425547164
𧂇	tan	2425505683
𧂇	xun	2425464202
𧂈	jiao	2425422721
𧂉	po	2425381240
𧂋	ping	2425339759
𧂍	sun	2425298278
𧂍	zhuan	2425256797
𧂏	liao	2425215316
𧂐	zi	2425173835
𧂒	zhuo	2425132354
𧂔	hu	2425090873
𧂙	xi	2425049392
𧂛	meng	2425007911
𧂜	ju	2424966430
𧂝	mie	2424924949
𧂞	xian	2424883468
𧂠	kui	2424841987
𧂡	meng	2424800506
𧂢	jian	2424759025
𧂦	nou	2424717544
𧂨	di	2424676063
𧂩	sao	2424634582
𧃏	chu	2424593101
𧃐	zhi	2424551620
𧃑	qian	2424510139
𧃒	lv	2424468658
𧃔	zhuo	2424427177
𧃘	zuo	2424385696
𧃙	han	2424344215
𧃚	sui	2424302734
𧃛	gou	2424261253
𧃝	chou	2424219772
𧃞	ji	2424178291
𧃟	yi	2424136810
𧃠	yu	2424095329
𧃨	nou	2424053848
𧃩	ni	2424012367
𧃪	ruo	2423970886
𧃮	lin	2423929405
𧃱	ning	2423887924
𧄍	qiao	2423846443
𧄎	yao	2423804962
𧄏	fu	2423763481
𧄐	shuang	2423722000
𧄑	kui	2423680519
𧄒	qu	2423639038
𧄓	dong	2423597557
𧄔	shu	2423556076
𧄚	li	2423514595
𧄛	ju	2423473114
𧄜	rui	2423431633
𧄠	zha	2423390152
𧄤	xiao	2423348671
𧄸	men	2423307190
𧄸	wei	2423265709
𧄹	shi	2423224228
𧄺	dian	2423182747
𧄻	li	2423141266
𧄼	deng	2423099785
𧄼	teng	2423058304
𧄽	za	2423016823
𧄽	zan	2422975342
𧄿	luo	2422933861
𧅀	can	2422892380
𧅃	ao	2422850899
𧅆	jian	2422809418
𧅈	diao	2422767937
𧅋	ying	2422726456
𧅖	yi	2422684975
𧅗	dang	2422643494
𧅘	nou	2422602013
𧅚	yue	2422560532
𧅮	li	2422519051
𧅯	li	2422477570
𧅰	hu	2422436089
𧅲	you	2422394608
𧅺	nang	2422353127
𧆂	chen	2422311646
𧆉	feng	2422270165
𧆊	bie	2422228684
𧆏	man	2422187203
𧆐	gan	2422145722
𧆑	huo	2422104241
𧆑	sui	2422062760
𧆓	cu	2422021279
𧆕	you	2421979798
𧆘	you	2421938317
𧆜	xu	2421896836
𧆡	xu	2421855355
𧆢	hu	2421813874
𧆣	lu	2421772393
𧆥	xia	2421730912
𧆦	yi	2421689431
𧆮	hu	2421647950
𧆯	hu	2421606469
𧆰	zi	2421564988
𧆷	gong	2421523507
𧆸	tui	2421482026
𧆹	wu	2421440545
𧆺	ling	2421399064
𧆻	gu	2421357583
𧆼	dong	2421316102
𧆼	zhong	2421274621
𧇄	lu	2421233140
𧇈	zu	2421191659
𧇌	tong	2421150178
𧇍	xia	2421108697
𧇎	he	2421067216
𧇓	yue	2421025735
𧇙	nan	2420984254
𧇚	bo	2420942773
𧇛	hu	2420901292
𧇜	qi	2420859811
𧇝	shu	2420818330
𧇞	qiang	2420776849
𧇟	zhou	2420735368
𧇠	yao	2420693887
𧇡	gu	2420652406
𧇥	ban	2420610925
𧇦	kan	2420569444
𧇮	he	2420527963
𧇯	ji	2420486482
𧇰	hu	2420445001
𧇱	yan	2420403520
𧇶	chun	2420362039
𧇷	ding	2420320558
𧇸	qiu	2420279077
𧇹	hou	2420237596
𧇼	hao	2420196115
𧇿	zu	2420154634
𧈁	xian	2420113153
𧈄	xia	2420071672
𧈅	xi	2420030191
𧈈	se	2419988710
𧈈	xi	2419947229
𧈌	ge	2419905748
𧈍	xi	2419864267
𧈑	ge	2419822786
𧈔	lv	2419781305
𧈖	ge	2419739824
𧈗	ke	2419698343
𧈙	shou	2419656862
𧈚	zhu	2419615381
𧈜	teng	2419573900
𧈝	ya	2419532419
𧈞	ni	2419490938
𧈦	luo	2419449457
𧈧	meng	2419407976
𧈧	sui	2419366495
𧈪	chan	2419325014
𧈭	wu	2419283533
𧈯	yu	2419242052
𧈹	zao	2419200571
𧈻	yi	2419159090
𧈼	ji	2419117609
𧈼	xi	2419076128
𧈽	hong	2419034647
𧈾	quan	2418993166
𧈿	wang	2418951685
𧉀	chi	2418910204
𧉁	xi	2418868723
𧉂	tian	2418827242
𧉃	yun	2418785761
𧉅	yi	2418744280
𧉆	ji	2418702799
𧉇	hui	2418661318
𧉈	fou	2418619837
𧉈	fu	2418578356
𧉊	fu	2418536875
𧉍	ji	2418495394
𧉎	xuan	2418453913
𧉑	tai	2418412432
𧉓	du	2418370951
𧉗	yuan	2418329470
𧉛	di	2418287989
𧉟	tai	2418246508
𧉡	rong	2418205027
𧉢	xue	2418163546
𧉣	yu	2418122065
𧉤	fan	2418080584
𧉥	bei	2418039103
𧉧	jie	2417997622
𧉧	qu	2417956141
𧉩	bu	2417914660
𧉪	jia	2417873179
𧉫	zha	2417831698
𧉭	nu	2417790217
𧉮	she	2417748736
𧉮	yan	2417707255
𧉮	yi	2417665774
𧉲	li	2417624293
𧊄	gui	2417582812
𧊅	guai	2417541331
𧊇	dai	2417499850
𧊇	de	2417458369
𧊏	gai	2417416888
𧊒	ci	2417375407
𧊔	yan	2417333926
𧊕	song	2417292445
𧊖	shi	2417250964
𧊘	ku	2417209483
𧊙	zhi	2417168002
𧊚	tong	2417126521
𧊛	qu	2417085040
𧊜	e	2417043559
𧊞	xing	2417002078
𧊟	ru	2416960597
𧊠	shu	2416919116
𧊠	yu	2416877635
𧊣	yi	2416836154
𧊤	yi	2416794673
𧊥	xu	2416753192
𧊦	fou	2416711711
𧊧	e	2416670230
𧊧	ge	2416628749
𧊬	he	2416587268
𧊭	yin	2416545787
𧊯	hong	2416504306
𧊱	duo	2416462825
𧊽	xing	2416421344
𧊾	fan	2416379863
𧋉	qi	2416338382
𧋊	sha	2416296901
𧋊	shuo	2416255420
𧋌	du	2416213939
𧋍	di	2416172458
𧋍	xue	2416130977
𧋎	li	2416089496
𧋏	yi	2416048015
𧋐	xi	2416006534
𧋑	geng	2415965053
𧋒	shi	2415923572
𧋒	tong	2415882091
𧋓	kao	2415840610
𧋔	hong	2415799129
𧋕	kun	2415757648
𧋖	nie	2415716167
𧋗	chi	2415674686
𧋘	ti	2415633205
𧋚	tong	2415591724
𧋠	li	2415550243
𧋡	na	2415508762
𧋱	zhan	2415467281
𧋲	bei	2415425800
𧌁	tiao	2415384319
𧌃	za	2415342838
𧌄	e	2415301357
𧌄	ye	2415259876
𧌅	shou	2415218395
𧌆	kong	2415176914
𧌇	peng	2415135433
𧌈	fu	2415093952
𧌉	lu	2415052471
𧌊	xie	2415010990
𧌋	xie	2414969509
𧌌	xiu	2414928028
𧌍	lu	2414886547
𧌎	tian	2414845066
𧌏	ta	2414803585
𧌐	ci	2414762104
𧌑	qu	2414720623
𧌓	fu	2414679142
𧌔	zhi	2414637661
𧌖	she	2414596180
𧌖	xie	2414554699
𧌗	zou	2414513218
𧌘	fei	2414471737
𧌙	min	2414430256
𧌚	xing	2414388775
𧌝	tong	2414347294
𧌞	qi	2414305813
𧌠	piao	2414264332
𧌢	sui	2414222851
𧌣	er	2414181370
𧌧	hu	2414139889
𧌻	song	2414098408
𧌽	bie	2414056927
𧌾	ding	2414015446
𧌿	ban	2413973965
𧍀	li	2413932484
𧍀	shi	2413891003
𧍁	xie	2413849522
𧍂	xiao	2413808041
𧍃	fei	2413766560
𧍒	chuai	2413725079
𧍒	chuan	2413683598
𧍓	shuai	2413642117
𧍔	yao	2413600636
𧍖	ning	2413559155
𧍖	sheng	2413517674
𧍘	you	2413476193
𧍙	fan	2413434712
𧍜	kui	2413393231
𧍝	di	2413351750
𧍟	mao	2413310269
𧍠	jie	2413268788
𧍢	yan	2413227307
𧍢	yin	2413185826
𧍥	wei	2413144345
𧍨	sang	2413102864
𧍩	jie	2413061383
𧍪	yu	2413019902
𧍫	wei	2412978421
𧍬	e	2412936940
𧍭	quan	2412895459
𧍮	jiong	2412853978
𧍯	feng	2412812497
𧍰	long	2412771016
𧍱	die	2412729535
𧍲	pian	2412688054
𧍴	lian	2412646573
𧍵	hu	2412605092
𧍶	lv	2412563611
𧍿	dian	2412522130
𧎃	cui	2412480649
𧎄	mou	2412439168
𧎄	wu	2412397687
𧎕	wang	2412356206
𧎖	juan	2412314725
𧎗	ke	2412273244
𧎘	yan	2412231763
𧎙	jiao	2412190282
𧎡	gong	2412148801
𧎣	rong	2412107320
𧎤	sun	2412065839
𧎥	shan	2412024358
𧎨	chi	2411982877
𧎪	qi	2411941396
𧎫	suo	2411899915
𧎭	ye	2411858434
𧎮	zao	2411816953
𧎯	que	2411775472
𧎰	zhan	2411733991
𧎱	ba	2411692510
𧎲	zu	2411651029
𧎳	suo	2411609548
𧎴	zhe	2411568067
𧎷	chu	2411526586
𧎸	jiao	2411485105
𧎹	zui	2411443624
𧎺	ge	2411402143
𧎻	mou	2411360662
𧎻	wu	2411319181
𧎾	lve	2411277700
𧎿	ji	2411236219
𧏂	xie	2411194738
𧏃	xie	2411153257
𧏆	dou	2411111776
𧏋	qiu	2411070295
𧏑	ping	2411028814
𧏓	liu	2410987333
𧏥	jie	2410945852
𧏧	hui	2410904371
𧏫	sha	2410862890
𧏸	zhi	2410821409
𧏹	ai	2410779928
𧏺	ou	2410738447
𧏺	xu	2410696966
𧏽	ye	2410655485
𧏾	ni	2410614004
𧏿	zhu	2410572523
𧐁	su	2410531042
𧐃	xie	2410489561
𧐄	yu	2410448080
𧐅	qu	2410406599
𧐈	zu	2410365118
𧐉	zhi	2410323637
𧐊	zhang	2410282156
𧐋	lve	2410240675
𧐌	wei	2410199194
𧐍	chong	2410157713
𧐎	mi	2410116232
𧐒	su	2410074751
𧐓	ye	2410033270
𧐔	xi	2409991789
𧐔	yi	2409950308
𧐕	tuan	2409908827
𧐖	lian	2409867346
𧐗	xuan	2409825865
𧐙	wu	2409784384
𧐟	mao	2409742903
𧐬	hong	2409701422
𧐯	lve	2409659941
𧐰	du	2409618460
𧐲	chan	2409576979
𧐳	lu	2409535498
𧐴	su	2409494017
𧑀	lve	2409452536
𧑆	zhong	2409411055
𧑇	li	2409369574
𧑈	fei	2409328093
𧑊	jing	2409286612
𧑋	kui	2409245131
𧑌	yi	2409203650
𧑍	hua	2409162169
𧑎	cui	2409120688
𧑐	yu	2409079207
𧑑	beng	2409037726
𧑒	tun	2408996245
𧑓	shu	2408954764
𧑔	dai	2408913283
𧑕	wu	2408871802
𧑖	ci	2408830321
𧑗	ning	2408788840
𧑘	dang	2408747359
𧑙	zu	2408705878
𧑚	han	2408664397
𧑜	pi	2408622916
𧑝	chuan	2408581435
𧑠	du	2408539954
𧑡	pa	2408498473
𧑤	zhu	2408456992
𧑦	xie	2408415511
𧑧	zhe	2408374030
𧑨	qie	2408332549
𧑩	xuan	2408291068
𧑫	sao	2408249587
𧒀	bi	2408208106
𧒂	fu	2408166625
𧒈	li	2408125144
𧒎	e	2408083663
𧒐	ye	2408042182
𧒑	shu	2408000701
𧒓	se	2407959220
𧒕	qi	2407917739
𧒗	se	2407876258
𧒙	fu	2407834777
𧒚	mao	2407793296
𧒜	lei	2407751815
𧒝	zhan	2407710334
𧒨	chai	2407668853
𧒽	lei	2407627372
𧒿	zei	2407585891
𧓀	ying	2407544410
𧓁	ai	2407502929
𧓂	xie	2407461448
𧓄	bi	2407419967
𧓋	chan	2407378486
𧓎	bi	2407337005
𧓎	pi	2407295524
𧓏	cong	2407254043
𧓐	lie	2407212562
𧓑	qi	2407171081
𧓓	ji	2407129600
𧓔	jing	2407088119
𧓕	dong	2407046638
𧓖	fei	2407005157
𧓗	yi	2406963676
𧓘	tuan	2406922195
𧓨	meng	2406880714
𧓩	can	2406839233
𧓪	ya	2406797752
𧓲	yang	2406756271
𧓴	ting	2406714790
𧓸	zhi	2406673309
𧓺	xie	2406631828
𧓻	lv	2406590347
𧓽	chai	2406548866
𧓽	li	2406507385
𧓿	mao	2406465904
𧔂	xia	2406424423
𧔅	sou	2406382942
𧔖	su	2406341461
𧔗	xue	2406299980
𧔝	li	2406258499
𧔞	yuan	2406217018
𧔡	zhan	2406175537
𧔣	ta	2406134056
𧔤	xuan	2406092575
𧔦	ye	2406051094
𧔧	pang	2406009613
𧔨	mao	2405968132
𧔩	ti	2405926651
𧔪	pin	2405885170
𧔬	du	2405843689
𧔭	qiu	2405802208
𧔮	yi	2405760727
𧔳	tuo	2405719246
𧔴	chai	2405677765
𧔷	jin	2405636284
𧔼	e	2405594803
𧕃	chan	2405553322
𧕄	ying	2405511841
𧕅	ling	2405470360
𧕇	xian	2405428879
𧕉	qi	2405387398
𧕋	yue	2405345917
𧕌	lve	2405304436
𧕍	ying	2405262955
𧕎	qu	2405221474
𧕒	fei	2405179993
𧕓	zi	2405138512
𧕙	qing	2405097031
𧕝	ning	2405055550
𧕞	wei	2405014069
𧕡	fu	2404972588
𧕤	mo	2404931107
𧕥	mo	2404889626
𧕧	chai	2404848145
𧕨	zang	2404806664
𧕯	li	2404765183
𧕯	shi	2404723702
𧕱	xia	2404682221
𧕲	juan	2404640740
𧕴	nan	2404599259
𧕵	mi	2404557778
𧕸	huang	2404516297
𧕺	shuang	2404474816
𧕼	xu	2404433335
𧕿	fei	2404391854
𧖁	wen	2404350373
𧖁	xie	2404308892
𧖆	ta	2404267411
𧖇	yong	2404225930
𧖉	zhan	2404184449
𧖑	qiang	2404142968
𧖒	nang	2404101487
𧖔	lin	2404060006
𧖘	luan	2404018525
𧖙	xian	2403977044
𧖚	fu	2403935563
𧖜	ling	2403894082
𧖠	sao	2403852601
𧖢	hui	2403811120
𧖨	ting	2403769639
𧖪	qing	2403728158
𧖬	huang	2403686677
𧖮	an	2403645196
𧖵	man	2403603715
𧖷	ni	2403562234
𧖷	nv	2403520753
𧖻	guo	2403479272
𧖼	ou	2403437791
𧖿	xiang	2403396310
𧗁	jin	2403354829
𧗆	zheng	2403313348
𧗈	na	2403271867
𧗈	nu	2403230386
𧗋	san	2403188905
𧗌	hu	2403147424
𧗎	zu	2403105943
𧗏	hui	2403064462
𧗒	ji	2403022981
𧗖	ye	2402981500
𧗦	xing	2402940019
𧗩	la	2402898538
𧗪	qu	2402857057
𧗪	yu	2402815576
𧗫	jue	2402774095
𧗱	shu	2402732614
𧗱	yu	2402691133
𧗲	zheng	2402649652
𧗴	yong	2402608171
𧗶	ge	2402566690
𧗸	jian	2402525209
𧗹	xian	2402483728
𧗹	xin	2402442247
𧗼	hui	2402400766
𧗿	shuai	2402359285
𧘂	chong	2402317804
𧘃	hang	2402276323
𧘈	liao	2402234842
𧘍	jiang	2402193361
𧘏	gong	2402151880
𧘑	bao	2402110399
𧘑	zhuo	2402068918
𧘗	qi	2402027437
𧘜	qian	2401985956
𧘞	dou	2401944475
𧘟	bo	2401902994
𧘟	po	2401861513
𧘢	hu	2401820032
𧘥	niu	2401778551
𧘧	qi	2401737070
𧘨	diao	2401695589
𧘩	diao	2401654108
𧘫	li	2401612627
𧘮	xiong	2401571146
𧘽	na	2401529665
𧘿	zheng	2401488184
𧙀	la	2401446703
𧙁	ji	2401405222
𧙁	pi	2401363741
𧙁	zhi	2401322260
𧙁	zi	2401280779
𧙃	e	2401239298
𧙄	bo	2401197817
𧙅	po	2401156336
𧙆	xu	2401114855
𧙇	dan	2401073374
𧙇	yong	2401031893
𧙈	ci	2400990412
𧙉	li	2400948931
𧙌	pao	2400907450
𧙏	xiu	2400865969
𧙏	you	2400824488
𧙛	pu	2400783007
𧙝	che	2400741526
𧙞	qi	2400700045
𧙡	yi	2400658564
𧙣	ti	2400617083
𧙤	duo	2400575602
𧙥	long	2400534121
𧙥	tong	2400492640
𧙧	jian	2400451159
𧙭	zhan	2400409678
𧙮	yuan	2400368197
𧙶	yu	2400326716
𧙸	geng	2400285235
𧙺	hou	2400243754
𧙾	qi	2400202273
𧚀	mu	2400160792
𧚁	huan	2400119311
𧚂	long	2400077830
𧚃	xi	2400036349
𧚄	e	2399994868
𧚅	lang	2399953387
𧚆	fei	2399911906
𧚇	wan	2399870425
𧚇	wen	2399828944
𧚉	cun	2399787463
𧚋	peng	2399745982
𧚏	cuo	2399704501
𧚐	weng	2399663020
𧚡	gao	2399621539
𧚥	cui	2399580058
𧚨	qi	2399538577
𧚨	qie	2399497096
𧚨	sha	2399455615
𧚩	li	2399414134
𧚪	qie	2399372653
𧚫	jing	2399331172
𧚫	qian	2399289691
𧚬	kong	2399248210
𧚭	beng	2399206729
𧚯	shou	2399165248
𧚷	wei	2399123767
𧛄	shan	2399082286
𧛏	zi	2399040805
𧛒	ti	2398999324
𧛓	qian	2398957843
𧛔	du	2398916362
𧛗	tu	2398874881
𧛚	wei	2398833400
𧛞	hu	2398791919
𧛟	xing	2398750438
𧛡	shan	2398708957
𧛢	zhi	2398667476
𧛧	chi	2398625995
𧛹	weng	2398584514
𧛺	chi	2398543033
𧛻	suo	2398501552
𧛼	xie	2398460071
𧛾	ke	2398418590
𧜃	shou	2398377109
𧜅	jie	2398335628
𧜉	gao	2398294147
𧜊	lv	2398252666
𧜔	xie	2398211185
𧜚	zhi	2398169704
𧜞	man	2398128223
𧜠	shuai	2398086742
𧜡	ke	2398045261
𧜤	yi	2398003780
𧜦	su	2397962299
𧜧	chuang	2397920818
𧜱	cui	2397879337
𧜲	tuo	2397837856
𧜽	xuan	2397796375
𧝂	he	2397754894
𧝃	jue	2397713413
𧝆	ti	2397671932
𧝇	fei	2397630451
𧝉	zhi	2397588970
𧝊	shi	2397547489
𧝋	tui	2397506008
𧝎	chong	2397464527
𧝎	chuang	2397423046
𧝐	ti	2397381565
𧝑	zhan	2397340084
𧝒	heng	2397298603
𧝔	qu	2397257122
𧝕	wei	2397215641
𧝗	dun	2397174160
𧝘	bao	2397132679
𧝜	liao	2397091198
𧝤	si	2397049717
𧝪	biao	2397008236
𧝫	xie	2396966755
𧝬	bi	2396925274
𧝬	bie	2396883793
𧝮	cong	2396842312
𧝲	ju	2396800831
𧝳	he	2396759350
𧝷	kui	2396717869
𧝸	yong	2396676388
𧞀	shu	2396634907
𧞍	nie	2396593426
𧞏	yu	2396551945
𧞐	zhuo	2396510464
𧞑	meng	2396468983
𧞒	hu	2396427502
𧞕	lie	2396386021
𧞝	jie	2396344540
𧞞	xiong	2396303059
𧞩	jie	2396261578
𧞪	la	2396220097
𧞪	lie	2396178616
𧞬	jie	2396137135
𧞭	lei	2396095654
𧞰	zu	2396054173
𧞲	shi	2396012692
𧞸	sui	2395971211
𧞸	wei	2395929730
𧞹	du	2395888249
𧞺	su	2395846768
𧟃	xie	2395805287
𧟄	rang	2395763806
𧟑	qian	2395722325
𧟘	nang	2395680844
𧟙	ling	2395639363
𧟜	ji	2395597882
𧟠	ming	2395556401
𧟣	gu	2395514920
𧟨	xuan	2395473439
𧟬	xu	2395431958
𧟱	bo	2395390477
𧟼	wei	2395348996
𧠂	ku	2395307515
𧠆	wan	2395266034
𧠊	mao	2395224553
𧠋	ke	2395183072
𧠎	ci	2395141591
𧠒	xian	2395100110
𧠓	mo	2395058629
𧠚	hun	2395017148
𧠛	chan	2394975667
𧠜	shi	2394934186
𧠝	zhen	2394892705
𧠞	e	2394851224
𧠟	mi	2394809743
𧠡	shi	2394768262
𧠢	qu	2394726781
𧠣	shu	2394685300
𧠦	yan	2394643819
𧠩	hu	2394602338
𧠪	qi	2394560857
𧠫	chi	2394519376
𧠫	di	2394477895
𧠫	zhi	2394436414
𧠬	huang	2394394933
𧠴	zhi	2394353452
𧠶	you	2394311971
𧠼	gao	2394270490
𧠽	yao	2394229009
𧠾	pou	2394187528
𧡇	yi	2394146047
𧡈	cheng	2394104566
𧡉	ji	2394063085
𧡋	ai	2394021604
𧡋	ya	2393980123
𧡏	sui	2393938642
𧡑	jiu	2393897161
𧡘	qi	2393855680
𧡘	qin	2393814199
𧡙	lian	2393772718
𧡚	xuan	2393731237
𧡜	liao	2393689756
𧡡	yun	2393648275
𧡢	xuan	2393606794
𧡣	cou	2393565313
𧡤	pian	2393523832
𧡦	kui	2393482351
𧡨	ti	2393440870
𧡩	huan	2393399389
𧡫	gui	2393357908
𧡫	kui	2393316427
𧡬	chen	2393274946
𧡮	shang	2393233465
𧡯	ji	2393191984
𧡵	kan	2393150503
𧡶	sheng	2393109022
𧡹	you	2393067541
𧡺	qi	2393026060
𧡼	xiao	2392984579
𧢂	yi	2392943098
𧢆	chuang	2392901617
𧢋	lao	2392860136
𧢌	gao	2392818655
𧢐	zeng	2392777174
𧢒	wei	2392735693
𧢖	jian	2392694212
𧢛	ying	2392652731
𧢜	fan	2392611250
𧢞	qian	2392569769
𧢦	gui	2392528288
𧢦	kui	2392486807
𧢧	wei	2392445326
𧢩	que	2392403845
𧢬	xiao	2392362364
𧢭	que	2392320883
𧢰	hu	2392279402
𧢵	duo	2392237921
𧢶	chu	2392196440
𧢹	jin	2392154959
𧢹	shen	2392113478
𧢼	zhuo	2392071997
𧢽	e	2392030516
𧢾	ji	2391989035
𧣁	tan	2391947554
𧣃	pa	2391906073
𧣋	jie	2391864592
𧣌	qiao	2391823111
𧣑	qian	2391781630
𧣒	ju	2391740149
𧣕	qiu	2391698668
𧣖	tuo	2391657187
𧣚	nuo	2391615706
𧣛	si	2391574225
𧣟	yi	2391532744
𧣡	gu	2391491263
𧣢	hun	2391449782
𧣣	pa	2391408301
𧣤	zi	2391366820
𧣦	jiao	2391325339
𧣩	xi	2391283858
𧣪	shao	2391242377
𧣬	yi	2391200896
𧣭	zhi	2391159415
𧣵	lun	2391117934
𧣷	zhou	2391076453
𧣸	jue	2391034972
𧣹	tan	2390993491
𧣺	chuo	2390952010
𧣺	nuo	2390910529
𧣻	ju	2390869048
𧣼	hu	2390827567
𧣾	zhi	2390786086
𧤃	bi	2390744605
𧤍	chi	2390703124
𧤍	ti	2390661643
𧤎	xuan	2390620162
𧤏	ji	2390578681
𧤐	gua	2390537200
𧤑	ju	2390495719
𧤒	wo	2390454238
𧤓	tuo	2390412757
𧤕	qiu	2390371276
𧤖	wei	2390329795
𧤗	duan	2390288314
𧤙	shou	2390246833
𧤛	zhen	2390205352
𧤜	li	2390163871
𧤜	ne	2390122390
𧤟	xi	2390080909
𧤠	zhe	2390039428
𧤡	zhi	2389997947
𧤣	na	2389956466
𧤨	jian	2389914985
𧤮	yao	2389873504
𧤯	guo	2389832023
𧤯	yue	2389790542
𧤲	di	2389749061
𧤴	huo	2389707580
𧤵	jing	2389666099
𧤼	jue	2389624618
𧤽	jian	2389583137
𧤽	yue	2389541656
𧥄	ji	2389500175
𧥆	su	2389458694
𧥈	jian	2389417213
𧥊	kun	2389375732
𧥋	wo	2389334251
𧥌	kuang	2389292770
𧥍	biao	2389251289
𧥎	jue	2389209808
𧥑	bi	2389168327
𧥓	chan	2389126846
𧥕	zi	2389085365
𧥖	li	2389043884
𧥖	shi	2389002403
𧥚	fo	2388960922
𧥛	qian	2388919441
𧥜	yan	2388877960
𧥞	tan	2388836479
𧥟	mo	2388794998
𧥤	xi	2388753517
𧥤	xie	2388712036
𧥮	di	2388670555
𧥮	hu	2388629074
𧥯	hu	2388587593
𧥱	fu	2388546112
𧥴	yang	2388504631
𧥵	guo	2388463150
𧥷	ren	2388421669
𧥸	yin	2388380188
𧥹	feng	2388338707
𧥿	xun	2388297226
𧦁	xi	2388255745
𧦎	xia	2388214264
𧦑	hang	2388172783
𧦚	di	2388131302
𧦚	hu	2388089821
𧦞	pu	2388048340
𧦟	fan	2388006859
𧦤	jia	2387965378
𧦮	na	2387923897
𧦸	yin	2387882416
𧦹	yin	2387840935
𧧃	ji	2387799454
𧧄	wang	2387757973
𧧅	jian	2387716492
𧧅	shi	2387675011
𧧆	dui	2387633530
𧧇	duo	2387592049
𧧉	tuo	2387550568
𧧊	wa	2387509087
𧧋	li	2387467606
𧧏	re	2387426125
𧧒	ci	2387384644
𧧓	xu	2387343163
𧧔	zhou	2387301682
𧧕	zi	2387260201
𧧜	wang	2387218720
𧧟	ji	2387177239
𧧠	chao	2387135758
𧧩	ji	2387094277
𧧶	tu	2387052796
𧧹	xi	2387011315
𧧺	pi	2386969834
𧧻	zha	2386928353
𧧾	hui	2386886872
𧨀	suo	2386845391
𧨀	zuo	2386803910
𧨂	he	2386762429
𧨄	yue	2386720948
𧨆	huang	2386679467
𧨆	wu	2386637986
𧨈	ling	2386596505
𧨈	wu	2386555024
𧨋	hua	2386513543
𧨗	chan	2386472062
𧨟	e	2386430581
𧨡	chen	2386389100
𧨧	sui	2386347619
𧨩	tian	2386306138
𧨰	zhi	2386264657
𧨱	ti	2386223176
𧨲	ao	2386181695
𧨴	zi	2386140214
𧨵	ke	2386098733
𧨷	se	2386057252
𧨸	tian	2386015771
𧨹	lu	2385974290
𧩃	chong	2385932809
𧩅	yan	2385891328
𧩒	mu	2385849847
𧩓	hu	2385808366
𧩚	chi	2385766885
𧩝	su	2385725404
𧩣	nao	2385683923
𧩨	hou	2385642442
𧩫	cha	2385600961
𧩫	zha	2385559480
𧩬	yin	2385517999
𧩮	sou	2385476518
𧩮	xiao	2385435037
𧩰	bian	2385393556
𧩱	beng	2385352075
𧩲	la	2385310594
𧩴	chi	2385269113
𧩶	qia	2385227632
𧩸	an	2385186151
𧩹	shi	2385144670
𧩹	yi	2385103189
𧪅	nu	2385061708
𧪇	ji	2385020227
𧪓	ou	2384978746
𧪕	xia	2384937265
𧪘	chai	2384895784
𧪘	cuo	2384854303
𧪘	jie	2384812822
𧪚	ai	2384771341
𧪝	sheng	2384729860
𧪠	ji	2384688379
𧪢	xi	2384646898
𧪣	zheng	2384605417
𧪨	ma	2384563936
𧪫	pi	2384522455
𧪯	qian	2384480974
𧪹	xia	2384439493
𧫊	yu	2384398012
𧫑	jie	2384356531
𧫒	xia	2384315050
𧫓	lu	2384273569
𧫕	qie	2384232088
𧫗	cha	2384190607
𧫛	yang	2384149126
𧫜	ji	2384107645
𧫞	lou	2384066164
𧫠	ji	2384024683
𧫡	zhi	2383983202
𧫢	wang	2383941721
𧫤	bi	2383900240
𧫥	an	2383858759
𧫦	yi	2383817278
𧫧	an	2383775797
𧫬	li	2383734316
𧫹	xian	2383692835
𧫾	jiu	2383651354
𧫿	tan	2383609873
𧬂	he	2383568392
𧬆	zhan	2383526911
𧬈	xi	2383485430
𧬊	si	2383443949
𧬊	xi	2383402468
𧬋	fa	2383360987
𧬏	mu	2383319506
𧬕	gu	2383278025
𧬦	chan	2383236544
𧬧	chuang	2383195063
𧬩	za	2383153582
𧬫	jian	2383112101
𧬬	ya	2383070620
𧬰	xiang	2383029139
𧬱	he	2382987658
𧭃	dan	2382946177
𧭇	mian	2382904696
𧭊	meng	2382863215
𧭌	lie	2382821734
𧭍	zhou	2382780253
𧭎	pu	2382738772
𧭏	tai	2382697291
𧭓	ying	2382655810
𧭔	teng	2382614329
𧭕	guo	2382572848
𧭚	qiang	2382531367
𧭜	lv	2382489886
𧭝	sa	2382448405
𧭟	chi	2382406924
𧭠	xie	2382365443
𧭣	guo	2382323962
𧭤	bao	2382282481
𧭦	juan	2382241000
𧭦	xuan	2382199519
𧭪	e	2382158038
𧭳	he	2382116557
𧭵	mei	2382075076
𧭸	xie	2382033595
𧭻	han	2381992114
𧭼	chen	2381950633
𧭽	shan	2381909152
𧭾	hui	2381867671
𧮍	an	2381826190
𧮑	ta	2381784709
𧮒	yi	2381743228
𧮗	liu	2381701747
𧮙	zuo	2381660266
𧮝	pin	2381618785
𧮞	xue	2381577304
𧮠	nen	2381535823
𧮡	dou	2381494342
𧮤	lan	2381452861
𧮫	jue	2381411380
𧮬	jue	2381369899
𧮬	zhen	2381328418
𧮭	ji	2381286937
𧮮	qian	2381245456
𧮰	han	2381203975
𧮱	fen	2381162494
𧮳	han	2381121013
𧮴	hong	2381079532
𧮵	he	2381038051
𧮶	hou	2380996570
𧮺	zhan	2380955089
𧮻	chou	2380913608
𧮻	xiao	2380872127
𧮼	tai	2380830646
𧮽	qian	2380789165
𧮿	she	2380747684
𧯀	ying	2380706203
𧯃	qin	2380664722
𧯆	huo	2380623241
𧯈	xi	2380581760
𧯉	he	2380540279
𧯊	xi	2380498798
𧯋	xia	2380457317
𧯌	hao	2380415836
𧯍	lao	2380374355
𧯏	li	2380332874
𧯒	cheng	2380291393
𧯖	jun	2380249912
𧯗	xi	2380208431
𧯘	han	2380166950
𧯞	dou	2380125469
𧯠	dou	2380083988
𧯡	wan	2380042507
𧯡	yue	2380001026
𧯤	dou	2379959545
𧯥	zai	2379918064
𧯦	juan	2379876583
𧯨	lou	2379835102
𧯩	chu	2379793621
𧯫	zheng	2379752140
𧯯	qi	2379710659
𧯰	kan	2379669178
𧯱	huo	2379627697
𧯱	yu	2379586216
𧯲	lai	2379544735
𧯺	gai	2379503254
𧯼	shou	2379461773
𧯾	dong	2379420292
𧰃	lou	2379378811
𧰄	tuan	2379337330
𧰇	yu	2379295849
𧰈	wu	2379254368
𧰊	tian	2379212887
𧰒	guo	2379171406
𧰘	tan	2379129925
𧰙	qi	2379088444
𧰠	lie	2379046963
𧰡	li	2379005482
𧰣	xun	2378964001
𧰨	geng	2378922520
𧰩	ting	2378881039
𧰪	han	2378839558
𧰫	chu	2378798077
𧰭	tun	2378756596
𧰯	xiong	2378715115
𧰰	you	2378673634
𧰱	mo	2378632153
𧰲	chi	2378590672
𧰴	hu	2378549191
𧰵	du	2378507710
𧰵	zhuo	2378466229
𧰷	mu	2378424748
𧰹	na	2378383267
𧰻	ling	2378341786
𧰿	ai	2378300305
𧱀	xian	2378258824
𧱄	kan	2378217343
𧱅	si	2378175862
𧱆	san	2378134381
𧱊	yi	2378092900
𧱏	yi	2378051419
𧱐	xiao	2378009938
𧱒	zhi	2377968457
𧱒	zhuo	2377926976
𧱓	dou	2377885495
𧱘	mai	2377844014
𧱜	lun	2377802533
𧱝	jue	2377761052
𧱝	jun	2377719571
𧱡	qiang	2377678090
𧱢	ling	2377636609
𧱩	pian	2377595128
𧱪	cou	2377553647
𧱫	duo	2377512166
𧱬	yu	2377470685
𧱰	zhuo	2377429204
𧱲	xi	2377387723
𧱳	huai	2377346242
𧱴	ming	2377304761
𧱵	tang	2377263280
𧱹	pu	2377221799
𧱼	man	2377180318
𧱾	guai	2377138837
𧲀	qian	2377097356
𧲂	lin	2377055875
𧲃	min	2377014394
𧲄	wei	2376972913
𧲅	ceng	2376931432
𧲇	hu	2376889951
𧲈	sui	2376848470
𧲋	ju	2376806989
𧲌	sha	2376765508
𧲍	meng	2376724027
𧲗	wei	2376682546
𧲘	xi	2376641065
𧲙	ling	2376599584
𧲜	bi	2376558103
𧲝	wei	2376516622
𧲡	li	2376475141
𧲢	zhe	2376433660
𧲤	yong	2376392179
𧲥	hu	2376350698
𧲦	he	2376309217
𧲦	wan	2376267736
𧲧	ba	2376226255
𧲨	jian	2376184774
𧲭	zuo	2376143293
𧲮	zhan	2376101812
𧲯	bo	2376060331
𧲰	chu	2376018850
𧲰	qiu	2375977369
𧲱	yang	2375935888
𧲴	dong	2375894407
𧲵	qu	2375852926
𧲺	pi	2375811445
𧲻	zhai	2375769964
𧲾	shan	2375728483
𧲿	gou	2375687002
𧳀	biao	2375645521
𧳀	nao	2375604040
𧳁	yi	2375562559
𧳂	fu	2375521078
𧳄	xin	2375479597
𧳅	shi	2375438116
𧳆	tong	2375396635
𧳉	ding	2375355154
𧳌	tu	2375313673
𧳍	xiao	2375272192
𧳎	wu	2375230711
𧳏	pei	2375189230
𧳐	hui	2375147749
𧳐	xi	2375106268
𧳙	si	2375064787
𧳚	cui	2375023306
𧳛	sha	2374981825
𧳜	zhou	2374940344
𧳝	zhao	2374898863
𧳞	wei	2374857382
𧳠	bi	2374815901
𧳣	dong	2374774420
𧳦	nao	2374732939
𧳧	xie	2374691458
𧳨	rao	2374649977
𧳩	tuan	2374608496
𧳪	wei	2374567015
𧳫	jiu	2374525534
𧳫	qiu	2374484053
𧳫	you	2374442572
𧳬	mei	2374401091
𧳭	yuan	2374359610
𧳮	zhong	2374318129
𧳶	sou	2374276648
𧳸	gu	2374235167
𧳹	shao	2374193686
𧳻	zhao	2374152205
𧳼	pi	2374110724
𧳿	tong	2374069243
𧴁	chi	2374027762
𧴂	peng	2373986281
𧴃	chan	2373944800
𧴄	yong	2373903319
𧴅	shuang	2373861838
𧴇	wu	2373820357
𧴉	pi	2373778876
𧴊	huan	2373737395
𧴌	fu	2373695914
𧴎	biao	2373654433
𧴓	nao	2373612952
𧴕	biao	2373571471
𧴖	wei	2373529990
𧴗	yong	2373488509
𧴙	nao	2373447028
𧴚	guai	2373405547
𧴠	li	2373364066
𧴢	xin	2373322585
𧴣	yan	2373281104
𧴤	po	2373239623
𧴥	pei	2373198142
𧴬	ren	2373156661
𧴭	shan	2373115180
𧴸	dan	2373073699
𧴺	men	2373032218
𧵃	shou	2372990737
𧵈	gou	2372949256
𧵋	shi	2372907775
𧵌	yang	2372866294
𧵎	gu	2372824813
𧵞	ju	2372783332
𧵠	pai	2372741851
𧵡	ce	2372700370
𧵢	bao	2372658889
𧵣	min	2372617408
𧵣	xiong	2372575927
𧵤	cai	2372534446
𧵤	zhu	2372492965
𧵧	lin	2372451484
𧵨	ai	2372410003
𧵬	mi	2372368522
𧵬	shen	2372327041
𧵭	lai	2372285560
𧵱	xiao	2372244079
𧵻	huo	2372202598
𧵼	ni	2372161117
𧶆	lin	2372119636
𧶇	zha	2372078155
𧶊	yun	2372036674
𧶍	xu	2371995193
𧶕	wo	2371953712
𧶖	xi	2371912231
𧶙	bei	2371870750
𧶜	shang	2371829269
𧶠	yu	2371787788
𧶡	mi	2371746307
𧶵	cha	2371704826
𧶶	fan	2371663345
𧶷	ze	2371621864
𧶸	cheng	2371580383
𧶺	ting	2371538902
𧷅	yi	2371497421
𧷋	yao	2371455940
𧷐	fen	2371414459
𧷑	xie	2371372978
𧷒	cheng	2371331497
𧷟	bin	2371290016
𧷥	yi	2371248535
𧷦	mi	2371207054
𧷧	xie	2371165573
𧷱	gui	2371124092
𧷳	luo	2371082611
𧷶	shan	2371041130
𧷾	ju	2370999649
𧷿	du	2370958168
𧸂	xian	2370916687
𧸅	zhi	2370875206
𧸈	bin	2370833725
𧸕	zhi	2370792244
𧸗	xue	2370750763
𧸙	sui	2370709282
𧸧	ju	2370667801
𧸨	mian	2370626320
𧸩	xun	2370584839
𧸲	zhi	2370543358
𧸽	wei	2370501877
𧸾	quan	2370460396
𧸾	xuan	2370418915
𧸿	chai	2370377434
𧹊	yue	2370335953
𧹌	zi	2370294472
𧹐	luo	2370252991
𧹛	zhi	2370211510
𧹞	nan	2370170029
𧹞	nian	2370128548
𧹣	han	2370087067
𧹨	xi	2370045586
𧹩	lin	2370004105
𧹬	yan	2369962624
𧹭	xu	2369921143
𧹲	hu	2369879662
𧹳	gan	2369838181
𧹴	huo	2369796700
𧹴	xu	2369755219
𧹶	xi	2369713738
𧹺	cui	2369672257
𧹽	xi	2369630776
𧹾	hu	2369589295
𧺅	yan	2369547814
𧺎	yi	2369506333
𧺏	chi	2369464852
𧺐	jue	2369423371
𧺒	zu	2369381890
𧺜	jiao	2369340409
𧺝	yi	2369298928
𧺟	tan	2369257447
𧺠	chi	2369215966
𧺡	ba	2369174485
𧺢	tou	2369133004
𧺢	yi	2369091523
𧺣	zong	2369050042
𧺤	ju	2369008561
𧺤	qiu	2368967080
𧺧	chi	2368925599
𧺨	xi	2368884118
𧺰	ni	2368842637
𧺲	cu	2368801156
𧺴	wu	2368759675
𧺶	chu	2368718194
𧺷	su	2368676713
𧺸	yong	2368635232
𧺹	ju	2368593751
𧺺	ba	2368552270
𧺼	ci	2368510789
𧺽	di	2368469308
𧺾	pan	2368427827
𧺿	chi	2368386346
𧺿	yi	2368344865
𧻁	qiu	2368303384
𧻃	qu	2368261903
𧻃	yan	2368220422
𧻍	zhai	2368178941
𧻒	xian	2368137460
𧻓	beng	2368095979
𧻔	kuang	2368054498
𧻕	qi	2368013017
𧻖	zhou	2367971536
𧻗	ju	2367930055
𧻘	qie	2367888574
𧻙	mo	2367847093
𧻙	po	2367805612
𧻚	yuan	2367764131
𧻜	gui	2367722650
𧻜	kui	2367681169
𧻝	zui	2367639688
𧻧	qie	2367598207
𧻰	hu	2367556726
𧻰	zao	2367515245
𧻱	qiu	2367473764
𧻲	hai	2367432283
𧻲	kui	2367390802
𧻳	fu	2367349321
𧻴	lang	2367307840
𧻵	sha	2367266359
𧻶	xi	2367224878
𧻷	bu	2367183397
𧻸	shi	2367141916
𧻹	yong	2367100435
𧻺	guang	2367058954
𧻺	kuang	2367017473
𧻼	nie	2366975992
𧻿	hou	2366934511
𧼊	mi	2366893030
𧼎	e	2366851549
𧼏	xian	2366810068
𧼐	qun	2366768587
𧼐	yun	2366727106
𧼑	xu	2366685625
𧼒	qin	2366644144
𧼓	dong	2366602663
𧼔	leng	2366561182
𧼕	qi	2366519701
𧼖	lan	2366478220
𧼗	fu	2366436739
𧼘	qi	2366395258
𧼙	chong	2366353777
𧼜	cu	2366312296
𧼟	mo	2366270815
𧼠	bei	2366229334
𧼤	dao	2366187853
𧼨	jie	2366146372
𧼨	jue	2366104891
𧼩	chong	2366063410
𧼩	dong	2366021929
𧼪	chi	2365980448
𧼫	yu	2365938967
𧼬	cui	2365897486
𧼭	qiu	2365856005
𧼭	sou	2365814524
𧼭	su	2365773043
𧼯	shu	2365731562
𧼯	yu	2365690081
𧼰	zha	2365648600
𧼱	bi	2365607119
𧼱	fu	2365565638
𧼳	che	2365524157
𧼴	fo	2365482676
𧼴	zhi	2365441195
𧼵	hou	2365399714
𧼶	zha	2365358233
𧽄	jie	2365316752
𧽅	zha	2365275271
𧽆	zhan	2365233790
𧽉	yan	2365192309
𧽊	hai	2365150828
𧽋	wu	2365109347
𧽌	hua	2365067866
𧽍	dian	2365026385
𧽎	yao	2364984904
𧽏	sou	2364943423
𧽐	qian	2364901942
𧽑	ji	2364860461
𧽒	xiong	2364818980
𧽓	qi	2364777499
𧽔	jun	2364736018
𧽖	hai	2364694537
𧽞	yan	2364653056
𧽟	jie	2364611575
𧽠	cui	2364570094
𧽣	zhang	2364528613
𧽤	piao	2364487132
𧽥	lu	2364445651
𧽦	zhi	2364404170
𧽧	chu	2364362689
𧽨	mi	2364321208
𧽩	qiang	2364279727
𧽫	lian	2364238246
𧽲	li	2364196765
𧽶	e	2364155284
𧽷	su	2364113803
𧽸	gui	2364072322
𧽸	jue	2364030841
𧽻	ju	2363989360
𧽼	tan	2363947879
𧽽	liao	2363906398
𧽾	cun	2363864917
𧽾	san	2363823436
𧽿	dong	2363781955
𧾁	za	2363740474
𧾂	zhi	2363698993
𧾆	xuan	2363657512
𧾇	ling	2363616031
𧾊	deng	2363574550
𧾍	chan	2363533069
𧾍	zhan	2363491588
𧾎	xuan	2363450107
𧾏	qin	2363408626
𧾐	jiao	2363367145
𧾑	pi	2363325664
𧾔	han	2363284183
𧾚	yu	2363242702
𧾛	guo	2363201221
𧾝	xun	2363159740
𧾠	xun	2363118259
𧾡	chan	2363076778
𧾢	ji	2363035297
𧾢	jie	2362993816
𧾣	ju	2362952335
𧾤	yan	2362910854
𧾧	hong	2362869373
𧾨	xian	2362827892
𧾩	xuan	2362786411
𧾩	xun	2362744930
𧾮	ling	2362703449
𧾯	jie	2362661968
𧾰	yi	2362620487
𧾱	qu	2362579006
𧾲	gan	2362537525
𧾳	feng	2362496044
𧾵	jue	2362454563
𧾶	qu	2362413082
𧾻	jiu	2362371601
𧾽	ji	2362330120
𧾾	ji	2362288639
𧿁	yue	2362247158
𧿅	xi	2362205677
𧿆	pang	2362164196
𧿉	ku	2362122715
𧿉	wu	2362081234
𧿋	ku	2362039753
𧿌	zha	2361998272
𧿏	ba	2361956791
𧿒	chen	2361915310
𧿓	hu	2361873829
𧿔	nu	2361832348
𧿕	e	2361790867
𧿖	xiong	2361749386
𧿗	dun	2361707905
𧿘	sheng	2361666424
𧿙	wan	2361624943
𧿚	fen	2361583462
𧿝	xi	2361541981
𧿞	zi	2361500500
𧿠	di	2361459019
𧿠	hu	2361417538
𧿥	bie	2361376057
𧿧	tuo	2361334576
𧿨	ban	2361293095
𧿩	ge	2361251614
𧿫	ke	2361210133
𧿲	bo	2361168652
𧿲	zhui	2361127171
𧿳	fei	2361085690
𧿳	fu	2361044209
𧿴	mo	2361002728
𧿵	jia	2360961247
𧿶	tuo	2360919766
𧿷	yu	2360878285
𧿹	mu	2360836804
𧿺	jue	2360795323
𧿻	ju	2360753842
𧿼	gua	2360712361
𧿽	po	2360670880
𨀀	ni	2360629399
𨀀	nian	2360587918
𨀄	wa	2360546437
𨀅	yan	2360504956
𨀔	chou	2360463475
𨀕	kuang	2360421994
𨀖	hai	2360380513
𨀘	xiang	2360339032
𨀙	xi	2360297551
𨀛	cun	2360256070
𨀜	tong	2360214589
𨀝	ruo	2360173108
𨀟	duo	2360131627
𨀠	che	2360090146
𨀤	lei	2360048665
𨀥	zi	2360007184
𨀧	zheng	2359965703
𨀨	zuo	2359924222
𨀫	kang	2359882741
𨀬	zai	2359841260
𨀮	xuan	2359799779
𨀮	yuan	2359758298
𨀯	qiong	2359716817
𨀳	fa	2359675336
𨀴	xun	2359633855
𨀶	ji	2359592374
𨀸	cha	2359550893
𨁀	chou	2359509412
𨁀	shu	2359467931
𨁁	xuan	2359426450
𨁃	ti	2359384969
𨁄	han	2359343488
𨁅	xian	2359302007
𨁆	shan	2359260526
𨁇	tun	2359219045
𨁈	geng	2359177564
𨁈	hang	2359136083
𨁉	kun	2359094602
𨁊	cen	2359053121
𨁋	dou	2359011640
𨁌	nuo	2358970159
𨁍	yan	2358928678
𨁎	cheng	2358887197
𨁎	jing	2358845716
𨁏	pu	2358804235
𨁐	qi	2358762754
𨁑	yue	2358721273
𨁒	fu	2358679792
𨁗	ting	2358638311
𨁟	wo	2358596830
𨁠	sheng	2358555349
𨁡	tuo	2358513868
𨁶	ya	2358472387
𨁷	zhi	2358430906
𨁸	li	2358389425
𨁸	lu	2358347944
𨁹	yan	2358306463
𨁺	ju	2358264982
𨁽	de	2358223501
𨁿	chu	2358182020
𨁿	zhuo	2358140539
𨂀	zu	2358099058
𨂁	e	2358057577
𨂂	xue	2358016096
𨂂	zhi	2357974615
𨂃	peng	2357933134
𨂅	bie	2357891653
𨂇	di	2357850172
𨂒	ye	2357808691
𨂜	hao	2357767210
𨂝	pan	2357725729
𨂞	tan	2357684248
𨂟	kang	2357642767
𨂠	lv	2357601286
𨂠	xu	2357559805
𨂡	zou	2357518324
𨂢	ji	2357476843
𨂣	wu	2357435362
𨂦	chuan	2357393881
𨂩	po	2357352400
𨂪	yan	2357310919
𨂫	tuo	2357269438
𨂭	du	2357227957
𨂯	pian	2357186476
𨂰	chi	2357144995
𨂱	hun	2357103514
𨂲	ping	2357062033
𨂴	cong	2357020552
𨂵	zha	2356979071
𨂿	wai	2356937590
𨃃	e	2356896109
𨃄	wei	2356854628
𨃅	bai	2356813147
𨃇	jiang	2356771666
𨃓	cha	2356730185
𨃕	chu	2356688704
𨃖	kua	2356647223
𨃗	teng	2356605742
𨃙	li	2356564261
𨃚	ta	2356522780
𨃛	sa	2356481299
𨃞	pan	2356439818
𨃟	pan	2356398337
𨃣	sao	2356356856
𨃤	kao	2356315375
𨃤	qiao	2356273894
𨃨	zhan	2356232413
𨃩	shan	2356190932
𨃭	zu	2356149451
𨃯	zhi	2356107970
𨃰	yan	2356066489
𨃲	jie	2356025008
𨃳	neng	2355983527
𨄅	qu	2355942046
𨄇	deng	2355900565
𨄇	teng	2355859084
𨄈	liang	2355817603
𨄊	qie	2355776122
𨄋	lou	2355734641
𨄌	die	2355693160
𨄌	xie	2355651679
𨄍	cui	2355610198
𨄐	ji	2355568717
𨄓	chao	2355527236
𨄔	shuan	2355485755
𨄕	zu	2355444274
𨄗	kang	2355402793
𨄚	qiang	2355361312
𨄛	li	2355319831
𨄮	shuai	2355278350
𨄯	yu	2355236869
𨄱	lei	2355195388
𨅅	po	2355153907
𨅊	che	2355112426
𨅊	zhe	2355070945
𨅋	xiao	2355029464
𨅎	cui	2354987983
𨅏	lan	2354946502
𨅑	xu	2354905021
𨅒	chu	2354863540
𨅒	shu	2354822059
𨅓	da	2354780578
𨅓	zha	2354739097
𨅔	can	2354697616
𨅗	bi	2354656135
𨅘	peng	2354614654
𨅝	cheng	2354573173
𨅣	qiao	2354531692
𨅤	ji	2354490211
𨅪	zhai	2354448730
𨆁	tian	2354407249
𨆁	yan	2354365768
𨆂	sa	2354324287
𨆃	jin	2354282806
𨆄	zhu	2354241325
𨆇	cha	2354199844
𨆈	juan	2354158363
𨆊	beng	2354116882
𨆌	fan	2354075401
𨆍	lie	2354033920
𨆎	zei	2353992439
𨆏	sui	2353950958
𨆙	se	2353909477
𨆧	zhi	2353867996
𨆨	tui	2353826515
𨆬	chuo	2353785034
𨆰	da	2353743553
𨆰	ta	2353702072
𨆲	wen	2353660591
𨆵	po	2353619110
𨆽	mo	2353577629
𨆾	ca	2353536148
𨇃	cuo	2353494667
𨇃	zuan	2353453186
𨇄	rao	2353411705
𨇅	bao	2353370224
𨇆	lai	2353328743
𨇎	li	2353287262
𨇕	jiao	2353245781
𨇖	lu	2353204300
𨇘	long	2353162819
𨇙	gui	2353121338
𨇝	chan	2353079857
𨇦	chan	2353038376
𨇨	xie	2352996895
𨇩	zhan	2352955414
𨇻	mi	2352913933
𨇼	luan	2352872452
𨈈	die	2352830971
𨈋	yue	2352789490
𨈎	luan	2352748009
𨈓	leng	2352706528
𨈕	wai	2352665047
𨈖	din	2352623566
𨈗	nen	2352582085
𨈘	shao	2352540604
𨈙	xie	2352499123
𨈙	zhi	2352457642
𨈚	pi	2352416161
𨈥	mao	2352374680
𨈧	yin	2352333199
𨈩	bo	2352291718
𨈫	zhu	2352250237
𨈮	chong	2352208756
𨈶	mu	2352167275
𨈷	tuo	2352125794
𨈹	tong	2352084313
𨈺	ye	2352042832
𨉁	huang	2352001351
𨉃	ren	2351959870
𨉅	ye	2351918389
𨉋	tuo	2351876908
𨉚	a	2351835427
𨉜	zhou	2351793946
𨉝	wan	2351752465
𨉡	duo	2351710984
𨉢	zhong	2351669503
𨉣	ha	2351628022
𨉤	huang	2351586541
𨉥	mian	2351545060
𨉥	ti	2351503579
𨉩	chun	2351462098
𨉪	qie	2351420617
𨉫	gong	2351379136
𨉫	qiong	2351337655
𨉬	ting	2351296174
𨉭	mei	2351254693
𨉱	tang	2351213212
𨉴	rong	2351171731
𨉷	rong	2351130250
𨉸	qi	2351088769
𨉽	xiang	2351047288
𨉾	tian	2351005807
𨊅	xiao	2350964326
𨊈	zhan	2350922845
𨊉	cui	2350881364
𨊔	lan	2350839883
𨊘	qu	2350798402
𨊘	shen	2350756921
𨊚	lei	2350715440
𨊛	li	2350673959
𨊝	chan	2350632478
𨊞	nie	2350590997
𨊟	luan	2350549516
𨊡	ting	2350508035
𨊢	hui	2350466554
𨊢	shao	2350425073
𨊧	gong	2350383592
𨊱	yu	2350342111
𨊳	xin	2350300630
𨊺	dai	2350259149
𨊼	xuan	2350217668
𨊿	jue	2350176187
𨋀	niu	2350134706
𨋈	du	2350093225
𨋉	ji	2350051744
𨋐	pa	2350010263
𨋑	gong	2349968782
𨋒	ben	2349927301
𨋔	ju	2349885820
𨋔	keng	2349844339
𨋕	ang	2349802858
𨋕	yang	2349761377
𨋖	liu	2349719896
𨋗	ni	2349678415
𨋘	zha	2349636934
𨋙	yin	2349595453
𨋛	pao	2349553972
𨋝	gong	2349512491
𨋞	bu	2349471010
𨋟	he	2349429529
𨋠	rong	2349388048
𨋡	gui	2349346567
𨋥	bi	2349305086
𨋦	xi	2349263605
𨋧	ju	2349222124
𨋨	hun	2349180643
𨋩	bi	2349139162
𨋩	fu	2349097681
𨋫	tiao	2349056200
𨋬	cheng	2349014719
𨋬	zheng	2348973238
𨋯	yi	2348931757
𨋰	ci	2348890276
𨋲	bing	2348848795
𨋷	gong	2348807314
𨋺	fa	2348765833
𨋽	yang	2348724352
𨋾	xu	2348682871
𨌁	chun	2348641390
𨌁	hong	2348599909
𨌅	chai	2348558428
𨌆	hong	2348516947
𨌌	zhi	2348475466
𨌍	xing	2348433985
𨌎	xu	2348392504
𨌑	zhen	2348351023
𨌔	wan	2348309542
𨌘	jun	2348268061
𨌝	huo	2348226580
𨌝	wo	2348185099
𨌠	lu	2348143618
𨌢	zheng	2348102137
𨌣	rong	2348060656
𨌤	cheng	2348019175
𨌥	fu	2347977694
𨌧	e	2347936213
𨌨	tao	2347894732
𨌩	tang	2347853251
𨌫	juan	2347811770
𨌬	chao	2347770289
𨌭	ta	2347728808
𨌮	di	2347687327
𨌰	zong	2347645846
𨌳	keng	2347604365
𨌴	tui	2347562884
𨌶	keng	2347521403
𨍅	rong	2347479922
𨍆	yun	2347438441
𨍇	he	2347396960
𨍉	cong	2347355479
𨍉	zong	2347313998
𨍊	qiu	2347272517
𨍎	mu	2347231036
𨍑	keng	2347189555
𨍛	du	2347148074
𨍜	kan	2347106593
𨍞	ying	2347065112
𨍢	zi	2347023631
𨍧	huang	2346982150
𨍩	peng	2346940669
𨍫	li	2346899188
𨍭	bo	2346857707
𨍭	po	2346816226
𨍮	ge	2346774745
𨍮	li	2346733264
𨍯	ju	2346691783
𨍲	gun	2346650302
𨍲	hu	2346608821
𨍳	yao	2346567340
𨍴	tang	2346525859
𨍶	qiong	2346484378
𨍷	rong	2346442897
𨍸	liu	2346401416
𨍺	ji	2346359935
𨎉	zhi	2346318454
𨎋	cheng	2346276973
𨎋	tang	2346235492
𨎍	kang	2346194011
𨎍	liang	2346152530
𨎔	yang	2346111049
𨎖	chang	2346069568
𨎖	tang	2346028087
𨎗	hong	2345986606
𨎛	liang	2345945125
𨎝	cao	2345903644
𨎡	nai	2345862163
𨎢	zong	2345820682
𨎤	deng	2345779201
𨎦	jiao	2345737720
𨎧	peng	2345696239
𨎫	jian	2345654758
𨎬	jiao	2345613277
𨎭	nuo	2345571796
𨎳	peng	2345530315
𨎴	dang	2345488834
𨎶	qu	2345447353
𨎷	lian	2345405872
𨎸	mu	2345364391
𨎹	lan	2345322910
𨎾	fen	2345281429
𨏂	hun	2345239948
𨏂	xuan	2345198467
𨏆	kuang	2345156986
𨏈	yin	2345115505
𨏉	shuan	2345074024
𨏊	jian	2345032543
𨏚	ge	2344991062
𨏛	nian	2344949581
𨏛	rang	2344908100
𨏞	pin	2344866619
𨏤	zhen	2344825138
𨏨	lin	2344783657
𨏩	lian	2344742176
𨏪	shan	2344700695
𨏫	bo	2344659214
𨏬	li	2344617733
𨏳	xie	2344576252
𨏴	ge	2344534771
𨏵	min	2344493290
𨏶	lian	2344451809
𨏹	jue	2344410328
𨏺	zhou	2344368847
𨏿	ke	2344327366
𨐁	die	2344285885
𨐋	qian	2344244404
𨐍	shen	2344202923
𨐐	yin	2344161442
𨐑	jie	2344119961
𨐔	shen	2344078480
𨐕	ci	2344036999
𨐕	shen	2343995518
𨐖	sa	2343954037
𨐛	xi	2343912556
𨐡	ku	2343871075
𨐣	qu	2343829594
𨐥	ge	2343788113
𨐦	ban	2343746632
𨐨	bi	2343705151
𨐩	qian	2343663670
𨐰	bin	2343622189
𨐱	ban	2343580708
𨐳	zuo	2343539227
𨐴	pi	2343497746
𨐾	ban	2343456265
𨐾	bian	2343414784
𨑌	chen	2343373303
𨑎	peng	2343331822
𨑑	fu	2343290341
𨑒	tu	2343248860
𨑜	pi	2343207379
𨑝	po	2343165898
𨑠	chi	2343124417
𨑣	xue	2343082936
𨑤	qi	2343041455
𨑥	wu	2342999974
𨑨	zhi	2342958493
𨑩	di	2342917012
𨑪	cong	2342875531
𨑫	you	2342834050
𨑼	di	2342792569
𨑽	zhuo	2342751088
𨑿	zou	2342709607
𨒀	cong	2342668126
𨒃	pan	2342626645
𨒄	yan	2342585164
𨒅	qi	2342543683
𨒆	rong	2342502202
𨒇	jia	2342460721
𨒉	sui	2342419240
𨒉	zhi	2342377759
𨒉	zhui	2342336278
𨒊	qiu	2342294797
𨒋	yue	2342253316
𨒍	shi	2342211835
𨒑	hao	2342170354
𨒙	hou	2342128873
𨒙	tuo	2342087392
𨒜	bie	2342045911
𨒞	kan	2342004430
𨒢	chuo	2341962949
𨒤	ci	2341921468
𨒦	yin	2341879987
𨒧	shi	2341838506
𨒨	hai	2341797025
𨒨	nai	2341755544
𨒩	ruan	2341714063
𨒫	ni	2341672582
𨒫	yang	2341631101
𨒬	chi	2341589620
𨒮	ci	2341548139
𨒱	gong	2341506658
𨒲	mi	2341465177
𨒲	xue	2341423696
𨒴	ji	2341382215
𨒼	gen	2341340734
𨒽	suo	2341299253
𨒽	zao	2341257772
𨓁	beng	2341216291
𨓇	xin	2341174810
𨓈	kuo	2341133329
𨓊	die	2341091848
𨓍	ting	2341050367
𨓚	shui	2341008886
𨓞	dai	2340967405
𨓦	li	2340925924
𨓨	yong	2340884443
𨓩	jiao	2340842962
𨓬	ta	2340801481
𨓭	cou	2340760000
𨓭	qu	2340718519
𨓮	yin	2340677038
𨓯	yuan	2340635557
𨓰	jie	2340594076
𨓲	qian	2340552595
𨓳	yao	2340511114
𨓴	ya	2340469633
𨓷	qing	2340428152
𨓿	pei	2340386671
𨔗	jia	2340345190
𨔙	tou	2340303709
𨔛	ti	2340262228
𨔡	chuan	2340220747
𨔡	dun	2340179266
𨔡	tun	2340137785
𨔢	chan	2340096304
𨔣	jia	2340054823
𨔤	chi	2340013342
𨔥	jian	2339971861
𨔥	jin	2339930380
𨔦	shu	2339888899
𨔯	ta	2339847418
𨕕	zhi	2339805937
𨕗	yuan	2339764456
𨕚	hu	2339722975
𨕜	lie	2339681494
𨕠	ze	2339640013
𨕢	chu	2339598532
𨕦	qiu	2339557051
𨕧	beng	2339515570
𨕹	huan	2339474089
𨕺	kua	2339432608
𨕻	sheng	2339391127
𨕽	jie	2339349646
𨕿	wang	2339308165
𨖃	hu	2339266684
𨖊	ji	2339225203
𨖊	ze	2339183722
𨖋	zan	2339142241
𨖋	zhi	2339100760
𨖌	yang	2339059279
𨖎	chi	2339017798
𨖏	jiu	2338976317
𨖚	liao	2338934836
𨖛	yu	2338893355
𨖠	bian	2338851874
𨖢	kuang	2338810393
𨖬	chou	2338768912
𨖭	ya	2338727431
𨖮	zhuo	2338685950
𨖰	qie	2338644469
𨖱	xian	2338602988
𨖳	yuan	2338561507
𨖴	wu	2338520026
𨖵	jiao	2338478545
𨖶	xiang	2338437064
𨖷	sha	2338395583
𨖹	zhi	2338354102
𨖼	chong	2338312621
𨖾	bian	2338271140
𨖿	wei	2338229659
𨗓	dao	2338188178
𨗝	ju	2338146697
𨗝	yu	2338105216
𨗞	tui	2338063735
𨗡	chao	2338022254
𨗥	hui	2337980773
𨗦	qian	2337939292
𨗨	wei	2337897811
𨗰	you	2337856330
𨗼	dai	2337814849
𨗼	di	2337773368
𨗾	da	2337731887
𨘁	you	2337690406
𨘂	jiu	2337648925
𨘃	tui	2337607444
𨘄	zan	2337565963
𨘇	hui	2337524482
𨘉	sha	2337483001
𨘔	yao	2337441520
𨘙	xian	2337400039
𨘞	xian	2337358558
𨘬	di	2337317077
𨘮	jiu	2337275596
𨘲	hui	2337234115
𨘴	kao	2337192634
𨘵	you	2337151153
𨘸	li	2337109672
𨘼	chuan	2337068191
𨘾	chi	2337026710
𨙀	huo	2336985229
𨙂	you	2336943748
𨙄	yue	2336902267
𨙎	ta	2336860786
𨙏	zan	2336819305
𨙓	nie	2336777824
𨙔	zhu	2336736343
𨙡	xian	2336694862
𨙩	shi	2336653381
𨙫	kou	2336611900
𨙬	qi	2336570419
𨙭	tu	2336528938
𨙮	fan	2336487457
𨙯	cun	2336445976
𨙲	cun	2336404495
𨙲	tun	2336363014
𨙳	cha	2336321533
𨙴	cai	2336280052
𨙴	zai	2336238571
𨙵	xiang	2336197090
𨙶	pei	2336155609
𨙷	jing	2336114128
𨙸	qi	2336072647
𨙸	zhi	2336031166
𨙹	shao	2335989685
𨙺	niu	2335948204
𨙻	na	2335906723
𨙽	qin	2335865242
𨚍	bei	2335823761
𨚍	bi	2335782280
𨚓	bi	2335740799
𨚓	fei	2335699318
𨚓	fu	2335657837
𨚔	bao	2335616356
𨚕	bian	2335574875
𨚖	zi	2335533394
𨚗	na	2335491913
𨚘	wei	2335450432
𨚙	hao	2335408951
𨚡	jin	2335367470
𨚣	zheng	2335325989
𨚧	qie	2335284508
𨚮	hao	2335243027
𨚯	tong	2335201546
𨚰	zao	2335160065
𨚱	sheng	2335118584
𨚲	cun	2335077103
𨚳	huang	2335035622
𨚴	ru	2334994141
𨚵	zai	2334952660
𨚶	nian	2334911179
𨚾	xian	2334869698
𨛈	quan	2334828217
𨛉	ji	2334786736
𨛊	yin	2334745255
𨛋	li	2334703774
𨛌	mang	2334662293
𨛍	shao	2334620812
𨛎	han	2334579331
𨛏	cuo	2334537850
𨛐	jun	2334496369
𨛑	ji	2334454888
𨛒	bu	2334413407
𨛓	long	2334371926
𨛔	fou	2334330445
𨛕	you	2334288964
𨛖	kuai	2334247483
𨛜	xiang	2334206002
𨛡	yun	2334164521
𨛣	qin	2334123040
𨛤	hui	2334081559
𨛥	pu	2334040078
𨛫	li	2333998597
𨛬	pei	2333957116
𨛭	she	2333915635
𨛭	shu	2333874154
𨛮	ju	2333832673
𨛯	yi	2333791192
𨛰	zheng	2333749711
𨛱	chong	2333708230
𨛳	ji	2333666749
𨛳	xi	2333625268
𨛵	hu	2333583787
𨛶	rou	2333542306
𨛶	shou	2333500825
𨜌	huan	2333459344
𨜍	qiao	2333417863
𨜎	zhi	2333376382
𨜏	ying	2333334901
𨜐	xi	2333293420
𨜑	qiao	2333251939
𨜒	ji	2333210458
𨜓	zheng	2333168977
𨜔	huang	2333127496
𨜖	yu	2333086015
𨜗	zou	2333044534
𨜘	mei	2333003053
𨜜	sheng	2332961572
𨜩	quan	2332920091
𨜰	jiang	2332878610
𨜱	he	2332837129
𨜳	tong	2332795648
𨜴	he	2332754167
𨜵	wen	2332712686
𨜶	yi	2332671205
𨜷	pang	2332629724
𨜺	weng	2332588243
𨜻	qian	2332546762
𨜼	li	2332505281
𨜽	yi	2332463800
𨜾	chuang	2332422319
𨜿	xu	2332380838
𨝀	wei	2332339357
𨝆	ge	2332297876
𨝈	yu	2332256395
𨝋	zhai	2332214914
𨝌	gan	2332173433
𨝍	qian	2332131952
𨝎	kang	2332090471
𨝏	li	2332048990
𨝐	shen	2332007509
𨝑	guan	2331966028
𨝓	piao	2331924547
𨝖	li	2331883066
𨝘	hu	2331841585
𨝛	tu	2331800104
𨝜	shun	2331758623
𨝞	hu	2331717142
𨝟	li	2331675661
𨝢	lou	2331634180
𨝦	dang	2331592699
𨝨	zuo	2331551218
𨝩	shan	2331509737
𨝫	she	2331468256
𨝫	xi	2331426775
𨝭	feng	2331385294
𨝮	ju	2331343813
𨝮	zou	2331302332
𨝯	tong	2331260851
𨝰	jiao	2331219370
𨝱	qiao	2331177889
𨝲	gao	2331136408
𨝲	hao	2331094927
𨝳	zi	2331053446
𨝴	huang	2331011965
𨝵	shan	2330970484
𨝸	tan	2330929003
𨞌	tuo	2330887522
𨞎	ling	2330846041
𨞐	cheng	2330804560
𨞑	weng	2330763079
𨞒	zuo	2330721598
𨞓	yu	2330680117
𨞕	chu	2330638636
𨞕	zhu	2330597155
𨞗	qun	2330555674
𨞘	xi	2330514193
𨞙	qu	2330472712
𨞛	ge	2330431231
𨞢	qi	2330389750
𨞣	xu	2330348269
𨞩	que	2330306788
𨞫	meng	2330265307
𨞲	shen	2330223826
𨞳	qu	2330182345
𨞶	qiao	2330140864
𨞷	can	2330099383
𨞼	wan	2330057902
𨞽	lei	2330016421
𨞾	xing	2329974940
𨞿	lang	2329933459
𨟂	shi	2329891978
𨟃	zheng	2329850497
𨟄	fan	2329809016
𨟏	yin	2329767535
𨟖	mo	2329726054
𨟗	wei	2329684573
𨟙	ying	2329643092
𨟚	rang	2329601611
𨟠	jue	2329560130
𨟠	quan	2329518649
𨟠	que	2329477168
𨟥	luo	2329435687
𨟲	dai	2329394206
𨟴	yin	2329352725
𨟵	bi	2329311244
𨟶	ge	2329269763
𨟸	wen	2329228282
𨟹	yan	2329186801
𨟺	mian	2329145320
𨟼	gang	2329103839
𨟽	qiu	2329062358
𨟾	zhi	2329020877
𨠋	gu	2328979396
𨠌	tong	2328937915
𨠎	ling	2328896434
𨠏	ti	2328854953
𨠐	ci	2328813472
𨠑	tuo	2328771991
𨠑	yi	2328730510
𨠒	fan	2328689029
𨠓	po	2328647548
𨠔	bi	2328606067
𨠖	bao	2328564586
𨠟	peng	2328523105
𨠡	suan	2328481624
𨠤	nong	2328440143
𨠤	song	2328398662
𨠥	wei	2328357181
𨠦	xiao	2328315700
𨠬	hao	2328274219
𨠭	yan	2328232738
𨠶	yi	2328191257
𨠷	zao	2328149776
𨠸	ying	2328108295
𨠹	nan	2328066814
𨠿	za	2328025333
𨡁	tian	2327983852
𨡂	xi	2327942371
𨡃	jiao	2327900890
𨡄	yan	2327859409
𨡌	nei	2327817928
𨡍	tan	2327776447
𨡎	yan	2327734966
𨡏	tian	2327693485
𨡐	zhi	2327652004
𨡑	chou	2327610523
𨡒	tao	2327569042
𨡗	zha	2327527561
𨡞	mian	2327486080
𨡡	wu	2327444599
𨡢	yin	2327403118
𨡣	yan	2327361637
𨡤	lao	2327320156
𨡩	po	2327278675
𨡫	hun	2327237194
𨡬	hai	2327195713
𨡭	mu	2327154232
𨡮	cong	2327112751
𨡱	ding	2327071270
𨡱	ku	2327029789
𨡲	chou	2326988308
𨡴	you	2326946827
𨡸	zhuo	2326905346
𨡻	sou	2326863865
𨢂	yin	2326822384
𨢅	zui	2326780903
𨢆	sang	2326739422
𨢇	liu	2326697941
𨢈	han	2326656460
𨢉	wei	2326614979
𨢊	meng	2326573498
𨢋	hu	2326532017
𨢌	li	2326490536
𨢎	mi	2326449055
𨢎	yin	2326407574
𨢐	bang	2326366093
𨢑	jian	2326324612
𨢜	que	2326283131
𨢠	meng	2326241650
𨢢	mu	2326200169
𨢣	hong	2326158688
𨢤	hu	2326117207
𨢥	mi	2326075726
𨢦	shai	2326034245
𨢦	zha	2325992764
𨢩	shang	2325951283
𨢪	chao	2325909802
𨢬	tu	2325868321
𨢬	zhuo	2325826840
𨢮	zhi	2325785359
𨢯	nian	2325743878
𨢵	ji	2325702397
𨢸	ke	2325660916
𨢹	zheng	2325619435
𨣀	liao	2325577954
𨣁	zhan	2325536473
𨣂	gong	2325494992
𨣄	hua	2325453511
𨣅	chuai	2325412030
𨣇	jian	2325370549
𨣍	she	2325329068
𨣔	chen	2325287587
𨣕	tan	2325246106
𨣗	hu	2325204625
𨣘	meng	2325163144
𨣙	pao	2325121663
𨣚	zhan	2325080182
𨣛	chang	2325038701
𨣝	gan	2324997220
𨣝	jian	2324955739
𨣠	yi	2324914258
𨣢	sui	2324872777
𨣦	xu	2324831296
𨣬	yi	2324789815
𨣯	mi	2324748334
𨣱	mie	2324706853
𨣵	cuan	2324665372
𨣸	lan	2324623891
𨣻	yan	2324582410
𨣾	mi	2324540929
𨤂	yong	2324499448
𨤃	cang	2324457967
𨤃	za	2324416486
𨤄	jian	2324375005
𨤇	sou	2324333524
𨤇	zao	2324292043
𨤎	yan	2324250562
𨤑	juan	2324209081
𨤕	e	2324167600
𨤘	fen	2324126119
𨤚	fen	2324084638
𨤢	mai	2324043157
𨤤	lie	2324001676
𨤩	chong	2323960195
𨤫	li	2323918714
𨤱	zhi	2323877233
𨤴	xie	2323835752
𨤷	chou	2323794271
𨤹	ji	2323752790
𨤽	pi	2323711309
𨥂	jie	2323669828
𨥇	zhou	2323628347
𨥇	zhu	2323586866
𨥍	xiong	2323545385
𨥑	gong	2323503904
𨥑	kuang	2323462423
𨥞	qian	2323420942
𨥣	cen	2323379461
𨥧	bian	2323337980
𨥧	fan	2323296499
𨥧	wan	2323255018
𨥨	mao	2323213537
𨥪	dou	2323172056
𨥴	kou	2323130575
𨥶	dai	2323089094
𨥸	nao	2323047613
𨦂	lai	2323006132
𨦃	duo	2322964651
𨦄	qian	2322923170
𨦆	yin	2322881689
𨦖	lou	2322840208
𨦗	hui	2322798727
𨦛	fu	2322757246
𨦜	mao	2322715765
𨦞	zhou	2322674284
𨦭	lao	2322632803
𨦮	ji	2322591322
𨦯	yi	2322549841
𨦰	liu	2322508360
𨦳	nan	2322466879
𨧑	xiang	2322425398
𨧕	bian	2322383917
𨧖	chuang	2322342436
𨧗	wu	2322300955
𨧙	ju	2322259474
𨧥	xie	2322217993
𨧦	pi	2322176512
𨧧	zhuo	2322135031
𨧨	rui	2322093550
𨧨	zhui	2322052069
𨧪	sao	2322010588
𨧭	zheng	2321969107
𨧳	chi	2321927626
𨧵	zhi	2321886145
𨨗	quan	2321844664
𨨘	qian	2321803183
𨨙	ya	2321761702
𨨚	chao	2321720221
𨨜	ru	2321678740
𨨡	wu	2321637259
𨨬	chi	2321595778
𨨭	gong	2321554297
𨨭	kuang	2321512816
𨨰	ruan	2321471335
𨨱	kuo	2321429854
𨨲	chi	2321388373
𨨳	zu	2321346892
𨨴	jiao	2321305411
𨨶	yu	2321263930
𨨷	tu	2321222449
𨨸	meng	2321180968
𨨺	shuo	2321139487
𨨺	xue	2321098006
𨩥	feng	2321056525
𨩦	gou	2321015044
𨩧	dong	2320973563
𨩩	mao	2320932082
𨩪	chan	2320890601
𨩫	bian	2320849120
𨩬	yu	2320807639
𨩯	wan	2320766158
𨩲	zi	2320724677
𨩴	chuan	2320683196
𨩵	wan	2320641715
𨩶	wa	2320600234
𨩸	juan	2320558753
𨩸	quan	2320517272
𨩻	wan	2320475791
𨩽	xia	2320434310
𨪄	ying	2320392829
𨪉	ti	2320351348
𨪊	sao	2320309867
𨪌	qi	2320268386
𨪍	sha	2320226905
𨪎	yu	2320185424
𨪏	ji	2320143943
𨪐	dou	2320102462
𨪐	tou	2320060981
𨪑	chan	2320019500
𨪒	tuan	2319978019
𨪗	zhui	2319936538
𨪳	ruan	2319895057
𨪶	yan	2319853576
𨪷	gu	2319812095
𨪹	li	2319770614
𨪺	cha	2319729133
𨪾	di	2319687652
𨪿	liu	2319646171
𨫁	po	2319604690
𨫔	xie	2319563209
𨫔	zhi	2319521728
𨬁	lian	2319480247
𨬅	luo	2319438766
𨬍	dui	2319397285
𨬍	duo	2319355804
𨬐	jue	2319314323
𨬑	li	2319272842
𨬔	ruan	2319231361
𨬕	gu	2319189880
𨬗	xu	2319148399
𨬚	zhi	2319106918
𨭁	xue	2319065437
𨭂	bo	2319023956
𨭅	zhu	2318982475
𨭉	ban	2318940994
𨭓	die	2318899513
𨭺	jin	2318858032
𨮒	meng	2318816551
𨮬	piao	2318775070
𨮭	si	2318733589
𨮴	deng	2318692108
𨮸	chuo	2318650627
𨮹	di	2318609146
𨮺	ji	2318567665
𨮻	chan	2318526184
𨮿	zhuo	2318484703
𨯓	cai	2318443222
𨯞	jiang	2318401741
𨯲	tou	2318360260
𨯽	li	2318318779
𨰂	qian	2318277298
𨰆	chuo	2318235817
𨰏	ta	2318194336
𨰑	diao	2318152855
𨰓	jian	2318111374
𨰛	zhi	2318069893
𨰜	jue	2318028412
𨰞	mo	2317986931
𨰦	bao	2317945450
𨰸	yu	2317903969
𨰻	bao	2317862488
𨱙	kun	2317821007
𨱚	duan	2317779526
𨱛	song	2317738045
𨱜	qi	2317696564
𨱝	yang	2317655083
𨱡	shi	2317613602
𨱣	gai	2317572121
𨱦	dao	2317530640
𨱧	ao	2317489159
𨱧	yao	2317447678
𨱫	qian	2317406197
𨱭	shao	2317364716
𨱮	chang	2317323235
𨱯	miu	2317281754
𨱱	mo	2317240273
𨱵	nao	2317198792
𨱸	cong	2317157311
𨱺	nie	2317115830
𨱻	zhao	2317074349
𨱼	cen	2317032868
𨱿	song	2316991387
𨲀	nie	2316949906
𨲁	ci	2316908425
𨲄	jun	2316866944
𨲆	shao	2316825463
𨲈	zhu	2316783982
𨲉	duo	2316742501
𨲉	sheng	2316701020
𨲉	tuo	2316659539
𨲊	an	2316618058
𨲋	bi	2316576577
𨲎	ti	2316535096
𨲐	pi	2316493615
𨲑	xia	2316452134
𨲒	qiu	2316410653
𨲓	sheng	2316369172
𨲗	tang	2316327691
𨲛	man	2316286210
𨲛	mian	2316244729
𨲜	pian	2316203248
𨲞	ti	2316161767
𨲟	rong	2316120286
𨲧	cong	2316078805
𨲪	ji	2316037324
𨲫	feng	2315995843
𨲬	wu	2315954362
𨲮	lao	2315912881
𨲯	zeng	2315871400
𨲰	peng	2315829919
𨲱	can	2315788438
𨲵	chan	2315746957
𨲾	man	2315705476
𨲾	mian	2315663995
𨲿	gui	2315622514
𨳀	niao	2315581033
𨳁	chong	2315539552
𨳂	chan	2315498071
𨳆	nang	2315456590
𨳉	xia	2315415109
𨳊	jiu	2315373628
𨳋	ji	2315332147
𨳍	qi	2315290666
𨳔	men	2315249185
𨳗	zhong	2315207704
𨳘	tun	2315166223
𨳛	xi	2315124742
𨳝	run	2315083261
𨳝	ting	2315041780
𨳠	wang	2315000299
𨳡	guan	2314958818
𨳡	jian	2314917337
𨳣	fen	2314875856
𨳲	bi	2314834375
𨳲	bian	2314792894
𨳷	yi	2314751413
𨳺	die	2314709932
𨳻	ji	2314668451
𨳼	gan	2314626970
𨴀	jiong	2314585489
𨴆	kai	2314544008
𨴊	guan	2314502527
𨴊	que	2314461046
𨴌	nan	2314419565
𨴍	mou	2314378084
𨴎	xu	2314336603
𨴏	song	2314295122
𨴐	shen	2314253641
𨴒	que	2314212160
𨴓	wei	2314170679
𨴘	nan	2314129198
𨴚	ruo	2314087717
𨴛	gong	2314046236
𨴜	dou	2314004755
𨴜	you	2313963274
𨴞	nian	2313921793
𨴡	chao	2313880312
𨴢	he	2313838831
𨴣	yan	2313797350
𨴩	tu	2313755869
𨴪	bu	2313714388
𨴬	hu	2313672907
𨴭	yong	2313631426
𨴯	shi	2313589945
𨴰	chu	2313548464
𨴺	men	2313506983
𨴻	li	2313465502
𨴾	jian	2313424021
𨵂	zhi	2313382540
𨵃	fu	2313341059
𨵃	gua	2313299578
𨵃	yue	2313258097
𨵄	guan	2313216616
𨵈	fei	2313175135
𨵉	yu	2313133654
𨵊	zhe	2313092173
𨵋	wei	2313050692
𨵍	chan	2313009211
𨵎	qi	2312967730
𨵎	xi	2312926249
𨵐	gu	2312884768
𨵘	hui	2312843287
𨵚	xie	2312801806
𨵛	ying	2312760325
𨵝	ta	2312718844
𨵞	wai	2312677363
𨵟	fu	2312635882
𨵠	jie	2312594401
𨵡	pi	2312552920
𨵥	sheng	2312511439
𨵧	kua	2312469958
𨵪	xie	2312428477
𨵭	jian	2312386996
𨵮	xu	2312345515
𨵰	bi	2312304034
𨵴	nan	2312262553
𨵶	liang	2312221072
𨵼	jing	2312179591
𨶁	yan	2312138110
𨶂	ai	2312096629
𨶅	xiao	2312055148
𨶆	qiang	2312013667
𨶇	wu	2311972186
𨶊	jun	2311930705
𨶐	kuo	2311889224
𨶗	lang	2311847743
𨶙	neng	2311806262
𨶜	dou	2311764781
𨶝	shu	2311723300
𨶟	jiao	2311681819
𨶠	nie	2311640338
𨶢	yu	2311598857
𨶨	ce	2311557376
𨶪	jiao	2311515895
𨶪	liu	2311474414
𨶬	hua	2311432933
𨶭	wen	2311391452
𨶱	hua	2311349971
𨶺	lei	2311308490
𨶼	shang	2311267009
𨶽	yong	2311225528
𨷀	guan	2311184047
𨷁	niu	2311142566
𨷃	sui	2311101085
𨷄	xiang	2311059604
𨷆	sa	2311018123
𨷇	chang	2310976642
𨷎	run	2310935161
𨷐	yun	2310893680
𨷒	fen	2310852199
𨷓	jian	2310810718
𨷔	xu	2310769237
𨷘	xi	2310727756
𨷙	shu	2310686275
𨷥	xie	2310644794
𨷦	li	2310603313
𨷩	tou	2310561832
𨷬	mi	2310520351
𨷭	chan	2310478870
𨷮	huo	2310437389
𨷱	zhuan	2310395908
𨷽	yan	2310354427
𨷾	dang	2310312946
𨸐	reng	2310271465
𨸑	qiao	2310229984
𨸒	qi	2310188503
𨸓	diao	2310147022
𨸔	qi	2310105541
𨸔	wei	2310064060
𨸗	han	2310022579
𨸙	you	2309981098
𨸚	ji	2309939617
𨸛	gai	2309898136
𨸜	hai	2309856655
𨸝	shi	2309815174
𨸩	wen	2309773693
𨸬	zhen	2309732212
𨸭	po	2309690731
𨸮	yan	2309649250
𨸮	yun	2309607769
𨸯	gu	2309566288
𨸰	ju	2309524807
𨸱	nian	2309483326
𨸱	tian	2309441845
𨸷	e	2309400364
𨸺	ya	2309358883
𨸻	lin	2309317402
𨸼	bi	2309275921
𨹀	zi	2309234440
𨹁	hong	2309192959
𨹃	duo	2309151478
𨹅	dui	2309109997
𨹆	xuan	2309068516
𨹈	shan	2309027035
𨹈	yang	2308985554
𨹊	shan	2308944073
𨹋	yao	2308902592
𨹌	ran	2308861111
𨹔	tuo	2308819630
𨹗	bing	2308778149
𨹘	xu	2308736668
𨹙	tun	2308695187
𨹚	cheng	2308653706
𨹜	dou	2308612225
𨹝	ya	2308570744
𨹝	yi	2308529263
𨹡	che	2308487782
𨹵	juan	2308446301
𨹶	ji	2308404820
𨹸	zhao	2308363339
𨹹	beng	2308321858
𨹻	tian	2308280377
𨺀	peng	2308238896
𨺅	fu	2308197415
𨺖	tuo	2308155934
𨺘	xian	2308114453
𨺙	ni	2308072972
𨺚	long	2308031491
𨺝	zhuo	2307990010
𨺟	zheng	2307948529
𨺠	shun	2307907048
𨺡	zong	2307865567
𨺢	feng	2307824086
𨺣	duan	2307782605
𨺤	pi	2307741124
𨺥	yan	2307699643
𨺦	sou	2307658162
𨺧	qiu	2307616681
𨺨	e	2307575200
𨺩	qian	2307533719
𨺫	qian	2307492238
𨺭	ca	2307450757
𨺮	xun	2307409276
𨺵	zhui	2307367795
𨺸	mao	2307326314
𨺹	jiao	2307284833
𨺿	zhan	2307243352
𨻀	bi	2307201871
𨻀	pi	2307160390
𨻁	xi	2307118909
𨻂	yan	2307077428
𨻃	fei	2307035947
𨻄	nie	2306994466
𨻆	zhi	2306952985
𨻈	suo	2306911504
𨻊	yi	2306870023
𨻌	lei	2306828542
𨻍	xu	2306787061
𨻏	yi	2306745580
𨻒	wei	2306704099
𨻕	ji	2306662618
𨻖	chen	2306621137
𨻗	die	2306579656
𨻣	yuan	2306538175
𨻥	xi	2306496694
𨻧	liu	2306455213
𨻨	suo	2306413732
𨻱	beng	2306372251
𨻲	xia	2306330770
𨻳	yan	2306289289
𨻵	cui	2306247808
𨻵	dui	2306206327
𨻵	zui	2306164846
𨻷	kang	2306123365
𨻺	qing	2306081884
𨻻	lou	2306040403
𨻼	bi	2305998922
𨼈	zhan	2305957441
𨼉	cuan	2305915960
𨼊	wu	2305874479
𨼋	xu	2305832998
𨼌	chen	2305791517
𨼍	hao	2305750036
𨼎	jue	2305708555
𨼐	chen	2305667074
𨼑	cha	2305625593
𨼒	chan	2305584112
𨼓	zhi	2305542631
𨼔	xun	2305501150
𨼣	ge	2305459669
𨼤	chen	2305418188
𨼥	ge	2305376707
𨼥	ye	2305335226
𨼪	chu	2305293745
𨼫	qu	2305252264
𨼬	xie	2305210783
𨼮	zhan	2305169302
𨼯	ken	2305127821
𨼱	jue	2305086340
𨼽	qu	2305044859
𨼿	meng	2305003378
𨽀	ye	2304961897
𨽁	cong	2304920416
𨽁	zou	2304878935
𨽂	pu	2304837454
𨽄	shi	2304795973
𨽉	shu	2304754492
𨽊	chan	2304713011
𨽍	du	2304671530
𨽐	lu	2304630049
𨽐	yang	2304588568
𨽑	yan	2304547087
𨽖	niao	2304505606
𨽗	bin	2304464125
𨽗	pin	2304422644
𨽟	tui	2304381163
𨽦	ni	2304339682
𨽧	huan	2304298201
𨽨	qian	2304256720
𨽯	xia	2304215239
𨽲	ling	2304173758
𨽷	lian	2304132277
𨽹	li	2304090796
𨽹	yi	2304049315
𨽻	li	2304007834
𨽼	si	2303966353
𨽿	dai	2303924872
𨾂	wei	2303883391
𨾅	ci	2303841910
𨾉	jiu	2303800429
𨾊	hong	2303758948
𨾌	yu	2303717467
𨾎	kui	2303675986
𨾒	hang	2303634505
𨾓	ge	2303593024
𨾓	yi	2303551543
𨾔	fang	2303510062
𨾗	kui	2303468581
𨾗	xie	2303427100
𨾚	fu	2303385619
𨾚	gui	2303344138
𨾛	chi	2303302657
𨾛	qi	2303261176
𨾞	jiu	2303219695
𨾡	huang	2303178214
𨾡	sui	2303136733
𨾤	die	2303095252
𨾬	sui	2303053771
𨾰	qin	2303012290
𨾴	gui	2302970809
𨾻	zhui	2302929328
𨾾	tiao	2302887847
𨿁	yue	2302846366
𨿇	zui	2302804885
𨿏	wu	2302763404
𨿐	cui	2302721923
𨿛	xi	2302680442
𨿛	zhi	2302638961
𨿠	shui	2302597480
𨿢	dong	2302555999
𨿭	wei	2302514518
𨿿	chong	2302473037
𩀋	run	2302431556
𩀖	ji	2302390075
𩀜	diao	2302348594
𩀞	cang	2302307113
𩀠	gu	2302265632
𩀠	kou	2302224151
𩀣	wei	2302182670
𩀧	can	2302141189
𩀪	ma	2302099708
𩀫	ou	2302058227
𩀲	san	2302016746
𩀶	hui	2301975265
𩀶	mi	2301933784
𩀶	wei	2301892303
𩀼	san	2301850822
𩀿	jin	2301809341
𩁌	wei	2301767860
𩁞	cai	2301726379
𩁟	li	2301684898
𩁯	yue	2301643417
𩁴	yun	2301601936
𩁷	cheng	2301560455
𩁺	shan	2301518974
𩂂	hu	2301477493
𩂃	shai	2301436012
𩂄	tun	2301394531
𩂆	fou	2301353050
𩂆	fu	2301311569
𩂈	qin	2301270088
𩂉	chen	2301228607
𩂉	xu	2301187126
𩂍	chuan	2301145645
𩂎	fu	2301104164
𩂒	ai	2301062683
𩂒	yi	2301021202
𩂓	dong	2300979721
𩂔	fu	2300938240
𩂕	fu	2300896759
𩂖	ze	2300855278
𩂗	pu	2300813797
𩂙	ling	2300772316
𩂝	shai	2300730835
𩂝	ying	2300689354
𩂞	pao	2300647873
𩂢	ai	2300606392
𩂢	yin	2300564911
𩂣	luo	2300523430
𩂤	hua	2300481949
𩂥	yin	2300440468
𩂦	beng	2300398987
𩂧	yu	2300357506
𩂨	she	2300316025
𩂪	xie	2300274544
𩂫	chu	2300233063
𩂴	she	2300191582
𩂵	dian	2300150101
𩂹	yi	2300108620
𩂻	che	2300067139
𩂼	geng	2300025658
𩂽	long	2299984177
𩂾	ping	2299942696
𩂿	yun	2299901215
𩃀	yan	2299859734
𩃁	mo	2299818253
𩃃	sui	2299776772
𩃋	jing	2299735291
𩃍	song	2299693810
𩃎	pang	2299652329
𩃐	ya	2299610848
𩃑	se	2299569367
𩃒	duo	2299527886
𩃕	chuang	2299486405
𩃖	xie	2299444924
𩃘	tuan	2299403443
𩃙	gong	2299361962
𩃚	xuan	2299320481
𩃜	la	2299279000
𩃞	ling	2299237519
𩃠	dai	2299196038
𩃡	zha	2299154557
𩃬	yin	2299113076
𩃭	song	2299071595
𩃯	yu	2299030114
𩃰	tuo	2298988633
𩃱	tuo	2298947152
𩃴	ba	2298905671
𩃵	ran	2298864190
𩃶	bo	2298822709
𩃷	dai	2298781228
𩃹	zha	2298739747
𩃺	hou	2298698266
𩃾	hui	2298656785
𩄅	lu	2298615304
𩄊	ling	2298573823
𩄋	ru	2298532342
𩄕	dan	2298490861
𩄖	meng	2298449380
𩄗	xia	2298407899
𩄘	weng	2298366418
𩄙	han	2298324937
𩄚	zi	2298283456
𩄛	zhen	2298241975
𩄜	se	2298200494
𩄝	cuo	2298159013
𩄞	li	2298117532
𩄠	dian	2298076051
𩄡	lian	2298034570
𩄢	gou	2297993089
𩄦	peng	2297951608
𩄪	ying	2297910127
𩄬	hou	2297868646
𩄮	dui	2297827165
𩄯	wu	2297785684
𩄷	piao	2297744203
𩄸	he	2297702722
𩄺	long	2297661241
𩄻	mo	2297619760
𩄼	fei	2297578279
𩄽	lv	2297536798
𩄾	ze	2297495317
𩄿	bo	2297453836
𩅁	mang	2297412355
𩅃	chong	2297370874
𩅃	zhuang	2297329393
𩅄	lu	2297287912
𩅅	pang	2297246431
𩅆	dui	2297204950
𩅇	bu	2297163469
𩅌	chen	2297121988
𩅍	man	2297080507
𩅖	xi	2297039026
𩅝	an	2296997545
𩅞	chong	2296956064
𩅞	zhong	2296914583
𩅠	nan	2296873102
𩅡	tuo	2296831621
𩅢	he	2296790140
𩅥	dui	2296748659
𩅧	zhong	2296707178
𩅨	cen	2296665697
𩅨	shen	2296624216
𩅩	li	2296582735
𩅪	shuang	2296541254
𩅮	cen	2296499773
𩅰	si	2296458292
𩅲	dui	2296416811
𩅴	hun	2296375330
𩅼	jian	2296333849
𩅽	nong	2296292368
𩅿	fu	2296250887
𩆀	huo	2296209406
𩆁	hui	2296167925
𩆁	wei	2296126444
𩆂	ci	2296084963
𩆄	yong	2296043482
𩆅	sa	2296002001
𩆆	ting	2295960520
𩆎	liu	2295919039
𩆑	suan	2295877558
𩆒	ling	2295836077
𩆓	man	2295794596
𩆔	dian	2295753115
𩆘	pao	2295711634
𩆚	ling	2295670153
𩆝	li	2295628672
𩆟	nou	2295587191
𩆣	lie	2295545710
𩆤	shan	2295504229
𩆦	fei	2295462748
𩆫	shan	2295421267
𩆮	ling	2295379786
𩆯	jian	2295338305
𩆯	zhan	2295296824
𩆱	bin	2295255343
𩆲	li	2295213862
𩆵	si	2295172381
𩆵	xian	2295130900
𩆶	rang	2295089419
𩆷	jian	2295047938
𩆸	zhuo	2295006457
𩆻	ling	2294964976
𩆼	ling	2294923495
𩆽	meng	2294882014
𩆿	shuang	2294840533
𩇄	ling	2294799052
𩇇	hun	2294757571
𩇎	ling	2294716090
𩇏	jian	2294674609
𩇐	qu	2294633128
𩇔	nong	2294591647
𩇕	jing	2294550166
𩇖	chen	2294508685
𩇜	cheng	2294467204
𩇜	zhen	2294425723
𩇝	qing	2294384242
𩇟	qing	2294342761
𩇠	e	2294301280
𩇠	yan	2294259799
𩇣	se	2294218318
𩇩	bei	2294176837
𩇫	fei	2294135356
𩇮	fei	2294093875
𩇯	fei	2294052394
𩇴	fang	2294010913
𩇵	ku	2293969432
𩇺	za	2293927951
𩇻	hui	2293886470
𩇽	fei	2293844989
𩈁	dui	2293803508
𩈆	pa	2293762027
𩈇	niu	2293720546
𩈈	pang	2293679065
𩈉	dan	2293637584
𩈊	dan	2293596103
𩈋	ai	2293554622
𩈍	tian	2293513141
𩈎	chao	2293471660
𩈏	ao	2293430179
𩈏	you	2293388698
𩈐	mei	2293347217
𩈑	nan	2293305736
𩈔	bo	2293264255
𩈕	chi	2293222774
𩈕	yu	2293181293
𩈖	han	2293139812
𩈖	xian	2293098331
𩈗	mai	2293056850
𩈚	ping	2293015369
𩈜	dui	2292973888
𩈞	dao	2292932407
𩈡	xing	2292890926
𩈢	ni	2292849445
𩈢	nv	2292807964
𩈣	han	2292766483
𩈤	chu	2292725002
𩈥	shua	2292683521
𩈦	man	2292642040
𩈬	wan	2292600559
𩈭	yi	2292559078
𩈮	diao	2292517597
𩈯	yan	2292476116
𩈱	wo	2292434635
𩈲	suan	2292393154
𩈴	an	2292351673
𩈵	lan	2292310192
𩈶	nan	2292268711
𩈸	qiu	2292227230
𩈹	mian	2292185749
𩈺	nuo	2292144268
𩈻	can	2292102787
𩈼	can	2292061306
𩉀	lan	2292019825
𩉁	tian	2291978344
𩉂	ye	2291936863
𩉄	nian	2291895382
𩉆	shua	2291853901
𩉋	ci	2291812420
𩉐	gan	2291770939
𩉔	jian	2291729458
𩉕	guo	2291687977
𩉗	zhan	2291646496
𩉜	hang	2291605015
𩉜	ji	2291563534
𩉝	gui	2291522053
𩉡	jia	2291480572
𩉢	ji	2291439091
𩉥	xuan	2291397610
𩉧	feng	2291356129
𩉫	bi	2291314648
𩉬	chi	2291273167
𩉬	qi	2291231686
𩉯	yuan	2291190205
𩉰	ang	2291148724
𩉱	di	2291107243
𩉴	e	2291065762
𩉵	fen	2291024281
𩉸	ju	2290982800
𩉹	ni	2290941319
𩉺	tuo	2290899838
𩉼	shen	2290858357
𩉽	fu	2290816876
𩉾	xia	2290775395
𩉿	qu	2290733914
𩊀	po	2290692433
𩊁	wan	2290650952
𩊂	ling	2290609471
𩊃	ma	2290567990
𩊄	zhou	2290526509
𩊅	bao	2290485028
𩊇	yu	2290443547
𩊌	beng	2290402066
𩊍	mai	2290360585
𩊏	jia	2290319104
𩊑	yang	2290277623
𩊓	ku	2290236142
𩊓	kua	2290194661
𩊔	jiao	2290153180
𩊖	bing	2290111699
𩊚	luo	2290070218
𩊛	gui	2290028737
𩊜	duo	2289987256
𩊝	zhi	2289945775
𩊡	zhen	2289904294
𩊢	e	2289862813
𩊣	zhu	2289821332
𩊤	ba	2289779851
𩊨	zhen	2289738370
𩊩	feng	2289696889
𩊪	dou	2289655408
𩊫	nian	2289613927
𩊬	bu	2289572446
𩊭	dui	2289530965
𩊮	sha	2289489484
𩊮	suo	2289448003
𩊯	se	2289406522
𩊰	bi	2289365041
𩊴	zhi	2289323560
𩊵	zhe	2289282079
𩊶	bu	2289240598
𩊺	jue	2289199117
𩊻	xun	2289157636
𩊿	xi	2289116155
𩋁	zhuo	2289074674
𩋂	bai	2289033193
𩋃	tao	2288991712
𩋃	yao	2288950231
𩋄	chou	2288908750
𩋅	ta	2288867269
𩋆	qian	2288825788
𩋈	nao	2288784307
𩋉	yu	2288742826
𩋊	e	2288701345
𩋋	jian	2288659864
𩋌	yi	2288618383
𩋍	xiao	2288576902
𩋏	nie	2288535421
𩋒	bing	2288493940
𩋗	guo	2288452459
𩋘	xie	2288410978
𩋙	diao	2288369497
𩋜	ju	2288328016
𩋝	suo	2288286535
𩋞	die	2288245054
𩋟	fu	2288203573
𩋠	mian	2288162092
𩋡	shi	2288120611
𩋢	xuan	2288079130
𩋢	yun	2288037649
𩋣	ti	2287996168
𩋤	yu	2287954687
𩋧	kai	2287913206
𩋧	xie	2287871725
𩋨	fu	2287830244
𩋩	zhi	2287788763
𩋪	ni	2287747282
𩋫	xuan	2287705801
𩋮	bang	2287664320
𩋮	feng	2287622839
𩋯	zong	2287581358
𩋱	xuan	2287539877
𩋵	zhu	2287498396
𩋷	la	2287456915
𩋹	ying	2287415434
𩋺	gao	2287373953
𩋻	kuo	2287332472
𩋽	e	2287290991
𩋾	wei	2287249510
𩋾	xue	2287208029
𩋿	mei	2287166548
𩌃	gui	2287125067
𩌃	huai	2287083586
𩌄	chou	2287042105
𩌄	zhou	2287000624
𩌆	suo	2286959143
𩌇	ta	2286917662
𩌈	suo	2286876181
𩌉	ta	2286834700
𩌊	xue	2286793219
𩌌	gong	2286751738
𩌍	jia	2286710257
𩌏	bo	2286668776
𩌏	bu	2286627295
𩌏	fu	2286585814
𩌐	ta	2286544333
𩌑	yuan	2286502852
𩌘	ta	2286461371
𩌝	chui	2286419890
𩌠	xiong	2286378409
𩌡	he	2286336928
𩌡	jue	2286295447
𩌢	suo	2286253966
𩌧	mo	2286212485
𩌨	chong	2286171004
𩌩	sui	2286129523
𩌪	ze	2286088042
𩌫	lu	2286046561
𩌬	zhang	2286005080
𩌭	luo	2285963599
𩌮	xu	2285922118
𩌯	jian	2285880637
𩌰	shan	2285839156
𩌲	xu	2285797675
𩌾	jiang	2285756194
𩍂	bao	2285714713
𩍃	mai	2285673232
𩍅	tong	2285631751
𩍆	xi	2285590270
𩍉	rong	2285548789
𩍋	sheng	2285507308
𩍌	zhou	2285465827
𩍎	jian	2285424346
𩍏	fu	2285382865
𩍐	deng	2285341384
𩍓	yong	2285299903
𩍔	ju	2285258422
𩍔	qu	2285216941
𩍖	yi	2285175460
𩍗	bang	2285133979
𩍙	se	2285092498
𩍚	sui	2285051017
𩍝	xie	2285009536
𩍡	huan	2284968055
𩍥	ru	2284926574
𩍦	ni	2284885093
𩍧	zhou	2284843612
𩍨	gui	2284802131
𩍪	luo	2284760650
𩍲	chan	2284719169
𩍲	zhi	2284677688
𩍳	xu	2284636207
𩍵	zhi	2284594726
𩍷	jue	2284553245
𩍸	ju	2284511764
𩍻	yuan	2284470283
𩍼	lu	2284428802
𩍿	bo	2284387321
𩍿	fu	2284345840
𩎂	rong	2284304359
𩎃	xie	2284262878
𩎉	xi	2284221397
𩎊	luo	2284179916
𩎎	ge	2284138435
𩎑	zuan	2284096954
𩎔	jiao	2284055473
𩎗	qun	2284013992
𩎘	pao	2283972511
𩎙	yue	2283931030
𩎚	che	2283889549
𩎛	fu	2283848068
𩎜	pei	2283806587
𩎤	ken	2283765106
𩎥	xi	2283723625
𩎫	duo	2283682144
𩎭	yi	2283640663
𩎰	sui	2283599182
𩎲	xia	2283557701
𩎳	juan	2283516220
𩎵	wei	2283474739
𩎷	yi	2283433258
𩎹	yu	2283391777
𩎻	bai	2283350296
𩎼	tuo	2283308815
𩎽	ta	2283267334
𩎾	pao	2283225853
𩏅	yun	2283184372
𩏆	yun	2283142891
𩏇	duan	2283101410
𩏈	ruan	2283059929
𩏉	wei	2283018448
𩏏	wei	2282976967
𩏐	gui	2282935486
𩏐	wei	2282894005
𩏒	da	2282852524
𩏓	xia	2282811043
𩏖	hun	2282769562
𩏗	juan	2282728081
𩏘	sui	2282686600
𩏚	sui	2282645119
𩏝	lou	2282603638
𩏞	bai	2282562157
𩏟	yu	2282520676
𩏡	gui	2282479195
𩏣	kui	2282437714
𩏤	gao	2282396233
𩏥	dan	2282354752
𩏩	xian	2282313271
𩏫	se	2282271790
𩏭	ke	2282230309
𩏮	bu	2282188828
𩏯	bo	2282147347
𩏲	sui	2282105866
𩏵	bu	2282064385
𩏶	jiu	2282022904
𩏹	juan	2281981423
𩏺	jue	2281939942
𩐁	xie	2281898461
𩐅	sa	2281856980
𩐆	ji	2281815499
𩐉	xie	2281774018
𩐍	zi	2281732537
𩐘	yuan	2281691056
𩐙	qin	2281649575
𩐚	fu	2281608094
𩐛	peng	2281566613
𩐜	pao	2281525132
𩐞	yin	2281483651
𩐠	hong	2281442170
𩐡	zu	2281400689
𩐣	gong	2281359208
𩐤	dong	2281317727
𩐥	he	2281276246
𩐦	wo	2281234765
𩐨	pang	2281193284
𩐫	su	2281151803
𩐬	kan	2281110322
𩐭	nie	2281068841
𩐮	hao	2281027360
𩐯	feng	2280985879
𩐰	e	2280944398
𩐱	ye	2280902917
𩐴	ting	2280861436
𩐵	dong	2280819955
𩐶	zhe	2280778474
𩐷	sang	2280736993
𩐻	mo	2280695512
𩐼	su	2280654031
𩐾	le	2280612550
𩑀	pu	2280571069
𩑁	e	2280529588
𩑂	zhuo	2280488107
𩑇	xiang	2280446626
𩑈	guang	2280405145
𩑉	ren	2280363664
𩑊	ling	2280322183
𩑍	ao	2280280702
𩑓	qiong	2280239221
𩑕	xu	2280197740
𩑖	huan	2280156259
𩑗	yao	2280114778
𩑘	zhen	2280073297
𩑙	ting	2280031816
𩑚	beng	2279990335
𩑚	lei	2279948854
𩑝	ang	2279907373
𩑟	kan	2279865892
𩑟	qian	2279824411
𩑢	bai	2279782930
𩑢	pei	2279741449
𩑤	ao	2279699968
𩑥	men	2279658487
𩑬	fu	2279617006
𩑬	gui	2279575525
𩑭	qing	2279534044
𩑮	la	2279492563
𩑯	dou	2279451082
𩑰	tan	2279409601
𩑳	qian	2279368120
𩑴	yao	2279326639
𩑵	wei	2279285158
𩑶	hu	2279243677
𩑶	ku	2279202196
𩑷	mo	2279160715
𩑹	xuan	2279119234
𩑻	bi	2279077753
𩑻	po	2279036272
𩑼	po	2278994791
𩑾	di	2278953310
𩒀	zhen	2278911829
𩒂	shi	2278870348
𩒃	kan	2278828867
𩒄	ce	2278787386
𩒇	xu	2278745905
𩒈	zhen	2278704424
𩒊	zhu	2278662943
𩒏	hui	2278621462
𩒐	chi	2278579981
𩒓	hong	2278538500
𩒔	nou	2278497019
𩒕	e	2278455538
𩒕	nie	2278414057
𩒕	po	2278372576
𩒖	yan	2278331095
𩒘	chong	2278289614
𩒙	fu	2278248133
𩒙	gui	2278206652
𩒚	guang	2278165171
𩒛	qi	2278123690
𩒞	ting	2278082209
𩒢	tan	2278040728
𩒣	qian	2277999247
𩒦	jiu	2277957766
𩒦	xin	2277916285
𩒧	xu	2277874804
𩒨	qi	2277833323
𩒪	zhen	2277791842
𩒮	qiu	2277750361
𩒰	e	2277708880
𩒳	hui	2277667399
𩒴	hong	2277625918
𩒵	qing	2277584437
𩒷	che	2277542956
𩒷	rong	2277501475
𩒽	xi	2277459994
𩒾	wu	2277418513
𩒿	mang	2277377032
𩓂	ti	2277335551
𩓅	hong	2277294070
𩓐	bo	2277252589
𩓒	qin	2277211108
𩓓	gen	2277169627
𩓖	fu	2277128146
𩓗	kui	2277086665
𩓝	bie	2277045184
𩓞	jing	2277003703
𩓟	kan	2276962222
𩓠	gui	2276920741
𩓢	gao	2276879260
𩓤	an	2276837779
𩓦	wu	2276796298
𩓧	yi	2276754817
𩓨	jing	2276713336
𩓪	lu	2276671855
𩓫	quan	2276630374
𩓬	tui	2276588893
𩓮	ji	2276547412
𩓺	jiong	2276505931
𩓻	jue	2276464450
𩓼	pie	2276422969
𩓽	kun	2276381488
𩔀	wai	2276340007
𩔁	hui	2276298526
𩔂	dun	2276257045
𩔃	yuan	2276215564
𩔄	jie	2276174083
𩔆	gui	2276132602
𩔉	hun	2276091121
𩔉	men	2276049640
𩔉	min	2276008159
𩔋	hang	2275966678
𩔔	yong	2275925197
𩔕	qiu	2275883716
𩔗	lei	2275842235
𩔘	ang	2275800754
𩔙	pi	2275759273
𩔙	xin	2275717792
𩔚	weng	2275676311
𩔟	qin	2275634830
𩔠	mie	2275593349
𩔡	dou	2275551868
𩔢	mi	2275510387
𩔥	qing	2275468906
𩔦	yi	2275427425
𩔮	ban	2275385944
𩔱	juan	2275344463
𩔴	xu	2275302982
𩔵	lan	2275261501
𩔶	ma	2275220020
𩔷	ma	2275178539
𩔸	ou	2275137058
𩔹	bei	2275095577
𩔻	pou	2275054096
𩔼	xu	2275012615
𩕀	ao	2274971134
𩕆	hong	2274929653
𩕉	hong	2274888172
𩕌	sen	2274846691
𩕍	gao	2274805210
𩕍	hao	2274763729
𩕏	fan	2274722248
𩕏	po	2274680767
𩕐	liao	2274639286
𩕕	wai	2274597805
𩕖	xuan	2274556324
𩕜	kui	2274514843
𩕟	e	2274473362
𩕠	han	2274431881
𩕡	se	2274390400
𩕤	dan	2274348919
𩕪	xuan	2274307438
𩕬	e	2274265957
𩕭	gai	2274224476
𩕯	dao	2274182995
𩕱	meng	2274141514
𩕲	yi	2274100033
𩕳	ning	2274058552
𩕵	pin	2274017071
𩕹	cang	2273975590
𩕾	yuan	2273934109
𩖀	e	2273892628
𩖄	yin	2273851147
𩖇	qiao	2273809666
𩖉	hong	2273768185
𩖊	ling	2273726704
𩖌	chan	2273685223
𩖍	ying	2273643742
𩖒	guan	2273602261
𩖔	niao	2273560780
𩖛	peng	2273519299
𩖝	liao	2273477818
𩖠	bei	2273436337
𩖣	ba	2273394856
𩖣	xin	2273353375
𩖤	tun	2273311894
𩖥	chao	2273270413
𩖦	gan	2273228932
𩖨	hu	2273187451
𩖩	wang	2273145970
𩖬	fu	2273104489
𩖭	pei	2273063008
𩖯	nao	2273021527
𩖱	xue	2272980046
𩖴	liu	2272938565
𩖵	ling	2272897084
𩖶	xue	2272855603
𩖷	qu	2272814122
𩖸	hao	2272772641
𩖹	yi	2272731160
𩖺	han	2272689679
𩖼	fu	2272648198
𩖽	ba	2272606717
𩖾	yi	2272565236
𩗄	hong	2272523755
𩗅	li	2272482274
𩗉	sa	2272440793
𩗊	xi	2272399312
𩗎	shi	2272357831
𩗏	piao	2272316350
𩗐	hua	2272274869
𩗑	yi	2272233388
𩗒	bo	2272191907
𩗔	nei	2272150426
𩗕	qiu	2272108945
𩗘	wei	2272067464
𩗙	che	2272025983
𩗚	you	2271984502
𩗜	wei	2271943021
𩗝	hui	2271901540
𩗞	sa	2271860059
𩗢	hong	2271818578
𩗣	sou	2271777097
𩗤	han	2271735616
𩗥	pao	2271694135
𩗧	fang	2271652654
𩗪	zhou	2271611173
𩗫	pi	2271569692
𩗭	li	2271528211
𩗰	chui	2271486730
𩗱	xi	2271445249
𩗲	zheng	2271403768
𩗵	zheng	2271362287
𩗶	sui	2271320806
𩗷	yan	2271279325
𩗼	qing	2271237844
𩗽	wu	2271196363
𩗾	liang	2271154882
𩘁	liang	2271113401
𩘅	jie	2271071920
𩘇	hong	2271030439
𩘈	you	2270988958
𩘊	la	2270947477
𩘋	hou	2270905996
𩘍	yuan	2270864515
𩘎	hong	2270823034
𩘏	ye	2270781553
𩘒	juan	2270740072
𩘒	xuan	2270698591
𩘓	you	2270657110
𩘘	quan	2270615629
𩘜	tang	2270574148
𩘟	li	2270532667
𩘠	sou	2270491186
𩘡	li	2270449705
𩘤	yu	2270408224
𩘧	yi	2270366743
𩘭	xiu	2270325262
𩘮	ao	2270283781
𩘯	tuan	2270242300
𩘰	su	2270200819
𩘱	shuai	2270159338
𩘳	yu	2270117857
𩘵	feng	2270076376
𩘼	zheng	2270034895
𩘽	zheng	2269993414
𩘿	tao	2269951933
𩙄	liu	2269910452
𩙆	cheng	2269868971
𩙇	sui	2269827490
𩙏	gu	2269786009
𩙐	feng	2269744528
𩙑	lie	2269703047
𩙒	piao	2269661566
𩙖	li	2269620085
𩙙	chu	2269578604
𩙚	xiao	2269537123
𩙛	hong	2269495642
𩙜	xie	2269454161
𩙝	she	2269412680
𩙠	long	2269371199
𩙡	hou	2269329718
𩙢	shi	2269288237
𩙢	xuan	2269246756
𩙣	feng	2269205275
𩙲	fei	2269163794
𩙷	niu	2269122313
𩙸	mang	2269080832
𩙽	huan	2269039351
𩙽	xuan	2268997870
𩙾	zhi	2268956389
𩚂	yi	2268914908
𩚄	yu	2268873427
𩚇	yi	2268831946
𩚈	yue	2268790465
𩚉	chi	2268748984
𩚕	qiang	2268707503
𩚕	yin	2268666022
𩚖	niu	2268624541
𩚗	rong	2268583060
𩚣	tian	2268541579
𩚪	er	2268500098
𩚫	zheng	2268458617
𩚬	e	2268417136
𩚭	pou	2268375655
𩚮	ji	2268334174
𩚮	ni	2268292693
𩚯	ni	2268251212
𩚱	jiong	2268209731
𩚲	jia	2268168250
𩚹	ling	2268126769
𩚻	zui	2268085288
𩚾	bei	2268043807
𩛅	shu	2268002326
𩛇	pai	2267960845
𩛋	nao	2267919364
𩛏	shi	2267877883
𩛑	ti	2267836402
𩛘	gong	2267794921
𩛝	lei	2267753440
𩛟	man	2267711959
𩛟	yuan	2267670478
𩛠	zuo	2267628997
𩛢	xiu	2267587516
𩛥	zai	2267546035
𩛦	cheng	2267504554
𩛧	jian	2267463073
𩛨	mao	2267421592
𩛪	yu	2267380111
𩛭	yu	2267338630
𩛮	yi	2267297149
𩛳	can	2267255668
𩛳	zai	2267214187
𩛵	zhui	2267172706
𩛶	ti	2267131225
𩛹	xi	2267089744
𩛺	ju	2267048263
𩛻	zan	2267006782
𩛻	zhan	2266965301
𩛻	zuan	2266923820
𩛼	lu	2266882339
𩛽	tao	2266840858
𩜀	dui	2266799377
𩜀	zhui	2266757896
𩜁	ling	2266716415
𩜃	ju	2266674934
𩜆	ji	2266633453
𩜊	zi	2266591972
𩜌	yue	2266550491
𩜍	dong	2266509010
𩜒	nang	2266467529
𩜖	chong	2266426048
𩜟	ang	2266384567
𩜣	geng	2266343086
𩜥	bo	2266301605
𩜧	wei	2266260124
𩜬	quan	2266218643
𩜭	ke	2266177162
𩜱	kan	2266135681
𩜱	san	2266094200
𩜲	fu	2266052719
𩜳	yong	2266011238
𩜷	niu	2265969757
𩜷	you	2265928276
𩜸	yao	2265886795
𩜺	ye	2265845314
𩜽	yan	2265803833
𩝈	xian	2265762352
𩝊	ti	2265720871
𩝌	sui	2265679390
𩝐	ci	2265637909
𩝕	wu	2265596428
𩝖	can	2265554947
𩝗	yu	2265513466
𩝚	chan	2265471985
𩝛	xia	2265430504
𩝝	gao	2265389023
𩝝	kao	2265347542
𩝞	cang	2265306061
𩝟	cha	2265264580
𩝨	hua	2265223099
𩝷	wu	2265181618
𩝸	yuan	2265140137
𩝾	xiang	2265098656
𩝿	zhai	2265057175
𩞀	can	2265015694
𩞀	chen	2264974213
𩞀	san	2264932732
𩞁	mi	2264891251
𩞁	mo	2264849770
𩞅	sui	2264808289
𩞇	mi	2264766808
𩞈	zhu	2264725327
𩞊	ji	2264683846
𩞋	chong	2264642365
𩞙	lian	2264600884
𩞞	hai	2264559403
𩞤	dun	2264517922
𩞥	xiang	2264476441
𩞨	li	2264434960
𩞩	huang	2264393479
𩞶	za	2264351998
𩞺	huo	2264310517
𩞻	lin	2264269036
𩞾	du	2264227555
𩞾	yi	2264186074
𩞿	han	2264144593
𩟁	xuan	2264103112
𩟁	yuan	2264061631
𩟃	ling	2264020150
𩟅	lian	2263978669
𩟇	ao	2263937188
𩟈	dang	2263895707
𩟉	yi	2263854226
𩟋	shan	2263812745
𩟍	xin	2263771264
𩟑	yu	2263729783
𩟒	can	2263688302
𩟓	wo	2263646821
𩟔	cha	2263605340
𩟕	bo	2263563859
𩟞	meng	2263522378
𩟟	wei	2263480897
𩟥	juan	2263439416
𩟥	shui	2263397935
𩟦	jie	2263356454
𩟧	shuo	2263314973
𩟨	huo	2263273492
𩟫	chuo	2263232011
𩟭	long	2263190530
𩟮	huai	2263149049
𩟰	tuo	2263107568
𩟳	yu	2263066087
𩟶	chan	2263024606
𩟶	jie	2262983125
𩟷	yong	2262941644
𩟸	huo	2262900163
𩟺	lan	2262858682
𩠑	ding	2262817201
𩠚	hai	2262775720
𩠟	wu	2262734239
𩠦	qi	2262692758
𩠦	shou	2262651277
𩠨	ji	2262609796
𩠨	qi	2262568315
𩠮	kui	2262526834
𩠯	wei	2262485353
𩠶	shou	2262443872
𩠷	fu	2262402391
𩠹	tuan	2262360910
𩠻	bie	2262319429
𩠻	han	2262277948
𩠽	tan	2262236467
𩠾	hang	2262194986
𩠿	pie	2262153505
𩡃	yu	2262112024
𩡄	tan	2262070543
𩡄	xiang	2262029062
𩡌	xiang	2261987581
𩡎	xiu	2261946100
𩡓	weng	2261904619
𩡔	hai	2261863138
𩡕	peng	2261821657
𩡝	tan	2261780176
𩡟	bie	2261738695
𩡠	xiang	2261697214
𩡦	piao	2261655733
𩡧	huan	2261614252
𩡨	mu	2261572771
𩡩	ba	2261531290
𩡫	fan	2261489809
𩡯	ding	2261448328
𩡷	fei	2261406847
𩡷	fen	2261365366
𩡾	suo	2261323885
𩢄	wan	2261282404
𩢅	ge	2261240923
𩢈	fen	2261199442
𩢊	tuo	2261157961
𩢌	wen	2261116480
𩢎	duo	2261074999
𩢐	zhe	2261033518
𩢑	ci	2260992037
𩢒	yao	2260950556
𩢔	ban	2260909075
𩢕	bu	2260867594
𩢘	po	2260826113
𩢛	ge	2260784632
𩢞	liu	2260743151
𩢨	gan	2260701670
𩢪	hu	2260660189
𩢫	mou	2260618708
𩢮	xiu	2260577227
𩢯	huang	2260535746
𩢱	hui	2260494265
𩢳	qu	2260452784
𩢵	tuo	2260411303
𩢶	yu	2260369822
𩢷	mo	2260328341
𩢹	jiu	2260286860
𩢻	shu	2260245379
𩢽	qiong	2260203898
𩢿	fu	2260162417
𩣖	lin	2260120936
𩣘	nie	2260079455
𩣚	bi	2260037974
𩣚	pi	2259996493
𩣜	fu	2259955012
𩣝	bu	2259913531
𩣞	sa	2259872050
𩣞	yi	2259830569
𩣣	e	2259789088
𩣩	zhe	2259747607
𩣮	tu	2259706126
𩣯	da	2259664645
𩣱	lu	2259623164
𩣲	yan	2259581683
𩣳	dong	2259540202
𩣴	qie	2259498721
𩣶	ming	2259457240
𩣷	zhu	2259415759
𩣷	zui	2259374278
𩣸	fu	2259332797
𩣹	qu	2259291316
𩣻	ao	2259249835
𩣼	qiang	2259208354
𩤁	qun	2259166873
𩤈	que	2259125392
𩤉	hua	2259083911
𩤉	tao	2259042430
𩤋	kun	2259000949
𩤏	cui	2258959468
𩤒	yi	2258917987
𩤖	chi	2258876506
𩤖	er	2258835025
𩤗	zong	2258793544
𩤘	nao	2258752063
𩤚	duan	2258710582
𩤛	yong	2258669101
𩤜	zhe	2258627620
𩤞	tan	2258586139
𩤟	yang	2258544658
𩤠	xie	2258503177
𩤡	xuan	2258461696
𩤣	duan	2258420215
𩤤	shua	2258378734
𩤥	xian	2258337253
𩤦	xian	2258295772
𩤩	e	2258254291
𩤹	you	2258212810
𩤺	yu	2258171329
𩤽	ti	2258129848
𩤿	jin	2258088367
𩥁	tang	2258046886
𩥂	qi	2258005405
𩥆	lv	2257963924
𩥊	ao	2257922443
𩥊	jiao	2257880962
𩥋	du	2257839481
𩥋	ou	2257798000
𩥌	qia	2257756519
𩥐	shi	2257715038
𩥔	mo	2257673557
𩥘	you	2257632076
𩥠	zha	2257590595
𩥣	yao	2257549114
𩥫	chong	2257507633
𩥬	li	2257466152
𩥭	yu	2257424671
𩥮	chan	2257383190
𩥯	yi	2257341709
𩥴	li	2257300228
𩥽	tu	2257258747
𩥿	zu	2257217266
𩦂	xian	2257175785
𩦇	xi	2257134304
𩦉	bie	2257092823
𩦊	han	2257051342
𩦊	qian	2257009861
𩦋	qi	2256968380
𩦌	sang	2256926899
𩦌	shuang	2256885418
𩦎	fei	2256843937
𩦘	huan	2256802456
𩦡	yu	2256760975
𩦢	yu	2256719494
𩦤	ji	2256678013
𩦱	kuai	2256636532
𩦲	zong	2256595051
𩦹	xian	2256553570
𩧃	li	2256512089
𩧄	zhi	2256470608
𩧅	fan	2256429127
𩧇	cai	2256387646
𩧈	du	2256346165
𩧊	xiong	2256304684
𩧋	li	2256263203
𩧌	qi	2256221722
𩧏	jue	2256180241
𩧒	ju	2256138760
𩧓	xiao	2256097279
𩧘	qu	2256055798
𩧜	zhuan	2256014317
𩧡	jue	2255972836
𩨑	ting	2255931355
𩨒	ji	2255889874
𩨓	qian	2255848393
𩨔	hu	2255806912
𩨔	hua	2255765431
𩨗	yu	2255723950
𩨘	ge	2255682469
𩨘	qi	2255640988
𩨙	yu	2255599507
𩨚	wa	2255558026
𩨜	ba	2255516545
𩨝	qi	2255475064
𩨞	sa	2255433583
𩨟	qiao	2255392102
𩨠	ya	2255350621
𩨡	san	2255309140
𩨡	xian	2255267659
𩨨	ci	2255226178
𩨩	fan	2255184697
𩨫	kun	2255143216
𩨬	gun	2255101735
𩨭	que	2255060254
𩨮	e	2255018773
𩨯	qiong	2254977292
𩨲	ma	2254935811
𩨳	du	2254894330
𩨳	ku	2254852849
𩨴	yao	2254811368
𩨷	que	2254769887
𩨸	chu	2254728406
𩨹	jia	2254686925
𩨻	zhu	2254645444
𩨽	dui	2254603963
𩨾	wa	2254562482
𩩀	nao	2254521001
𩩄	yan	2254479520
𩩅	tong	2254438039
𩩋	jing	2254396558
𩩋	xing	2254355077
𩩌	gun	2254313596
𩩍	ping	2254272115
𩩑	yu	2254230634
𩩒	he	2254189153
𩩔	zhuo	2254147672
𩩗	she	2254106191
𩩘	yu	2254064710
𩩛	ji	2254023229
𩩝	qiang	2253981748
𩩞	shui	2253940267
𩩟	chuo	2253898786
𩩠	zu	2253857305
𩩡	leng	2253815824
𩩢	ni	2253774343
𩩤	wa	2253732862
𩩥	zha	2253691381
𩩧	dan	2253649900
𩩮	du	2253608419
𩩯	bian	2253566938
𩩰	hai	2253525457
𩩰	jie	2253483976
𩩱	qia	2253442495
𩩲	he	2253401014
𩩳	chong	2253359533
𩩴	yan	2253318052
𩩶	yan	2253276571
𩩺	song	2253235090
𩩻	teng	2253193609
𩩼	yao	2253152128
𩩾	kao	2253110647
𩪀	zhui	2253069166
𩪁	gui	2253027685
𩪂	ai	2252986204
𩪃	hai	2252944723
𩪈	suo	2252903242
𩪉	xu	2252861761
𩪊	biao	2252820280
𩪌	feng	2252778799
𩪍	qu	2252737318
𩪍	shu	2252695837
𩪎	mang	2252654356
𩪐	guo	2252612875
𩪖	bi	2252571394
𩪗	jue	2252529913
𩪘	chuang	2252488432
𩪛	pu	2252446951
𩪟	yi	2252405470
𩪢	qian	2252363989
𩪣	yi	2252322508
𩪤	e	2252281027
𩪥	ling	2252239546
𩪧	bi	2252198065
𩪭	huo	2252156584
𩪮	mo	2252115103
𩪱	xun	2252073622
𩪴	yan	2252032141
𩪸	li	2251990660
𩪺	tan	2251949179
𩪾	luan	2251907698
𩫀	kai	2251866217
𩫁	mao	2251824736
𩫂	xiao	2251783255
𩫇	ai	2251741774
𩫊	ta	2251700293
𩫍	mei	2251658812
𩫏	guo	2251617331
𩫏	yong	2251575850
𩫓	gao	2251534369
𩫔	nao	2251492888
𩫕	hao	2251451407
𩫠	que	2251409926
𩫥	cao	2251368445
𩫦	sao	2251326964
𩫫	pi	2251285483
𩫲	xie	2251244002
𩫳	xiao	2251202521
𩫴	ju	2251161040
𩫹	cheng	2251119559
𩫺	nao	2251078078
𩬀	nei	2251036597
𩬍	mu	2250995116
𩬏	shao	2250953635
𩬑	chan	2250912154
𩬑	dian	2250870673
𩬔	ling	2250829192
𩬖	zhen	2250787711
𩬗	yao	2250746230
𩬙	fu	2250704749
𩬚	gan	2250663268
𩬚	qian	2250621787
𩬛	qiong	2250580306
𩬜	ju	2250538825
𩬝	bing	2250497344
𩬝	fang	2250455863
𩬞	man	2250414382
𩬞	mao	2250372901
𩬞	mian	2250331420
𩬟	zha	2250289939
𩬠	tai	2250248458
𩬫	zhai	2250206977
𩬭	shi	2250165496
𩬮	yong	2250124015
𩬰	qiong	2250082534
𩬱	dao	2250041053
𩬲	ti	2249999572
𩬳	zhui	2249958091
𩬵	yin	2249916610
𩬷	nao	2249875129
𩬸	bo	2249833648
𩬹	kuang	2249792167
𩬺	zhi	2249750686
𩬻	duo	2249709205
𩬼	cong	2249667724
𩬽	bao	2249626243
𩭇	li	2249584762
𩭊	ju	2249543281
𩭋	kun	2249501800
𩭋	wen	2249460319
𩭌	lie	2249418838
𩭏	wo	2249377357
𩭐	shi	2249335876
𩭑	niao	2249294395
𩭒	mang	2249252914
𩭓	jiu	2249211433
𩭘	xiu	2249169952
𩭝	wo	2249128471
𩭟	dao	2249086990
𩭡	xi	2249045509
𩭢	an	2249004028
𩭣	da	2248962547
𩭤	zong	2248921066
𩭥	han	2248879585
𩭦	chui	2248838104
𩭧	ban	2248796623
𩭧	bi	2248755142
𩭩	dong	2248713661
𩭫	zhang	2248672180
𩭲	di	2248630699
𩭳	huo	2248589218
𩭷	min	2248547737
𩭺	fu	2248506256
𩭼	bao	2248464775
𩭽	ke	2248423294
𩭾	mao	2248381813
𩭿	re	2248340332
𩮀	song	2248298851
𩮀	zong	2248257370
𩮁	qia	2248215889
𩮂	xia	2248174408
𩮃	sou	2248132927
𩮄	xiu	2248091446
𩮅	na	2248049965
𩮉	man	2248008484
𩮉	mian	2247967003
𩮎	zha	2247925522
𩮏	chan	2247884041
𩮐	she	2247842560
𩮑	wo	2247801079
𩮖	ai	2247759598
𩮗	bang	2247718117
𩮗	fang	2247676636
𩮗	peng	2247635155
𩮘	hao	2247593674
𩮚	sao	2247552193
𩮛	suo	2247510712
𩮜	ti	2247469231
𩮝	ya	2247427750
𩮟	bing	2247386269
𩮠	rong	2247344788
𩮫	sha	2247303307
𩮬	weng	2247261826
𩮯	ao	2247220345
𩮱	zhuang	2247178864
𩮳	piao	2247137383
𩮳	pie	2247095902
𩮴	cui	2247054421
𩮴	sui	2247012940
𩮵	yi	2246971459
𩮶	sou	2246929978
𩮷	dou	2246888497
𩮸	na	2246847016
𩮸	sou	2246805535
𩮹	luo	2246764054
𩯄	zun	2246722573
𩯇	deng	2246681092
𩯈	zhi	2246639611
𩯉	cuo	2246598130
𩯊	liao	2246556649
𩯋	ji	2246515168
𩯌	bo	2246473687
𩯍	cong	2246432206
𩯎	cheng	2246390725
𩯏	bu	2246349244
𩯑	san	2246307763
𩯘	jiao	2246266282
𩯛	yao	2246224801
𩯜	lu	2246183320
𩯞	can	2246141839
𩯨	ni	2246100358
𩯰	ji	2246058877
𩯰	jie	2246017396
𩯱	pu	2245975915
𩯲	zhuang	2245934434
𩯺	li	2245892953
𩯽	la	2245851472
𩰃	zhan	2245809991
𩰍	bian	2245768510
𩰎	weng	2245727029
𩰓	hong	2245685548
𩰗	pin	2245644067
𩰙	se	2245602586
𩰞	ni	2245561105
𩰟	fen	2245519624
𩰠	xu	2245478143
𩰢	shi	2245436662
𩰤	ju	2245395181
𩰨	jue	2245353700
𩰪	yu	2245312219
𩰬	guo	2245270738
𩰬	wai	2245229257
𩰭	guo	2245187776
𩰯	hu	2245146295
𩰲	fei	2245104814
𩰲	li	2245063333
𩰳	xie	2245021852
𩰴	er	2244980371
𩰵	yuan	2244938890
𩰶	ben	2244897409
𩰶	hai	2244855928
𩰻	ke	2244814447
𩰽	zong	2244772966
𩰾	fei	2244731485
𩱀	peng	2244690004
𩱁	geng	2244648523
𩱃	jian	2244607042
𩱄	ni	2244565561
𩱆	xian	2244524080
𩱇	li	2244482599
𩱊	er	2244441118
𩱊	xian	2244399637
𩱋	geng	2244358156
𩱋	peng	2244316675
𩱌	yu	2244275194
𩱍	hu	2244233713
𩱎	fei	2244192232
𩱏	ao	2244150751
𩱓	er	2244109270
𩱘	ke	2244067789
𩱙	ku	2244026308
𩱚	bo	2243984827
𩱝	ye	2243943346
𩱞	jiao	2243901865
𩱦	chao	2243860384
𩱧	geng	2243818903
𩱨	ru	2243777422
𩱪	yue	2243735941
𩱬	lin	2243694460
𩱱	yu	2243652979
𩱲	yue	2243611498
𩱳	zhai	2243570017
𩱴	xiao	2243528536
𩱷	mie	2243487055
𩱻	gui	2243445574
𩱼	jiu	2243404093
𩱾	tuo	2243362612
𩲁	xi	2243321131
𩲂	wei	2243279650
𩲃	zhuo	2243238169
𩲄	wei	2243196688
𩲅	kui	2243155207
𩲈	mei	2243113726
𩲈	wei	2243072245
𩲊	hao	2243030764
𩲋	hang	2242989283
𩲌	fang	2242947802
𩲍	niu	2242906321
𩲎	you	2242864840
𩲏	hua	2242823359
𩲠	zhu	2242781878
𩲡	gui	2242740397
𩲢	bi	2242698916
𩲢	mei	2242657435
𩲣	jia	2242615954
𩲤	tiao	2242574473
𩲦	lv	2242532992
𩲧	kong	2242491511
𩲨	zui	2242450030
𩲩	ling	2242408549
𩲪	qi	2242367068
𩲬	zhu	2242325587
𩲱	gu	2242284106
𩲲	zu	2242242625
𩲴	yang	2242201144
𩲵	su	2242159663
𩲷	kui	2242118182
𩲹	chang	2242076701
𩲻	yao	2242035220
𩲾	yu	2241993739
𩳅	shu	2241952258
𩳆	lai	2241910777
𩳇	yi	2241869296
𩳈	dou	2241827815
𩳌	wu	2241786334
𩳍	ying	2241744853
𩳎	fu	2241703372
𩳏	zhuan	2241661891
𩳐	fu	2241620410
𩳒	su	2241578929
𩳓	li	2241537448
𩳔	yao	2241495967
𩳕	ti	2241454486
𩳕	tui	2241413005
𩳝	gui	2241371524
𩳡	lv	2241330043
𩳢	yan	2241288562
𩳣	qi	2241247081
𩳥	zhu	2241205600
𩳧	gui	2241164119
𩳨	hu	2241122638
𩳯	jing	2241081157
𩳲	chi	2241039676
𩳵	ju	2240998195
𩳶	zha	2240956714
𩳸	miao	2240915233
𩴀	zhu	2240873752
𩴁	gan	2240832271
𩴂	xiong	2240790790
𩴃	ji	2240749309
𩴇	shai	2240707828
𩴈	mei	2240666347
𩴉	yun	2240624866
𩴍	shou	2240583385
𩴐	lv	2240541904
𩴑	you	2240500423
𩴒	jiang	2240458942
𩴓	nuo	2240417461
𩴘	ju	2240375980
𩴙	you	2240334499
𩴜	yi	2240293018
𩴝	teng	2240251537
𩴞	wei	2240210056
𩴟	che	2240168575
𩴠	lin	2240127094
𩴡	gu	2240085613
𩴣	li	2240044132
𩴤	liao	2240002651
𩴧	jiao	2239961170
𩴨	yang	2239919689
𩴩	biao	2239878208
𩴪	qi	2239836727
𩴮	yi	2239795246
𩴱	bin	2239753765
𩴲	meng	2239712284
𩴳	cha	2239670803
𩴹	qu	2239629322
𩴺	di	2239587841
𩴻	lei	2239546360
𩵀	ling	2239504879
𩵄	huan	2239463398
𩵅	qu	2239421917
𩵇	luo	2239380436
𩵉	kui	2239338955
𩵍	qiu	2239297474
𩵎	yu	2239255993
𩵏	hua	2239214512
𩵓	lei	2239173031
𩵕	dao	2239131550
𩵕	ren	2239090069
𩵖	xiao	2239048588
𩵗	si	2239007107
𩵛	bie	2238965626
𩵢	he	2238924145
𩵢	za	2238882664
𩵣	pei	2238841183
𩵥	fei	2238799702
𩵬	hu	2238758221
𩵭	wang	2238716740
𩵮	sha	2238675259
𩵮	xiao	2238633778
𩵰	jiao	2238592297
𩵰	qiu	2238550816
𩶂	zhu	2238509335
𩶄	zhu	2238467854
𩶅	chi	2238426373
𩶇	shen	2238384892
𩶈	hu	2238343411
𩶉	bu	2238301930
𩶎	ran	2238260449
𩶖	mu	2238218968
𩶛	jia	2238177487
𩶞	hang	2238136006
𩶞	ma	2238094525
𩶡	meng	2238053044
𩶢	mou	2238011563
𩶣	zhou	2237970082
𩶥	hong	2237928601
𩶥	hui	2237887120
𩶦	guai	2237845639
𩶧	jiu	2237804158
𩶩	mu	2237762677
𩶫	ru	2237721196
𩶫	xue	2237679715
𩶭	wu	2237638234
𩷁	nuo	2237596753
𩷂	xie	2237555272
𩷄	jiang	2237513791
𩷋	li	2237472310
𩷌	shu	2237430829
𩷍	yi	2237389348
𩷎	di	2237347867
𩷏	qing	2237306386
𩷐	ju	2237264905
𩷖	bu	2237223424
𩷗	kuang	2237181943
𩷘	yi	2237140462
𩷚	bo	2237098981
𩷧	chi	2237057500
𩷭	jiang	2237016019
𩷯	wo	2236974538
𩷵	tun	2236933057
𩷸	fang	2236891576
𩷹	zhuo	2236850095
𩷻	qia	2236808614
𩷽	ta	2236767133
𩷾	qi	2236725652
𩸀	peng	2236684171
𩸁	bie	2236642690
𩸂	fen	2236601209
𩸂	pen	2236559728
𩸇	e	2236518247
𩸋	e	2236476766
𩸋	ya	2236435285
𩸎	ding	2236393804
𩸐	ru	2236352323
𩸖	e	2236310842
𩸟	si	2236269361
𩸥	ying	2236227880
𩸧	ni	2236186399
𩸨	yi	2236144918
𩸹	mi	2236103437
𩸿	po	2236061956
𩹀	cou	2236020475
𩹄	hai	2235978994
𩹅	ying	2235937513
𩹇	ting	2235896032
𩹈	zhi	2235854551
𩹉	fei	2235813070
𩹍	kui	2235771589
𩹏	ba	2235730108
𩹑	han	2235688627
𩹞	nan	2235647146
𩹟	nai	2235605665
𩹢	jing	2235564184
𩹥	wei	2235522703
𩹱	chu	2235481222
𩹳	suo	2235439741
𩹴	tao	2235398260
𩹵	qi	2235356779
𩹶	tang	2235315298
𩹷	wei	2235273817
𩹸	gan	2235232336
𩹺	ge	2235190855
𩹼	han	2235149374
𩹿	ge	2235107893
𩺄	zheng	2235066412
𩺗	da	2235024931
𩺗	ta	2234983450
𩺛	si	2234941969
𩺫	xie	2234900488
𩺯	zu	2234859007
𩺰	wu	2234817526
𩺰	yu	2234776045
𩺱	ni	2234734564
𩺲	qi	2234693083
𩺵	shen	2234651602
𩺼	bu	2234610121
𩻋	kun	2234568640
𩻌	li	2234527159
𩻎	gua	2234485678
𩻖	yan	2234444197
𩻘	jian	2234402716
𩻚	wu	2234361235
𩻜	lin	2234319754
𩻝	zhuan	2234278273
𩻡	tong	2234236792
𩻢	zha	2234195311
𩻤	hei	2234153830
𩻵	die	2234112349
𩻷	ying	2234070868
𩻼	zhi	2234029387
𩼂	wei	2233987906
𩼄	ji	2233946425
𩼅	rong	2233904944
𩼈	ao	2233863463
𩼈	you	2233821982
𩼉	dang	2233780501
𩼉	han	2233739020
𩼊	luo	2233697539
𩼋	ye	2233656058
𩼌	wei	2233614577
𩼒	qiang	2233573096
𩼙	ge	2233531615
𩼚	ji	2233490134
𩼦	zou	2233448653
𩼨	yi	2233407172
𩼫	zha	2233365691
𩼭	lie	2233324210
𩼴	ye	2233282729
𩼼	zhan	2233241248
𩽀	chou	2233199767
𩽁	biao	2233158286
𩽆	xu	2233116805
𩽍	xie	2233075324
𩽎	wei	2233033843
𩽏	li	2232992362
𩽛	bo	2232950881
𩽜	jian	2232909400
𩽝	chan	2232867919
𩽞	kun	2232826438
𩽡	qing	2232784957
𩽧	shuang	2232743476
𩽨	xi	2232701995
𩽩	qu	2232660514
𩽰	luo	2232619033
𩽳	dang	2232577552
𩽵	li	2232536071
𩾀	gu	2232494590
𩾓	xiao	2232453109
𩾔	ci	2232411628
𩾕	chi	2232370147
𩾘	yi	2232328666
𩾚	ding	2232287185
𩾞	wan	2232245704
𩾠	yi	2232204223
𩾡	bao	2232162742
𩾢	yi	2232121261
𩾢	yuan	2232079780
𩾧	xun	2232038299
𩾬	xiang	2231996818
𩾳	bi	2231955337
𩾶	jie	2231913856
𩾷	ge	2231872375
𩾸	yan	2231830894
𩾸	ze	2231789413
𩾺	zhen	2231747932
𩾻	hu	2231706451
𩾼	xi	2231664970
𩾽	xin	2231623489
𩾾	jiao	2231582008
𩾾	xiao	2231540527
𩾿	fu	2231499046
𩿂	mao	2231457565
𩿃	xin	2231416084
𩿄	qiang	2231374603
𩿈	fen	2231333122
𩿉	ban	2231291641
𩿑	jiao	2231250160
𩿓	bao	2231208679
𩿔	ya	2231167198
𩿕	yao	2231125717
𩿛	xi	2231084236
𩿝	ju	2231042755
𩿟	qu	2231001274
𩿠	yue	2230959793
𩿡	tai	2230918312
𩿢	tou	2230876831
𩿩	duo	2230835350
𩿩	qu	2230793869
𩿬	you	2230752388
𩿷	ti	2230710907
𩿽	tuo	2230669426
𩿿	chu	2230627945
𪀁	ge	2230586464
𪀈	yuan	2230544983
𪀊	gou	2230503502
𪀊	qu	2230462021
𪀏	jiu	2230420540
𪀏	ju	2230379059
𪀒	die	2230337578
𪀓	yi	2230296097
𪀔	shi	2230254616
𪀕	yi	2230213135
𪀝	e	2230171654
𪀝	yuan	2230130173
𪀞	huang	2230088692
𪀟	hui	2230047211
𪀠	xun	2230005730
𪀣	ju	2229964249
𪀥	zhai	2229922768
𪀩	chu	2229881287
𪀩	dan	2229839806
𪀩	qi	2229798325
𪀪	xiu	2229756844
𪀬	hui	2229715363
𪀭	tong	2229673882
𪀺	fu	2229632401
𪀽	xin	2229590920
𪀽	xun	2229549439
𪀿	mi	2229507958
𪁀	yu	2229466477
𪁉	jiao	2229424996
𪁊	zhe	2229383515
𪁊	zhi	2229342034
𪁋	cheng	2229300553
𪁍	jie	2229259072
𪁓	zhi	2229217591
𪁔	lao	2229176110
𪁘	wang	2229134629
𪁚	yi	2229093148
𪁞	tou	2229051667
𪁟	an	2229010186
𪁟	han	2228968705
𪁠	jue	2228927224
𪁡	yan	2228885743
𪁥	ju	2228844262
𪁧	chen	2228802781
𪁧	zhen	2228761300
𪁩	ti	2228719819
𪁩	zhi	2228678338
𪁪	mang	2228636857
𪁮	xiu	2228595376
𪁲	chu	2228553895
𪁸	qiang	2228512414
𪁹	fei	2228470933
𪁺	chang	2228429452
𪁼	mian	2228387971
𪁽	su	2228346490
𪁾	ao	2228305009
𪁾	wo	2228263528
𪂀	fu	2228222047
𪂄	wei	2228180566
𪂅	zhi	2228139085
𪂉	yu	2228097604
𪂋	fu	2228056123
𪂌	ta	2228014642
𪂍	ji	2227973161
𪂏	fei	2227931680
𪂒	hu	2227890199
𪂓	ju	2227848718
𪂛	qi	2227807237
𪂜	mei	2227765756
𪂟	bie	2227724275
𪂠	guo	2227682794
𪂤	ming	2227641313
𪂦	wan	2227599832
𪂦	yuan	2227558351
𪂧	wan	2227516870
𪂴	jing	2227475389
𪂵	yu	2227433908
𪂶	xian	2227392427
𪂹	chun	2227350946
𪂺	ji	2227309465
𪂼	xiang	2227267984
𪂽	pen	2227226503
𪂾	fu	2227185022
𪃂	liu	2227143541
𪃄	sai	2227102060
𪃅	xue	2227060579
𪃆	zou	2227019098
𪃈	jie	2226977617
𪃋	jian	2226936136
𪃋	zhan	2226894655
𪃎	yu	2226853174
𪃐	miao	2226811693
𪃑	mao	2226770212
𪃓	fu	2226728731
𪃛	jian	2226687250
𪃨	ao	2226645769
𪃭	ke	2226604288
𪃶	hou	2226562807
𪃺	gou	2226521326
𪃼	xi	2226479845
𪃾	rong	2226438364
𪄀	pan	2226396883
𪄁	yuan	2226355402
𪄂	xia	2226313921
𪄈	qing	2226272440
𪄉	yong	2226230959
𪄊	qu	2226189478
𪄌	gong	2226147997
𪄎	ge	2226106516
𪄏	xian	2226065035
𪄑	su	2226023554
𪄖	qi	2225982073
𪄗	hou	2225940592
𪄛	xi	2225899111
𪄝	wu	2225857630
𪄭	qi	2225816149
𪄮	gu	2225774668
𪄮	hu	2225733187
𪄯	gui	2225691706
𪄱	di	2225650225
𪄴	min	2225608744
𪄵	ji	2225567263
𪄶	xi	2225525782
𪄷	xian	2225484301
𪄸	ji	2225442820
𪄹	chang	2225401339
𪄺	kou	2225359858
𪄻	chong	2225318377
𪄻	zhuang	2225276896
𪅄	su	2225235415
𪅅	lve	2225193934
𪅆	li	2225152453
𪅇	meng	2225110972
𪅈	chong	2225069491
𪅉	tian	2225028010
𪅋	ling	2224986529
𪅍	chi	2224945048
𪅙	chi	2224903567
𪅝	niao	2224862086
𪅟	yong	2224820605
𪅮	mi	2224779124
𪅰	shu	2224737643
𪅲	xi	2224696162
𪅴	e	2224654681
𪅵	zi	2224613200
𪅸	jie	2224571719
𪅹	ji	2224530238
𪅺	hou	2224488757
𪅻	sheng	2224447276
𪅼	li	2224405795
𪆀	zhou	2224364314
𪆁	si	2224322833
𪆂	qu	2224281352
𪆋	xie	2224239871
𪆗	si	2224198390
𪆛	xu	2224156909
𪆠	fu	2224115428
𪆯	nong	2224073947
𪆲	jia	2224032466
𪆲	zhan	2223990985
𪆳	gui	2223949504
𪆵	chi	2223908023
𪆶	can	2223866542
𪆹	guo	2223825061
𪆻	dan	2223783580
𪆿	jian	2223742099
𪇁	dang	2223700618
𪇂	hou	2223659137
𪇆	chu	2223617656
𪇆	du	2223576175
𪇇	qian	2223534694
𪇈	ai	2223493213
𪇊	pi	2223451732
𪇑	xun	2223410251
𪇒	jing	2223368770
𪇓	meng	2223327289
𪇕	bin	2223285808
𪇗	gu	2223244327
𪇛	yong	2223202846
𪇜	gua	2223161365
𪇝	yu	2223119884
𪇞	zhou	2223078403
𪇭	cai	2223036922
𪇯	liu	2222995441
𪇱	luo	2222953960
𪇲	jie	2222912479
𪇴	mie	2222870998
𪇵	guang	2222829517
𪇷	jia	2222788036
𪇹	la	2222746555
𪈀	shou	2222705074
𪈃	guo	2222663593
𪈆	meng	2222622112
𪈇	qian	2222580631
𪈈	lai	2222539150
𪈊	he	2222497669
𪈋	tuan	2222456188
𪈑	hui	2222414707
𪈘	hong	2222373226
𪈜	lv	2222331745
𪈟	jia	2222290264
𪈥	gui	2222248783
𪈨	yi	2222207302
𪈩	huan	2222165821
𪈰	luo	2222124340
𪈴	jue	2222082859
𪈸	guan	2222041378
𪈻	quan	2221999897
𪈿	man	2221958416
𪉗	chi	2221916935
𪉘	tou	2221875454
𪉚	jie	2221833973
𪉢	jin	2221792492
𪉦	gan	2221751011
𪉦	jian	2221709530
𪉧	tan	2221668049
𪉪	ci	2221626568
𪉭	wai	2221585087
𪉯	kan	2221543606
𪉻	qian	2221502125
𪊂	hui	2221460644
𪊄	gan	2221419163
𪊇	gan	2221377682
𪊇	tan	2221336201
𪊍	si	2221294720
𪊐	fu	2221253239
𪊕	pi	2221211758
𪊗	ca	2221170277
𪊜	ben	2221128796
𪊢	shi	2221087315
𪊥	huan	2221045834
𪊧	gui	2221004353
𪊪	ou	2220962872
𪊳	pao	2220921391
𪊵	ying	2220879910
𪊶	ting	2220838429
𪊷	xiao	2220796948
𪊹	zhu	2220755467
𪊻	yu	2220713986
𪋁	jian	2220672505
𪋄	qu	2220631024
𪋅	wan	2220589543
𪋆	kun	2220548062
𪋇	zhui	2220506581
𪋉	yu	2220465100
𪋊	guo	2220423619
𪋋	ping	2220382138
𪋌	zui	2220340657
𪋍	zu	2220299176
𪋏	zhu	2220257695
𪋐	nuan	2220216214
𪋑	zhu	2220174733
𪋖	piao	2220133252
𪋗	mi	2220091771
𪋜	bi	2220050290
𪋝	su	2220008809
𪋡	pu	2219967328
𪋢	mi	2219925847
𪋫	ye	2219884366
𪋬	yu	2219842885
𪋮	yu	2219801404
𪋰	zhu	2219759923
𪋳	ling	2219718442
𪋺	nou	2219676961
𪋾	ling	2219635480
𪌀	liao	2219593999
𪌂	tuo	2219552518
𪌄	bi	2219511037
𪌅	na	2219469556
𪌆	qu	2219428075
𪌈	pi	2219386594
𪌉	dou	2219345113
𪌊	nie	2219303632
𪌋	tun	2219262151
𪌍	ji	2219220670
𪌏	ling	2219179189
𪌓	ku	2219137708
𪌔	su	2219096227
𪌞	nai	2219054746
𪌟	ze	2219013265
𪌢	tong	2218971784
𪌤	dui	2218930303
𪌧	jie	2218888822
𪌩	tian	2218847341
𪌪	tiao	2218805860
𪌫	chi	2218764379
𪌱	li	2218722898
𪌳	luo	2218681417
𪌵	liao	2218639936
𪌶	shu	2218598455
𪌷	deng	2218556974
𪌹	chi	2218515493
𪌺	mie	2218474012
𪌼	tao	2218432531
𪍁	jun	2218391050
𪍂	hu	2218349569
𪍄	lu	2218308088
𪍈	chao	2218266607
𪍌	suo	2218225126
𪍎	ke	2218183645
𪍏	fu	2218142164
𪍔	suo	2218100683
𪍗	qiu	2218059202
𪍛	su	2218017721
𪍛	xie	2217976240
𪍝	yun	2217934759
𪍟	suo	2217893278
𪍡	bo	2217851797
𪍧	xuan	2217810316
𪍨	suo	2217768835
𪍩	man	2217727354
𪍪	bi	2217685873
𪍵	tan	2217644392
𪍸	qu	2217602911
𪍹	du	2217561430
𪍺	huan	2217519949
𪍻	sao	2217478468
𪎃	nie	2217436987
𪎅	nie	2217395506
𪎆	luo	2217354025
𪎇	zuo	2217312544
𪎒	shuo	2217271063
𪎔	mi	2217229582
𪎗	mi	2217188101
𪎛	wan	2217146620
𪎝	ben	2217105139
𪎞	qiang	2217063658
𪎠	mo	2217022177
𪎣	liu	2216980696
𪎤	wo	2216939215
𪎦	mei	2216897734
𪎨	tou	2216856253
𪎫	mu	2216814772
𪎭	mei	2216773291
𪎲	zuo	2216731810
𪎴	tun	2216690329
𪎵	kang	2216648848
𪎶	tun	2216607367
𪎺	che	2216565886
𪎻	zheng	2216524405
𪎽	chong	2216482924
𪎾	tian	2216441443
𪏀	zhi	2216399962
𪏁	chan	2216358481
𪏂	chan	2216317000
𪏅	qing	2216275519
𪏆	tun	2216234038
𪏇	hui	2216192557
𪏈	que	2216151076
𪏉	zhan	2216109595
𪏊	jian	2216068114
𪏊	mian	2216026633
𪏋	chan	2215985152
𪏍	huang	2215943671
𪏏	hui	2215902190
𪏐	chi	2215860709
𪏒	huang	2215819228
𪏓	heng	2215777747
𪏔	yun	2215736266
𪏖	tuan	2215694785
𪏗	bian	2215653304
𪏙	huang	2215611823
𪏚	yun	2215570342
𪏟	mo	2215528861
𪏠	gong	2215487380
𪏢	gong	2215445899
𪏤	gui	2215404418
𪏦	chan	2215362937
𪏨	que	2215321456
𪏩	rui	2215279975
𪏪	kuang	2215238494
𪏫	piao	2215197013
𪏮	ru	2215155532
𪏲	niu	2215114051
𪏳	hu	2215072570
𪏴	jin	2215031089
𪏵	li	2214989608
𪏵	ni	2214948127
𪏶	bao	2214906646
𪏸	chi	2214865165
𪏸	ni	2214823684
𪏺	bi	2214782203
𪏻	hu	2214740722
𪏼	li	2214699241
𪏿	zhu	2214657760
𪐀	na	2214616279
𪐂	quan	2214574798
𪐃	feng	2214533317
𪐄	bi	2214491836
𪐅	li	2214450355
𪐆	bie	2214408874
𪐇	nian	2214367393
𪐈	dong	2214325912
𪐋	lian	2214284431
𪐌	ni	2214242950
𪐍	lian	2214201469
𪐎	ma	2214159988
𪐏	zhe	2214118507
𪐏	zhi	2214077026
𪐓	jia	2214035545
𪐔	yi	2213994064
𪐖	long	2213952583
𪐘	yan	2213911102
𪐘	yi	2213869621
𪐝	dai	2213828140
𪐝	tai	2213786659
𪐞	du	2213745178
𪐣	yi	2213703697
𪐥	tai	2213662216
𪐦	hang	2213620735
𪐧	shu	2213579254
𪐬	wan	2213537773
𪐮	su	2213496292
𪐯	yao	2213454811
𪐰	er	2213413330
𪐲	zhen	2213371849
𪐺	dou	2213330368
𪐻	jian	2213288887
𪐿	pang	2213247406
𪑀	hui	2213205925
𪑂	cha	2213164444
𪑃	shan	2213122963
𪑄	lu	2213081482
𪑆	yu	2213040001
𪑈	yan	2212998520
𪑉	wan	2212957039
𪑊	qiao	2212915558
𪑋	luo	2212874077
𪑌	yu	2212832596
𪑏	tu	2212791115
𪑐	wei	2212749634
𪑒	tun	2212708153
𪑕	hun	2212666672
𪑖	ben	2212625191
𪑗	qie	2212583710
𪑙	jin	2212542229
𪑙	qian	2212500748
𪑜	zhi	2212459267
𪑝	yu	2212417786
𪑟	ci	2212376305
𪑦	ye	2212334824
𪑧	die	2212293343
𪑨	cha	2212251862
𪑩	dian	2212210381
𪑪	man	2212168900
𪑬	deng	2212127419
𪑭	wei	2212085938
𪑮	nian	2212044457
𪑯	lei	2212002976
𪑰	bing	2211961495
𪑱	wo	2211920014
𪑱	wu	2211878533
𪑶	rou	2211837052
𪑷	wai	2211795571
𪑸	mi	2211754090
𪑸	yan	2211712609
𪑹	jie	2211671128
𪑻	hou	2211629647
𪑽	zhai	2211588166
𪑾	ru	2211546685
𪑿	zi	2211505204
𪒀	pan	2211463723
𪒂	mo	2211422242
𪒄	mi	2211380761
𪒆	qi	2211339280
𪒇	mo	2211297799
𪒊	zhi	2211256318
𪒋	ban	2211214837
𪒋	pan	2211173356
𪒍	mie	2211131875
𪒏	lu	2211090394
𪒑	qi	2211048913
𪒒	chong	2211007432
𪒔	li	2210965951
𪒕	yi	2210924470
𪒘	deng	2210882989
𪒙	cuo	2210841508
𪒛	dui	2210800027
𪒜	ma	2210758546
𪒝	yan	2210717065
𪒟	zeng	2210675584
𪒠	an	2210634103
𪒠	yan	2210592622
𪒡	dai	2210551141
𪒡	dui	2210509660
𪒢	pu	2210468179
𪒥	yue	2210426698
𪒩	huo	2210385217
𪒪	mai	2210343736
𪒫	jian	2210302255
𪒭	qin	2210260774
𪒯	qin	2210219293
𪒲	ye	2210177812
𪒴	tai	2210136331
𪒹	jian	2210094850
𪒼	cha	2210053369
𪒾	dan	2210011888
𪓀	li	2209970407
𪓃	niang	2209928926
𪓄	chan	2209887445
𪓅	zang	2209845964
𪓊	yu	2209804483
𪓌	zui	2209763002
𪓍	bian	2209721521
𪓐	chu	2209680040
𪓘	ran	2209638559
𪓚	ran	2209597078
𪓜	bo	2209555597
𪓡	cu	2209514116
𪓮	ke	2209472635
𪓷	xi	2209431154
𪓻	shi	2209389673
𪓼	dian	2209348192
𪔂	ding	2209306711
𪔃	jiong	2209265230
𪔅	yuan	2209223749
𪔆	gan	2209182268
𪔊	hui	2209140787
𪔋	ji	2209099306
𪔍	peng	2209057825
𪔏	deng	2209016344
𪔑	beng	2208974863
𪔔	pang	2208933382
𪔔	peng	2208891901
𪔕	long	2208850420
𪔕	ta	2208808939
𪔗	yuan	2208767458
𪔘	gao	2208725977
𪔙	yuan	2208684496
𪔟	jia	2208643015
𪔣	kong	2208601534
𪔦	dong	2208560053
𪔩	xian	2208518572
𪔪	qi	2208477091
𪔬	sang	2208435610
𪔰	yin	2208394129
𪔳	long	2208352648
𪔶	teng	2208311167
𪔷	long	2208269686
𪔺	ren	2208228205
𪔽	yin	2208186724
𪔾	ping	2208145243
𪔿	pu	2208103762
𪕀	yuan	2208062281
𪕁	chen	2208020800
𪕁	rong	2207979319
𪕃	fang	2207937838
𪕇	hang	2207896357
𪕈	mi	2207854876
𪕉	hu	2207813395
𪕊	zi	2207771914
𪕌	ling	2207730433
𪕍	jiong	2207688952
𪕎	rong	2207647471
𪕒	ping	2207605990
𪕓	guang	2207564509
𪕔	er	2207523028
𪕝	cu	2207481547
𪕞	jun	2207440066
𪕦	xiu	2207398585
𪕨	er	2207357104
𪕩	ti	2207315623
𪕫	yang	2207274142
𪕭	ai	2207232661
𪕮	hu	2207191180
𪕯	xi	2207149699
𪕯	xie	2207108218
𪕱	hu	2207066737
𪕳	si	2207025256
𪕴	li	2206983775
𪕶	yi	2206942294
𪕷	gu	2206900813
𪕹	tang	2206859332
𪖀	que	2206817851
𪖁	zong	2206776370
𪖂	li	2206734889
𪖄	jiao	2206693408
𪖇	fan	2206651927
𪖈	pu	2206610446
𪖉	si	2206568965
𪖋	jie	2206527484
𪖌	lu	2206486003
𪖍	li	2206444522
𪖎	chan	2206403041
𪖐	ya	2206361560
𪖐	yao	2206320079
𪖕	hui	2206278598
𪖙	hou	2206237117
𪖚	dian	2206195636
𪖛	qiu	2206154155
𪖜	jue	2206112674
𪖞	pi	2206071193
𪖢	kui	2206029712
𪖥	xi	2205988231
𪖦	ti	2205946750
𪖩	xu	2205905269
𪖯	bian	2205863788
𪖲	he	2205822307
𪖳	lian	2205780826
𪖶	su	2205739345
𪖷	liao	2205697864
𪖼	jin	2205656383
𪗁	li	2205614902
𪗂	chan	2205573421
𪗅	qi	2205531940
𪗆	qi	2205490459
𪗉	zi	2205448978
𪗍	qi	2205407497
𪗏	qi	2205366016
𪗐	zi	2205324535
𪗒	zhai	2205283054
𪗓	zhai	2205241573
𪗔	pa	2205200092
𪗖	ju	2205158611
𪗙	yan	2205117130
𪗤	yan	2205075649
𪗦	zhan	2205034168
𪗧	shi	2204992687
𪗨	zhi	2204951206
𪗴	rong	2204909725
𪗵	zha	2204868244
𪗷	yi	2204826763
𪗸	ming	2204785282
𪗹	ya	2204743801
𪗾	xia	2204702320
𪘃	yi	2204660839
𪘆	xiu	2204619358
𪘇	zhai	2204577877
𪘉	duo	2204536396
𪘊	e	2204494915
𪘎	nie	2204453434
𪘎	yin	2204411953
𪘐	e	2204370472
𪘑	suan	2204328991
𪘒	an	2204287510
𪘕	tuo	2204246029
𪘗	tuo	2204204548
𪘘	xia	2204163067
𪘛	chuo	2204121586
𪘝	suan	2204080105
𪘦	qian	2204038624
𪘪	zhan	2203997143
𪘳	yue	2203955662
𪘹	he	2203914181
𪘺	qia	2203872700
𪘾	cha	2203831219
𪙃	ou	2203789738
𪙈	hu	2203748257
𪙊	yan	2203706776
𪙌	qie	2203665295
𪙎	qiang	2203623814
𪙛	ni	2203582333
𪙟	qin	2203540852
𪙡	zao	2203499371
𪙥	xie	2203457890
𪙧	qi	2203416409
𪙨	jian	2203374928
𪙫	xu	2203333447
𪙭	zeng	2203291966
𪙯	e	2203250485
𪙳	zu	2203209004
𪙴	yi	2203167523
𪙹	zhi	2203126042
𪙺	li	2203084561
𪙽	li	2203043080
𪙾	yin	2203001599
𪚁	lian	2202960118
𪚃	chan	2202918637
𪚎	zhai	2202877156
𪚑	long	2202835675
𪚓	long	2202794194
𪚘	long	2202752713
𪚝	long	2202711232
𪚠	long	2202669751
𪚢	mang	2202628270
𪚥	zhe	2202586789
𪚬	gan	2202545308
𪚯	cu	2202503827
𪚷	bo	2202462346
𪚹	zhu	2202420865
𪚺	qiu	2202379384
𪚻	yang	2202337903
𪛀	xiao	2202296422
𪛂	hui	2202254941
𪛃	qu	2202213460
𪛈	ling	2202171979
𪛊	yin	2202130498
𪛎	pi	2202089017
𪛒	lian	2202047536
㑯	xu	2202006055
㑳	zhou	2201964574
㑶	xi	2201923093
㒓	ta	2201881612
㓨	ci	2201840131
㗲	huo	2201798650
㘚	han	2201757169
㜄	xun	2201715688
㜏	yun	2201674207
㠏	hua	2201632726
㢝	su	2201591245
㦎	huo	2201549764
㩜	lan	2201508283
㩳	song	2201466802
㩹	die	2201425321
㷿	xian	2201383840
㺏	lou	2201342359
㼆	ying	2201300878
㿧	chou	2201259397
䀉	qiao	2201217916
䁪	zhan	2201176435
䉙	yun	2201134954
䉲	mi	2201093473
䋙	er	2201051992
䋚	yi	2201010511
䋹	fu	2200969030
䋻	nin	2200927549
䋿	wei	2200886068
䌋	da	2200844587
䌖	jie	2200803106
䌥	yin	2200761625
䌰	nie	2200720144
䕳	mi	2200678663
䙰	li	2200637182
䜀	nao	2200595701
䝻	ju	2200554220
䞈	gui	2200512739
䥇	shan	2200471258
䥩	wei	2200429777
䥱	xie	2200388296
䦘	xian	2200346815
䦛	zheng	2200305334
䦳	xiang	2200263853
䪗	xia	2200222372
䫴	jin	2200180891
䬘	xiao	2200139410
䬝	heng	2200097929
䬞	tao	2200056448
䭀	xun	2200014967
䭿	yi	2199973486
䮝	hun	2199932005
䮞	chun	2199890524
䮠	bi	2199849043
䮳	fan	2199807562
䯀	nie	2199766081
䱙	shu	2199724600
䱬	xu	2199683119
䱰	zhong	2199641638
䱷	yu	2199600157
䱽	chang	2199558676
䲁	wei	2199517195
䲖	chou	2199475714
䲘	guan	2199434233
䲰	yun	2199392752
䴬	yi	2199351271
俁	yu	2199309790
偑	feng	2199268309
傌	ma	2199226828
僉	qian	2199185347
儁	jun	2199143866
儕	chai	2199102385
儣	kuang	2199060904
儷	li	2199019423
儻	tang	2198977942
儼	yan	2198936461
兗	yan	2198894980
凈	cheng	2198853499
剄	jing	2198812018
剾	kou	2198770537
劌	gui	2198729056
劏	tang	2198687575
劚	zhu	2198646094
勩	yi	2198604613
勱	mai	2198563132
匭	gui	2198521651
厙	she	2198480170
厴	yan	2198438689
叄	can	2198397208
叄	san	2198355727
咼	guo	2198314246
哯	xian	2198272765
啢	liang	2198231284
嗊	hong	2198189803
嘜	ma	2198148322
噅	hui	2198106841
噚	xun	2198065360
噝	si	2198023879
嚙	nie	2197982398
嚦	li	2197940917
嚲	duo	2197899436
嚳	ku	2197857955
嚶	ying	2197816474
囄	li	2197774993
囅	chan	2197733512
圇	lun	2197692031
垵	an	2197650550
埡	ya	2197609069
堊	e	2197567588
堖	nao	2197526107
堝	guo	2197484626
塏	kai	2197443145
塒	shi	2197401664
塤	xun	2197360183
墶	da	2197318702
壈	lan	2197277221
壋	dang	2197235740
壙	kuang	2197194259
壠	long	2197152778
壪	wan	2197111297
壼	kun	2197069816
奐	huan	2197028335
奩	lian	2196986854
奼	cha	2196945373
姍	shan	2196903892
媧	wa	2196862411
媯	gui	2196820930
媼	ao	2196779449
嫵	wu	2196737968
嫻	xian	2196696487
嫿	hua	2196655006
嬃	xu	2196613525
嬡	ai	2196572044
寯	jun	2196530563
峴	xian	2196489082
崬	dong	2196447601
嵐	lan	2196406120
嵼	chan	2196364639
嶁	lou	2196323158
嶗	lao	2196281677
嶢	yao	2196240196
嶧	yi	2196198715
嶨	xue	2196157234
嶮	xian	2196115753
嶲	xi	2196074272
嶴	ao	2196032791
嶸	rong	2195991310
巋	kui	2195949829
巰	qiu	2195908348
幗	guo	2195866867
廎	qing	2195825386
弒	shi	2195783905
彞	yi	2195742424
彠	huo	2195700943
彠	yue	2195659462
彲	chi	2195617981
徠	lai	2195576500
悞	wu	2195535019
惲	yun	2195493538
惻	ce	2195452057
愨	que	2195410576
慄	li	2195369095
慟	tong	2195327614
慪	ou	2195286133
慫	song	2195244652
憊	bei	2195203171
憖	yin	2195161690
憫	min	2195120209
憮	wu	2195078728
懀	wei	2195037247
懌	yi	2194995766
懍	lin	2194954285
懟	dui	2194912804
懤	chou	2194871323
懧	nuo	2194829842
懺	chan	2194788361
戔	jian	2194746880
戩	jian	2194705399
戱	xi	2194663918
挩	tuo	2194622437
摜	guan	2194580956
擓	kuai	2194539475
擼	lu	2194497994
擽	lve	2194456513
攄	shu	2194415032
斅	xiao	2194373551
斅	xue	2194332070
斆	xiao	2194290589
斆	xue	2194249108
斕	lan	2194207627
暘	yang	2194166146
曄	ye	2194124665
曖	ai	2194083184
曥	lu	2194041703
曨	long	2194000222
朥	lao	2193958741
梘	jian	2193917260
梲	zhuo	2193875779
棖	cheng	2193834298
棡	gang	2193792817
棶	lai	2193751336
榪	ma	2193709855
榲	wen	2193668374
榲	yun	2193626893
榿	qi	2193585412
槤	lian	2193543931
槧	qian	2193502450
槨	guo	2193460969
槶	gui	2193419488
槼	gui	2193378007
樫	jian	2193336526
樳	xun	2193295045
檁	lin	2193253564
檉	cheng	2193212083
檟	jia	2193170602
檭	yin	2193129121
檮	tao	2193087640
檸	ning	2193046159
櫥	chu	2193004678
櫧	zhu	2192963197
櫨	lu	2192921716
櫪	li	2192880235
櫫	zhu	2192838754
櫸	ju	2192797273
欍	jiu	2192755792
欖	lan	2192714311
歿	mo	2192672830
殤	shang	2192631349
殰	du	2192589868
氬	ya	2192548387
氳	yun	2192506906
淥	lu	2192465425
淶	lai	2192423944
渢	fan	2192382463
渢	feng	2192340982
湋	wei	2192299501
湞	cheng	2192258020
湞	zhen	2192216539
溈	gui	2192175058
溈	wei	2192133577
溮	shi	2192092096
溳	yun	2192050615
滷	lu	2192009134
滻	chan	2191967653
漊	lou	2191926172
漊	lv	2191884691
漵	xu	2191843210
潕	wu	2191801729
潚	su	2191760248
潚	xiao	2191718767
潯	xun	2191677286
潷	bi	2191635805
潿	wei	2191594324
澅	hua	2191552843
澦	yu	2191511362
澮	hui	2191469881
澮	kuai	2191428400
澾	ta	2191386919
濚	ying	2191345438
濜	jin	2191303957
濧	dui	2191262476
濼	luo	2191220995
瀂	lu	2191179514
瀃	si	2191138033
瀅	ying	2191096552
瀋	shen	2191055071
瀘	lu	2191013590
瀟	xiao	2190972109
瀠	ying	2190930628
瀦	zhu	2190889147
瀨	lai	2190847666
瀲	lian	2190806185
灃	feng	2190764704
灄	she	2190723223
灙	dang	2190681742
灝	hao	2190640261
灡	lan	2190598780
灧	yan	2190557299
煒	wei	2190515818
煢	qiong	2190474337
煱	gua	2190432856
熉	yun	2190391375
熌	shan	2190349894
熓	wu	2190308413
熗	qiang	2190266932
熡	lou	2190225451
熲	jiong	2190183970
燶	nong	2190142489
犖	luo	2190101008
猙	zheng	2190059527
獁	ma	2190018046
獫	xian	2189976565
獮	xian	2189935084
獱	bian	2189893603
獱	pin	2189852122
獷	guang	2189810641
玀	luo	2189769160
玁	xian	2189727679
琿	hun	2189686198
瑋	wei	2189644717
瑲	qiang	2189603236
璉	lian	2189561755
璡	jin	2189520274
璦	ai	2189478793
璫	dang	2189437312
璯	hui	2189395831
璵	yu	2189354350
璸	bin	2189312869
瓔	ying	2189271388
瓚	zan	2189229907
瓛	huan	2189188426
瘂	ya	2189146945
瘍	yang	2189105464
瘓	huan	2189063983
瘮	shen	2189022502
癁	fu	2188981021
癇	xian	2188939540
癘	li	2188898059
癧	li	2188856578
癰	yong	2188815097
皚	ai	2188773616
皟	ze	2188732135
皸	jun	2188690654
睞	lai	2188649173
瞼	jian	2188607692
矚	zhu	2188566211
硜	keng	2188524730
硤	xia	2188483249
硨	che	2188441768
碭	dang	2188400287
碸	feng	2188358806
碽	gong	2188317325
磠	lu	2188275844
礄	qiao	2188234363
礆	jian	2188192882
礒	yi	2188151401
礬	fan	2188109920
禎	zhen	2188068439
禕	yi	2188026958
禡	ma	2187985477
秈	xian	2187943996
稏	ya	2187902515
穇	can	2187861034
穇	shan	2187819553
穭	lv	2187778072
筧	jian	2187736591
篔	yun	2187695110
篘	chou	2187653629
篳	bi	2187612148
篵	cong	2187570667
簀	ze	2187529186
簣	kui	2187487705
簹	dang	2187446224
籔	sou	2187404743
籛	jian	2187363262
籜	tuo	2187321781
籩	bian	2187280300
籪	duan	2187238819
糝	san	2187197338
糹	si	2187155857
紖	zhen	2187114376
紘	hong	2187072895
紜	yun	2187031414
紝	ren	2186989933
紱	fu	2186948452
紵	zhu	2186906971
紺	gan	2186865490
紼	fu	2186824009
紿	dai	2186782528
絎	hang	2186741047
絝	ku	2186699566
絞	jiao	2186658085
綀	shu	2186616604
綃	xiao	2186575123
綆	geng	2186533642
綇	xiu	2186492161
綌	xi	2186450680
綐	dui	2186409199
綞	duo	2186367718
綯	tao	2186326237
綹	liu	2186284756
緄	gun	2186243275
緋	fei	2186201794
緍	min	2186160313
緓	ying	2186118832
緔	shang	2186077351
緙	ke	2186035870
緡	min	2185994389
緦	si	2185952908
緰	tou	2185911427
緰	yu	2185869946
緱	gou	2185828465
緲	miao	2185786984
緶	bian	2185745503
緸	yin	2185704022
縉	jin	2185662541
縊	yi	2185621060
縋	zhui	2185579579
縗	cui	2185538098
縝	chen	2185496617
縝	zhen	2185455136
縟	ru	2185413655
縧	tao	2185372174
縬	cu	2185330693
縲	lei	2185289212
縳	juan	2185247731
縳	zhuan	2185206250
縴	qian	2185164769
縶	zhi	2185123288
縹	piao	2185081807
縺	lian	2185040326
繅	sao	2184998845
繏	xuan	2184957364
繓	zuo	2184915883
繕	shan	2184874402
繢	hui	2184832921
繯	huan	2184791440
繸	sui	2184749959
繽	bin	2184708478
繿	lan	2184666997
纇	lei	2184625516
纘	zuan	2184584035
罃	ying	2184542554
羋	mi	2184501073
羥	qiang	2184459592
翽	hui	2184418111
耮	lao	2184376630
聶	nie	2184335149
脥	qian	2184293668
腖	dong	2184252187
腪	yun	2184210706
膃	wa	2184169225
膋	liao	2184127744
膢	lv	2184086263
臇	juan	2184044782
臗	kuan	2184003301
艤	yi	2183961820
苧	ning	2183920339
苧	zhu	2183878858
萇	chang	2183837377
萴	ce	2183795896
萴	ze	2183754415
萵	wo	2183712934
葒	hong	2183671453
葤	zhou	2183629972
蒓	chun	2183588491
蓀	sun	2183547010
蓯	cong	2183505529
蕆	chan	2183464048
蕎	qiao	2183422567
蕒	mai	2183381086
蕕	you	2183339605
蕘	rao	2183298124
蕢	kui	2183256643
蕷	yu	2183215162
薀	yun	2183173681
薈	hui	2183132200
薌	xiang	2183090719
薘	da	2183049238
薳	wei	2183007757
薴	ning	2182966276
藎	jin	2182924795
藶	li	2182883314
蘀	tuo	2182841833
蘄	qi	2182800352
蘺	li	2182758871
蛺	jia	2182717390
蜆	xian	2182675909
螮	di	2182634428
螿	jiang	2182592947
蟎	man	2182551466
蟣	ji	2182509985
蠆	chai	2182468504
蠐	qi	2182427023
蠑	rong	2182385542
褘	hui	2182344061
褸	lv	2182302580
襇	jian	2182261099
襌	dan	2182219618
襏	bo	2182178137
襤	lan	2182136656
襴	lan	2182095175
覎	yan	2182053694
覡	xi	2182012213
覥	tian	2181970732
覦	yu	2181929251
覯	gou	2181887770
覿	di	2181846289
觶	zhi	2181804808
訁	yan	2181763327
訃	fu	2181721846
訐	jie	2181680365
訒	ren	2181638884
訩	xiong	2181597403
詀	zhan	2181555922
詁	gu	2181514441
詆	di	2181472960
詎	ju	2181431479
詛	zu	2181389998
詡	xu	2181348517
詣	yi	2181307036
詬	gou	2181265555
詵	shen	2181224074
詿	gua	2181182593
誄	lei	2181141112
誚	qiao	2181099631
誥	gao	2181058150
誶	sui	2181016669
誹	fei	2180975188
誾	yin	2180933707
諏	zou	2180892226
諗	shen	2180850745
諝	xu	2180809264
諞	pian	2180767783
諤	e	2180726302
諦	di	2180684821
諮	zi	2180643340
諶	chen	2180601859
諺	yan	2180560378
謄	teng	2180518897
謖	su	2180477416
謚	shi	2180435935
謭	jian	2180394454
謳	ou	2180352973
譫	zhan	2180311492
讅	shen	2180270011
讋	zhe	2180228530
讖	chen	2180187049
讞	yan	2180145568
豶	fen	2180104087
貙	chu	2180062606
貟	yuan	2180021125
貰	shi	2179979644
貺	kuang	2179938163
賃	lin	2179896682
賒	she	2179855201
賙	zhou	2179813720
賟	tian	2179772239
賡	geng	2179730758
賧	dan	2179689277
賧	tan	2179647796
賫	ji	2179606315
賰	chun	2179564834
賵	feng	2179523353
賻	fu	2179481872
贃	wan	2179440391
贄	zhi	2179398910
贇	yun	2179357429
贋	yan	2179315948
赬	cheng	2179274467
蹣	man	2179232986
蹣	pan	2179191505
躎	nian	2179150024
躑	zhi	2179108543
躓	zhi	2179067062
躚	xian	2179025581
躝	lan	2178984100
躥	cuan	2178942619
躦	cuo	2178901138
躦	zuan	2178859657
軉	yu	2178818176
軑	dai	2178776695
軔	ren	2178735214
軗	shu	2178693733
軤	hu	2178652252
軲	gu	2178610771
軹	zhi	2178569290
軺	yao	2178527809
輄	guang	2178486328
輅	lu	2178444847
輇	quan	2178403366
輈	zhou	2178361885
輞	wang	2178320404
輬	liang	2178278923
輳	cou	2178237442
輼	wen	2178195961
轔	lin	2178154480
轤	lu	2178112999
郟	jia	2178071518
鄆	yun	2178030037
鄒	zou	2177988556
鄔	wu	2177947075
鄖	yun	2177905594
鄴	ye	2177864113
鄶	kuai	2177822632
鄺	kuang	2177781151
酇	zan	2177739670
醖	yun	2177698189
醟	yong	2177656708
釃	shai	2177615227
釃	shi	2177573746
釒	jin	2177532265
釓	ga	2177490784
釔	yi	2177449303
釕	liao	2177407822
釗	zhao	2177366341
釙	po	2177324860
釤	shan	2177283379
釧	chuan	2177241898
釩	fan	2177200417
釳	xi	2177158936
釷	tu	2177117455
釹	nv	2177075974
鈁	fang	2177034493
鈃	xing	2176993012
鈄	dou	2176951531
鈄	tou	2176910050
鈈	bu	2176868569
鈉	na	2176827088
鈋	e	2176785607
鈐	qian	2176744126
鈑	ban	2176702645
鈒	ji	2176661164
鈒	sa	2176619683
鈒	se	2176578202
鈠	yi	2176536721
鈥	huo	2176495240
鈦	tai	2176453759
鈧	kang	2176412278
鈮	ni	2176370797
鈯	tu	2176329316
鈰	shi	2176287835
鈳	ke	2176246354
鈹	pi	2176204873
鈺	yu	2176163392
鉉	xuan	2176121911
鉍	bi	2176080430
鉑	bo	2176038949
鉕	po	2175997468
鉦	zheng	2175955987
鉬	mu	2175914506
鉭	tan	2175873025
鉶	xing	2175831544
鉸	jiao	2175790063
鉺	er	2175748582
鉻	ge	2175707101
鉿	ha	2175665620
鉿	jia	2175624139
銓	quan	2175582658
銛	xian	2175541177
銠	lao	2175499696
銣	ru	2175458215
銥	yi	2175416734
銦	yin	2175375253
銩	diu	2175333772
銪	you	2175292291
銫	se	2175250810
銶	qiu	2175209329
鋇	bei	2175167848
鋉	su	2175126367
鋙	wu	2175084886
鋙	yu	2175043405
鋝	lve	2175001924
鋟	qin	2174960443
鋣	ye	2174918962
鋥	zeng	2174877481
鋨	e	2174836000
鋩	mang	2174794519
鋮	cheng	2174753038
鋯	gao	2174711557
鋰	li	2174670076
鋱	te	2174628595
鋶	liu	2174587114
錂	ling	2174545633
錆	qiang	2174504152
錇	pei	2174462671
錇	pou	2174421190
錈	juan	2174379709
錏	ya	2174338228
錒	a	2174296747
錕	kun	2174255266
錚	zheng	2174213785
錛	ben	2174172304
錟	tan	2174130823
錡	qi	2174089342
錩	chang	2174047861
錮	gu	2174006380
錸	lai	2173964899
鍀	de	2173923418
鍁	xian	2173881937
鍃	huo	2173840456
鍄	liang	2173798975
鍆	men	2173757494
鍇	kai	2173716013
鍈	ying	2173674532
鍘	zha	2173633051
鍚	yang	2173591570
鍩	nuo	2173550089
鍩	tian	2173508608
鍮	tou	2173467127
鍰	huan	2173425646
鍶	si	2173384165
鍶	song	2173342684
鍺	zhe	2173301203
鎄	ai	2173259722
鎇	mei	2173218241
鎊	bang	2173176760
鎔	rong	2173135279
鎛	bo	2173093798
鎡	zi	2173052317
鎢	wu	2173010836
鎣	ying	2172969355
鎧	kai	2172927874
鎪	sou	2172886393
鎯	lang	2172844912
鎰	yi	2172803431
鎲	tang	2172761950
鎳	nie	2172720469
鎵	jia	2172678988
鎷	ma	2172637507
鎸	juan	2172596026
鎿	na	2172554545
鏆	guan	2172513064
鏍	luo	2172471583
鏐	liu	2172430102
鏗	keng	2172388621
鏞	yong	2172347140
鏰	beng	2172305659
鏵	hua	2172264178
鏷	pu	2172222697
鏺	po	2172181216
鐄	heng	2172139735
鐄	huang	2172098254
鐎	jiao	2172056773
鐏	zun	2172015292
鐒	lao	2171973811
鐓	dui	2171932330
鐓	dun	2171890849
鐔	tan	2171849368
鐔	xin	2171807887
鐝	jue	2171766406
鐠	pu	2171724925
鐥	shan	2171683444
鐦	kai	2171641963
鐨	fei	2171600482
鐯	zhuo	2171559001
鐶	huan	2171517520
鐿	yi	2171476039
鑌	bin	2171434558
鑔	cha	2171393077
鑕	zhi	2171351596
鑠	shuo	2171310115
鑥	lu	2171268634
鑭	lan	2171227153
閆	yan	2171185672
閈	han	2171144191
閌	kang	2171102710
閍	beng	2171061229
閎	hong	2171019748
閏	run	2170978267
閐	san	2170936786
閡	ai	2170895305
閡	he	2170853824
閤	ge	2170812343
閫	kun	2170770862
閶	chang	2170729381
閹	yan	2170687900
閽	hun	2170646419
閾	yu	2170604938
閿	wen	2170563457
闆	pan	2170521976
闒	ta	2170480495
闓	kai	2170439014
闠	hui	2170397533
闤	huan	2170356052
闥	ta	2170314571
陘	xing	2170273090
隯	dao	2170231609
霽	ji	2170190128
靆	dai	2170148647
靉	ai	2170107166
韉	jian	2170065685
韍	fu	2170024204
韙	wei	2169982723
頜	he	2169941242
頲	ting	2169899761
頴	ying	2169858280
顎	e	2169816799
顒	yong	2169775318
顬	ru	2169733837
顳	nie	2169692356
顴	quan	2169650875
颭	zhan	2169609394
颶	ju	2169567913
颷	biao	2169526432
颸	si	2169484951
颺	yang	2169443470
颻	yao	2169401989
颼	sou	2169360508
颾	sao	2169319027
颾	sou	2169277546
飀	liu	2169236065
飈	biao	2169194584
飠	shi	2169153103
飣	ding	2169111622
飥	tuo	2169070141
飪	ren	2169028660
飿	duo	2168987179
餄	he	2168945698
餄	jia	2168904217
餌	er	2168862736
餏	xi	2168821255
餕	jun	2168779774
餖	dou	2168738293
餚	yao	2168696812
餶	gu	2168655331
餷	cha	2168613850
餸	song	2168572369
餺	bo	2168530888
饁	ye	2168489407
饈	xiu	2168447926
饉	jin	2168406445
馹	ri	2168364964
駎	zhou	2168323483
駚	yang	2168282002
駧	dong	2168240521
駩	quan	2168199040
駰	yin	2168157559
駶	ju	2168116078
駸	qin	2168074597
騅	zhui	2168033116
騌	zong	2167991635
騍	ke	2167950154
騏	qi	2167908673
騔	ge	2167867192
騚	qian	2167825711
騝	qian	2167784230
騟	yu	2167742749
騤	kui	2167701268
騧	gua	2167659787
騪	sou	2167618306
騮	liu	2167576825
騸	shan	2167535344
驄	cong	2167493863
驊	hua	2167452382
驋	bo	2167410901
驌	su	2167369420
驏	chan	2167327939
驏	zhan	2167286458
驤	xiang	2167244977
驦	shuang	2167203496
驫	biao	2167162015
髏	lou	2167120534
髕	bin	2167079053
髖	kuan	2167037572
鬩	xi	2166996091
魎	liang	2166954610
魘	yan	2166913129
魛	dao	2166871648
魢	ji	2166830167
魨	tun	2166788686
魴	fang	2166747205
魷	you	2166705724
鮃	ping	2166664243
鮎	nian	2166622762
鮓	zha	2166581281
鮚	jie	2166539800
鮜	hou	2166498319
鮞	er	2166456838
鮣	yin	2166415357
鮦	tong	2166373876
鮪	wei	2166332395
鮳	kao	2166290914
鮶	jun	2166249433
鮸	mian	2166207952
鮺	zha	2166166471
鯀	gun	2166124990
鯁	geng	2166083509
鯄	qiu	2166042028
鯇	huan	2166000547
鯒	yong	2165959066
鯔	zi	2165917585
鯕	qi	2165876104
鯛	diao	2165834623
鯝	gu	2165793142
鯢	ni	2165751661
鯧	chang	2165710180
鯪	ling	2165668699
鯫	zou	2165627218
鯰	nian	2165585737
鯱	hu	2165544256
鯴	shi	2165502775
鯷	ti	2165461294
鯽	ji	2165419813
鯽	zei	2165378332
鯿	bian	2165336851
鰁	quan	2165295370
鰃	wei	2165253889
鰆	chun	2165212408
鰉	huang	2165170927
鰌	qiu	2165129446
鰏	bi	2165087965
鰒	fu	2165046484
鰛	wen	2165005003
鰜	jian	2164963522
鰜	qian	2164922041
鰠	sao	2164880560
鰣	shi	2164839079
鰥	guan	2164797598
鰧	teng	2164756117
鰨	ta	2164714636
鰩	yao	2164673155
鰱	lian	2164631674
鰳	le	2164590193
鰵	min	2164548712
鰷	tiao	2164507231
鰹	jian	2164465750
鰼	xi	2164424269
鰾	biao	2164382788
鱂	jiang	2164341307
鱈	xue	2164299826
鱔	shan	2164258345
鱖	gui	2164216864
鱘	xun	2164175383
鱝	fen	2164133902
鱤	gan	2164092421
鱧	li	2164050940
鱨	chang	2164009459
鱭	ji	2163967978
鱯	hu	2163926497
鱸	lu	2163885016
鱺	li	2163843535
鳲	shi	2163802054
鳶	yuan	2163760573
鳼	wen	2163719092
鳾	shi	2163677611
鴒	ling	2163636130
鴕	tuo	2163594649
鴜	ci	2163553168
鴝	qu	2163511687
鴣	gu	2163470206
鴯	er	2163428725
鴲	zhi	2163387244
鴷	lie	2163345763
鵂	xiu	2163304282
鵐	wu	2163262801
鵒	yu	2163221320
鵚	tu	2163179839
鵜	ti	2163138358
鵬	peng	2163096877
鵮	qian	2163055396
鵯	bei	2163013915
鶊	geng	2162972434
鶓	miao	2162930953
鶖	qiu	2162889472
鶘	hu	2162847991
鶚	e	2162806510
鶥	mei	2162765029
鶪	ju	2162723548
鶬	cang	2162682067
鶲	weng	2162640586
鶹	liu	2162599105
鶺	ji	2162557624
鶼	jian	2162516143
鷀	ci	2162474662
鷁	yi	2162433181
鷊	ni	2162391700
鷊	yi	2162350219
鷓	zhe	2162308738
鷖	yi	2162267257
鷙	zhi	2162225776
鷚	liu	2162184295
鷥	si	2162142814
鷦	jiao	2162101333
鷨	hua	2162059852
鷫	su	2162018371
鷯	liao	2161976890
鷳	xian	2161935409
鷽	xue	2161893928
鸂	xi	2161852447
鸇	zhan	2161810966
鸌	hu	2161769485
鸏	meng	2161728004
鸘	shuang	2161686523
鸛	guan	2161645042
鹺	cuo	2161603561
麨	chao	2161562080
麳	lai	2161520599
黲	can	2161479118
黽	mian	2161437637
黽	min	2161396156
鼴	yan	2161354675
齏	ji	2161313194
齔	chen	2161271713
齕	he	2161230232
齙	bao	2161188751
齟	ju	2161147270
齠	tiao	2161105789
齪	chuo	2161064308
齬	yu	2161022827
齲	qu	2160981346
齷	wo	2160939865
龎	pang	2160898384
龑	yan	2160856903
龻	luan	2160815422
鿳	tuo	2160773941
𠏢	luo	2160732460
𠞆	wu	2160690979
𠠎	kuo	2160649498
𡄔	qing	2160608017
𡄣	mi	2160566536
𡞵	huan	2160525055
𡠹	zhi	2160483574
𡽗	xian	2160442093
𡾱	mi	2160400612
𡿎	li	2160359131
𢣚	ni	2160317650
𢸁	gong	2160276169
𣈶	geng	2160234688
𣎄	geng	2160193207
𣝕	jian	2160151726
𣯴	bi	2160110245
𣯶	san	2160068764
𣿉	yi	2160027283
𤁣	bai	2159985802
𤎱	juan	2159944321
𤡲	kai	2159902840
𤫩	ling	2159861359
𤷽	que	2159819878
𤸫	yun	2159778397
𥌃	zhen	2159736916
𥗽	lan	2159695435
𥢢	tui	2159653954
𥨐	gong	2159612473
𥿊	che	2159570992
𦃄	fei	2159529511
𦿍	po	2159488030
𧍕	jue	2159446549
𧔥	wei	2159405068
𧕮	li	2159363587
𧜵	xie	2159322106
𧞔	jie	2159280625
𧮛	li	2159239144
𧰎	lao	2159197663
𧳟	lai	2159156182
𧵳	she	2159114701
𧶔	cheng	2159073220
𧽵	zong	2159031739
𨅍	tan	2158990258
𨇁	kuang	2158948777
𨈊	wan	2158907296
𨈌	luan	2158865815
𨊰	qi	2158824334
𨊸	yue	2158782853
𨊻	ji	2158741372
𨋢	li	2158699891
𨋮	hong	2158658410
𨎮	zao	2158616929
𨏠	long	2158575448
𨏥	xian	2158533967
𨥛	hu	2158492486
𨧀	du	2158451005
𨧱	qu	2158409524
𨨏	bo	2158368043
𨫒	lou	2158326562
𨭎	xi	2158285081
𨮂	gai	2158243600
𨳑	ting	2158202119
𨳕	yue	2158160638
𨴗	die	2158119157
𨵩	pi	2158077676
𨵸	pian	2158036195
𨶀	ta	2157994714
𨶮	ye	2157953233
𨶲	jiao	2157911752
𨷲	yue	2157870271
𨽏	guo	2157828790
𩎢	tao	2157787309
𩏪	zhai	2157745828
𩓣	xu	2157704347
𩗀	bo	2157662866
𩘀	zhao	2157621385
𩘝	suo	2157579904
𩘹	su	2157538423
𩘺	tui	2157496942
𩙈	sao	2157455461
𩚛	na	2157413980
𩚥	ba	2157372499
𩚵	gan	2157331018
𩛆	yi	2157289537
𩛩	jia	2157248056
𩜦	ding	2157206575
𩜵	tuan	2157165094
𩝔	xu	2157123613
𩞄	cao	2157082132
𩞦	cheng	2157040651
𩞯	liang	2156999170
𩟐	da	2156957689
𩡺	jie	2156916208
𩢡	ran	2156874727
𩢸	zhou	2156833246
𩢾	lie	2156791765
𩣺	ben	2156750284
𩤙	cheng	2156708803
𩤲	la	2156667322
𩤸	wei	2156625841
𩥄	dian	2156584360
𩥇	zhan	2156542879
𩥉	ji	2156501398
𩥑	ta	2156459917
𩰀	chong	2156418436
𩵩	fu	2156376955
𩵹	fu	2156335474
𩶘	li	2156293993
𩶱	zha	2156252512
𩷰	xun	2156211031
𩸃	tu	2156169550
𩸦	ni	2156128069
𩿪	chi	2156086588
𪀦	chi	2156045107
𪀾	jie	2156003626
𪁈	zhuang	2155962145
𪁖	qu	2155920664
𪂆	min	2155879183
𪃍	yu	2155837702
𪃏	mei	2155796221
𪄕	ban	2155754740
𪇳	zhen	2155713259
𪘀	pian	2155671778
阪	ban	2155630297
傭	yong	2155588816
刪	shan	2155547335
剋	kei	2155505854
廄	jiu	2155464373
慍	yun	2155422892
慤	que	2155381411
戠	shi	2155339930
梔	zhi	2155298449
欒	luan	2155256968
歟	yu	2155215487
澐	yun	2155174006
灕	li	2155132525
灤	luan	2155091044
燴	hui	2155049563
燼	jin	2155008082
獪	kuai	2154966601
獼	mi	2154925120
琺	fa	2154883639
瘺	lou	2154842158
皰	pao	2154800677
硃	zhu	2154759196
禰	mi	2154717715
糴	di	2154676234
膾	kuai	2154634753
臏	bin	2154593272
臠	luan	2154551791
蒞	li	2154510310
蓴	chun	2154468829
蕓	yun	2154427348
虆	lei	2154385867
贗	yan	2154344386
贜	zang	2154302905
踴	yong	2154261424
躕	chu	2154219943
轀	wen	2154178462
鉢	bo	2154136981
霢	mai	2154095500
霢	mo	2154054019
鞝	shang	2154012538
鞝	zhang	2153971057
頽	tui	2153929576
骯	ang	2153888095
鰮	wen	2153846614
齶	e	2153805133
𩗡	chou	2153763652
衹	qi	2153722171
麽	ma	2153680690
麽	mo	2153639209
罎	tan	2153597728
皑	ai	2153556247
奥	ao	2153514766
奥	you	2153473285
奥	yu	2153431804
绊	ban	2153390323
镑	bang	2153348842
谤	bang	2153307361
剥	bao	2153265880
剥	pu	2153224399
鲍	bao	2153182918
钡	bei	2153141437
备	yuan	2153099956
惫	bei	2153058475
币	yin	2153016994
贬	bian	2152975513
鳖	bie	2152934032
濒	bin	2152892551
摈	bin	2152851070
钵	bo	2152809589
铂	bo	2152768108
蚕	tian	2152726627
沧	cang	2152685146
册	zha	2152643665
掺	can	2152602184
掺	chan	2152560703
谗	chan	2152519222
厂	han	2152477741
骋	cheng	2152436260
炽	chi	2152394779
虫	hui	2152353298
宠	chong	2152311817
畴	chou	2152270336
筹	chou	2152228855
橱	chu	2152187374
雏	chu	2152145893
触	hong	2152104412
疮	chuang	2152062931
绰	chuo	2152021450
赐	ci	2151979969
葱	chuang	2151938488
蹿	cuan	2151897007
达	ta	2151855526
达	ti	2151814045
贷	dai	2151772564
担	jie	2151731083
郸	dan	2151689602
掸	dan	2151648121
胆	da	2151606640
胆	tan	2151565159
惮	dan	2151523678
祷	dao	2151482197
灯	ding	2151440716
邓	deng	2151399235
邓	shan	2151357754
敌	hua	2151316273
谍	die	2151274792
栋	dong	2151233311
犊	du	2151191830
兑	dui	2151150349
兑	duo	2151108868
兑	rui	2151067387
吨	tun	2151025906
钝	dun	2150984425
堕	duo	2150942944
讹	e	2150901463
儿	ren	2150859982
饵	er	2150818501
贰	er	2150777020
珐	fa	2150735539
矾	fan	2150694058
钒	fan	2150652577
诽	fei	2150611096
奋	ben	2150569615
奋	gang	2150528134
奋	kang	2150486653
枫	feng	2150445172
冯	feng	2150403691
赋	fu	2150362210
讣	fu	2150320729
赶	qian	2150279248
赣	gan	2150237767
冈	wang	2150196286
镐	gao	2150154805
阁	ge	2150113324
铬	ge	2150071843
个	gan	2150030362
龚	gong	2149988881
蛊	gu	2149947400
剐	gua	2149905919
关	xiao	2149864438
广	an	2149822957
广	yan	2149781476
柜	ju	2149739995
刽	gui	2149698514
辊	gun	2149657033
骇	hai	2149615552
韩	han	2149574071
汉	nv	2149532590
号	xiao	2149491109
阂	he	2149449628
鹤	he	2149408147
横	guang	2149366666
横	huang	2149325185
鸿	hong	2149283704
沪	hu	2149242223
怀	fu	2149200742
坏	pei	2149159261
坏	pi	2149117780
还	fu	2149076299
焕	huan	2149034818
涣	huan	2148993337
涣	hui	2148951856
贿	hui	2148910375
秽	hui	2148868894
烩	hui	2148827413
讳	hui	2148785932
诲	hui	2148744451
荤	hun	2148702970
机	wei	2148661489
积	zhi	2148620008
缉	ji	2148578527
蓟	ji	2148537046
荚	jia	2148495565
贾	jia	2148454084
钾	jia	2148412603
价	jie	2148371122
笺	jian	2148329641
缄	jian	2148288160
茧	chong	2148246679
硷	jian	2148205198
饯	jian	2148163717
涧	jian	2148122236
蒋	jiang	2148080755
胶	xiao	2148039274
铰	jiao	2147997793
矫	jiao	2147956312
侥	jiao	2147914831
脚	jue	2147873350
绞	jiao	2147831869
洁	ji	2147790388
仅	fu	2147748907
仅	nu	2147707426
晋	jin	2147665945
烬	jin	2147624464
荆	jing	2147582983
惊	liang	2147541502
痉	jing	2147500021
净	cheng	2147458540
厩	jiu	2147417059
诀	jue	2147375578
钧	jun	2147334097
骏	jun	2147292616
开	jian	2147251135
开	qian	2147209654
凯	kai	2147168173
垦	yin	2147126692
抠	kou	2147085211
块	yue	2147043730
侩	kuai	2147002249
亏	yu	2146960768
岿	kui	2146919287
窥	kui	2146877806
馈	kui	2146836325
蜡	ji	2146794844
蜡	qu	2146753363
蜡	zha	2146711882
腊	la	2146670401
腊	xi	2146628920
莱	lai	2146587439
阑	lan	2146545958
兰	lan	2146504477
澜	lan	2146462996
谰	lan	2146421515
揽	lan	2146380034
缆	lan	2146338553
涝	lao	2146297072
镭	lei	2146255591
离	chi	2146214110
隶	dai	2146172629
隶	di	2146131148
隶	yi	2146089667
莲	lian	2146048186
怜	ling	2146006705
涟	lian	2145965224
敛	lian	2145923743
镣	liao	2145882262
猎	ji	2145840781
猎	que	2145799300
猎	xi	2145757819
鳞	lin	2145716338
凛	lin	2145674857
赁	lin	2145633376
馏	liu	2145591895
刘	liu	2145550414
聋	long	2145508933
陇	long	2145467452
娄	lou	2145425971
篓	lou	2145384490
芦	hu	2145343009
卢	lu	2145301528
颅	lu	2145260047
庐	lu	2145218566
掳	lu	2145177085
卤	lu	2145135604
卤	xi	2145094123
鲁	lu	2145052642
赂	lu	2145011161
禄	lu	2144969680
吕	lv	2144928199
侣	lv	2144886718
屡	lv	2144845237
虑	bi	2144803756
滤	lv	2144762275
挛	luan	2144720794
孪	luan	2144679313
滦	luan	2144637832
伦	lun	2144596351
仑	lun	2144554870
沦	lun	2144513389
罗	luo	2144471908
玛	ma	2144430427
蛮	man	2144388946
谩	man	2144347465
猫	miao	2144305984
锚	mao	2144264503
铆	mao	2144223022
么	ma	2144181541
么	mo	2144140060
么	yao	2144098579
没	me	2144057098
锰	meng	2144015617
谜	mi	2143974136
觅	mi	2143932655
幂	mi	2143891174
缅	mian	2143849693
悯	min	2143808212
闽	min	2143766731
铭	ming	2143725250
呐	nuo	2143683769
钠	na	2143642288
挠	nao	2143600807
馁	nei	2143559326
内	na	2143517845
内	rui	2143476364
腻	ni	2143434883
聂	nie	2143393402
啮	nie	2143351921
镊	nie	2143310440
镍	nie	2143268959
柠	chu	2143227478
柠	ning	2143185997
柠	zhu	2143144516
狞	ning	2143103035
宁	zhu	2143061554
泞	ning	2143020073
泞	zhu	2142978592
钮	niu	2142937111
脓	nong	2142895630
疟	nve	2142854149
诺	nuo	2142812668
殴	ou	2142771187
呕	ou	2142729706
沤	ou	2142688225
鹏	peng	2142646744
扑	pi	2142605263
扑	po	2142563782
扑	pou	2142522301
仆	pu	2142480820
朴	piao	2142439339
朴	po	2142397858
谱	pu	2142356377
栖	qi	2142314896
脐	qi	2142273415
讫	qi	2142231934
钎	qian	2142190453
堑	qian	2142148972
呛	qiang	2142107491
蔷	qiang	2142066010
强	jiang	2142024529
乔	qiao	2141983048
侨	qiao	2141941567
窍	qiao	2141900086
亲	qing	2141858605
亲	xin	2141817124
亲	zhen	2141775643
寝	qin	2141734162
琼	qiong	2141692681
龋	qu	2141651200
颧	quan	2141609719
权	shu	2141568238
扰	you	2141526757
纫	ren	2141485276
荣	ce	2141443795
闰	run	2141402314
鳃	sai	2141360833
叁	san	2141319352
骚	sao	2141277871
涩	se	2141236390
删	shan	2141194909
陕	shan	2141153428
赡	shan	2141111947
缮	shan	2141070466
赊	she	2141028985
慑	she	2140987504
肾	shen	2140946023
声	qing	2140904542
胜	qing	2140863061
胜	xing	2140821580
圣	ku	2140780099
适	kuo	2140738618
赎	shu	2140697137
术	zhu	2140655656
谁	shei	2140614175
税	tuan	2140572694
税	tui	2140531213
税	tuo	2140489732
硕	shuo	2140448251
怂	song	2140406770
擞	sou	2140365289
绥	sui	2140323808
笋	sun	2140282327
獭	ta	2140240846
挞	ta	2140199365
台	si	2140157884
台	yi	2140116403
瘫	tan	2140074922
坛	tan	2140033441
谭	tan	2139991960
叹	yi	2139950479
叹	you	2139908998
绦	tao	2139867517
誊	teng	2139826036
锑	ti	2139784555
体	ben	2139743074
听	yi	2139701593
听	yin	2139660112
烃	ting	2139618631
团	qiu	2139577150
颓	tui	2139535669
蜕	tui	2139494188
蜕	yue	2139452707
脱	tui	2139411226
鸵	tuo	2139369745
洼	wa	2139328264
袜	mo	2139286783
万	mo	2139245302
韦	wei	2139203821
潍	wei	2139162340
温	yun	2139120859
挝	wo	2139079378
钨	wu	2139037897
芜	wu	2138996416
吴	tun	2138954935
吴	wu	2138913454
坞	wu	2138871973
铣	xi	2138830492
辖	xia	2138789011
侠	xia	2138747530
吓	ha	2138706049
锨	xian	2138664568
贤	xian	2138623087
宪	hun	2138581606
宪	mao	2138540125
宪	xiong	2138498644
乡	yuan	2138457163
萧	xiao	2138415682
嚣	xiao	2138374201
谐	xie	2138332720
泻	xie	2138291239
嘘	shi	2138249758
轩	xuan	2138208277
癣	xuan	2138166796
勋	xun	2138125315
驯	xun	2138083834
阉	yan	2138042353
烟	yin	2138000872
阎	yan	2137959391
砚	yan	2137917910
彦	pan	2137876429
彦	yan	2137834948
谚	yan	2137793467
鸯	yang	2137751986
疡	yang	2137710505
瑶	yao	2137669024
尧	yao	2137627543
业	qiu	2137586062
叶	xie	2137544581
铱	yi	2137503100
颐	yi	2137461619
义	cha	2137420138
诣	yi	2137378657
绎	yi	2137337176
荫	yin	2137295695
樱	ying	2137254214
缨	ying	2137212733
荧	ying	2137171252
赢	ying	2137129771
痈	yong	2137088290
咏	yong	2137046809
邮	di	2137005328
驭	yu	2136963847
鸳	yuan	2136922366
渊	yuan	2136880885
辕	yuan	2136839404
园	wan	2136797923
粤	yue	2136756442
郧	yun	2136714961
匀	jun	2136673480
陨	yun	2136631999
酝	yun	2136590518
韵	yun	2136549037
杂	duo	2136507556
赃	zang	2136466075
泽	ze	2136424594
赠	zeng	2136383113
铡	zha	2136341632
栅	ce	2136300151
栅	shan	2136258670
栅	zha	2136217189
诈	zha	2136175708
斋	zhai	2136134227
斩	zhan	2136092746
辗	nian	2136051265
辗	zhan	2136009784
栈	zhan	2135968303
绽	zhan	2135926822
账	zhang	2135885341
赵	zhao	2135843860
蛰	zhe	2135802379
辙	zhe	2135760898
锗	zhe	2135719417
贞	zhen	2135677936
狰	zheng	2135636455
帧	zhen	2135594974
帧	zheng	2135553493
挚	zhi	2135512012
滞	zhi	2135470531
种	chong	2135429050
众	yin	2135387569
诌	zhou	2135346088
诛	zhu	2135304607
烛	chong	2135263126
瞩	zhu	2135221645
贮	zhu	2135180164
庄	peng	2135138683
妆	zhuang	2135097202
锥	zhui	2135055721
赘	zhui	2135014240
谆	zhun	2134972759
兹	zi	2134931278
渍	zi	2134889797
邹	zou	2134848316
诅	zu	2134806835
芈	mi	2134765354
啬	se	2134723873
厍	she	2134682392
厣	yan	2134640911
厮	si	2134599430
靥	ye	2134557949
赝	yan	2134516468
匦	gui	2134474987
匮	kui	2134433506
赜	ze	2134392025
刭	jing	2134350544
刿	gui	2134309063
剀	kai	2134267582
伛	yu	2134226101
伥	chang	2134184620
伧	cang	2134143139
伫	zhu	2134101658
侪	chai	2134060177
侬	nong	2134018696
俦	chou	2133977215
俨	yan	2133935734
俪	li	2133894253
俣	yu	2133852772
偾	fen	2133811291
偬	cong	2133769810
偬	zong	2133728329
偻	lou	2133686848
傥	tang	2133645367
傧	bin	2133603886
傩	nuo	2133562405
佥	qian	2133520924
黉	hong	2133479443
冁	chan	2133437962
兖	yan	2133396481
衮	gun	2133355000
亵	xie	2133313519
禀	bing	2133272038
讠	yan	2133230557
讦	jie	2133189076
讧	hong	2133147595
讪	shan	2133106114
讴	ou	2133064633
讵	ju	2133023152
讷	ne	2132981671
诂	gu	2132940190
诃	he	2132898709
诋	di	2132857228
诏	zhao	2132815747
诎	qu	2132774266
诒	yi	2132732785
诓	kuang	2132691304
诔	lei	2132649823
诖	gua	2132608342
诘	ji	2132566861
诘	jie	2132525380
诙	hui	2132483899
诜	shen	2132442418
诟	gou	2132400937
诠	quan	2132359456
诤	zheng	2132317975
诨	hun	2132276494
诩	xu	2132235013
诮	qiao	2132193532
诰	gao	2132152051
诳	kuang	2132110570
诹	zou	2132069089
诼	zhuo	2132027608
诿	wei	2131986127
谀	yu	2131944646
谂	shen	2131903165
谄	chan	2131861684
谇	sui	2131820203
谌	chen	2131778722
谏	jian	2131737241
谑	xue	2131695760
谒	ye	2131654279
谔	e	2131612798
谕	yu	2131571317
谖	xuan	2131529836
谙	an	2131488355
谛	di	2131446874
谘	zi	2131405393
谝	pian	2131363912
谟	mo	2131322431
谠	dang	2131280950
谡	su	2131239469
谥	shi	2131197988
谧	mi	2131156507
谪	zhe	2131115026
谫	jian	2131073545
谮	zen	2131032064
谯	qiao	2130990583
谲	jue	2130949102
谳	yan	2130907621
谵	zhan	2130866140
谶	chen	2130824659
陉	xing	2130783178
陧	nie	2130741697
邝	kuang	2130700216
邬	wu	2130658735
郏	jia	2130617254
郐	kuai	2130575773
郓	yun	2130534292
郦	li	2130492811
刍	chu	2130451330
奂	huan	2130409849
劢	mai	2130368368
巯	qiu	2130326887
圹	kuang	2130285406
坜	li	2130243925
坂	ban	2130202444
垅	long	2130160963
垆	lu	2130119482
垭	ya	2130078001
垲	kai	2130036520
垴	nao	2129995039
埘	shi	2129953558
埚	guo	2129912077
埙	xun	2129870596
芗	xiang	2129829115
苈	li	2129787634
苋	xian	2129746153
苌	chang	2129704672
苁	cong	2129663191
苎	zhu	2129621710
茏	long	2129580229
茑	niao	2129538748
茔	ying	2129497267
茕	qiong	2129455786
荛	rao	2129414305
荜	bi	2129372824
荞	qiao	2129331343
荟	hui	2129289862
荠	ji	2129248381
荦	luo	2129206900
荥	xing	2129165419
荨	xun	2129123938
荩	jin	2129082457
荬	mai	2129040976
荪	sun	2128999495
荭	hong	2128958014
荮	zhou	2128916533
莳	shi	2128875052
莴	wo	2128833571
莅	li	2128792090
莶	xian	2128750609
莸	you	2128709128
莺	ying	2128667647
莼	chun	2128626166
萦	ying	2128584685
蒇	chan	2128543204
蒉	kui	2128501723
蒌	lou	2128460242
蓦	mo	2128418761
蓠	li	2128377280
蓥	ying	2128335799
蓣	yu	2128294318
蔹	lian	2128252837
蔺	lin	2128211356
蕲	qi	2128169875
薮	sou	2128128394
藓	xian	2128086913
蘖	bo	2128045432
蘖	nie	2128003951
奁	lian	2127962470
尴	gan	2127920989
扪	men	2127879508
抟	tuan	2127838027
挢	jiao	2127796546
掴	guai	2127755065
掼	guan	2127713584
揿	qin	2127672103
摅	shu	2127630622
撄	ying	2127589141
撷	xie	2127547660
撸	lu	2127506179
撺	cuan	2127464698
弑	shi	2127423217
叽	ji	2127381736
叽	jiao	2127340255
呒	fu	2127298774
呒	m	2127257293
呓	yi	2127215812
呖	li	2127174331
呙	guo	2127132850
吣	qin	2127091369
咝	si	2127049888
哒	da	2127008407
哓	xiao	2126966926
哔	bi	2126925445
哕	hui	2126883964
哙	kuai	2126842483
哜	ji	2126801002
咤	zha	2126759521
哝	nong	2126718040
唛	ma	2126676559
唛	mai	2126635078
唠	lao	2126593597
唢	suo	2126552116
啧	ze	2126510635
啭	zhuan	2126469154
喾	ku	2126427673
嗫	nie	2126386192
嗳	ai	2126344711
辔	pei	2126303230
嘤	ying	2126261749
噜	lu	2126220268
囵	lun	2126178787
帏	wei	2126137306
帱	chou	2126095825
帻	ze	2126054344
帼	guo	2126012863
岘	xian	2125971382
岙	ao	2125929901
岚	lan	2125888420
岽	dong	2125846939
峄	yi	2125805458
峤	jiao	2125763977
峥	zheng	2125722496
崂	lao	2125681015
崃	lai	2125639534
嵘	rong	2125598053
嵝	lou	2125556572
巅	dian	2125515091
徕	lai	2125473610
犷	guang	2125432129
犸	ma	2125390648
狯	kuai	2125349167
狲	sun	2125307686
猃	xian	2125266205
猡	luo	2125224724
猕	mi	2125183243
饣	shi	2125141762
饧	tang	2125100281
饧	xing	2125058800
饨	tun	2125017319
饩	xi	2124975838
饪	ren	2124934357
饫	yu	2124892876
饬	chi	2124851395
饴	yi	2124809914
饷	xiang	2124768433
饽	bo	2124726952
馀	yu	2124685471
馄	hun	2124643990
馇	cha	2124602509
馊	sou	2124561028
馍	mo	2124519547
馐	xiu	2124478066
馑	jin	2124436585
馓	san	2124395104
馔	zhuan	2124353623
馕	nang	2124312142
庑	wu	2124270661
赓	geng	2124229180
廪	lin	2124187699
怃	wu	2124146218
怄	ou	2124104737
忾	kai	2124063256
忾	qi	2124021775
怅	chang	2123980294
怆	chuang	2123938813
怿	yi	2123897332
恸	tong	2123855851
恹	yan	2123814370
恻	ce	2123772889
恺	kai	2123731408
恽	yun	2123689927
悭	qian	2123648446
惬	qie	2123606965
愦	kui	2123565484
闩	shuan	2123524003
闫	yan	2123482522
闱	wei	2123441041
闳	hong	2123399560
闵	min	2123358079
闶	kang	2123316598
闼	ta	2123275117
闾	lv	2123233636
阃	kun	2123192155
阄	jiu	2123150674
阆	lang	2123109193
阈	yu	2123067712
阊	chang	2123026231
阋	xi	2122984750
阌	wen	2122943269
阍	hun	2122901788
阏	e	2122860307
阏	yan	2122818826
阒	qu	2122777345
阕	que	2122735864
阖	he	2122694383
阗	tian	2122652902
阙	que	2122611421
阚	han	2122569940
阚	kan	2122528459
沣	feng	2122486978
沩	wei	2122445497
泷	long	2122404016
泸	lu	2122362535
泺	luo	2122321054
泾	jing	2122279573
浃	jia	2122238092
浈	zhen	2122196611
浍	hui	2122155130
浏	liu	2122113649
浒	hu	2122072168
浔	xun	2122030687
涞	lai	2121989206
涠	wei	2121947725
渎	du	2121906244
渑	mian	2121864763
渖	shen	2121823282
渌	lu	2121781801
溆	xu	2121740320
滟	yan	2121698839
滠	she	2121657358
滢	ying	2121615877
滗	bi	2121574396
潆	ying	2121532915
潇	xiao	2121491434
潋	lian	2121449953
潴	zhu	2121408472
濑	lai	2121366991
灏	hao	2121325510
骞	qian	2121284029
迩	er	2121242548
迳	jing	2121201067
逦	li	2121159586
屦	ju	2121118105
弪	jing	2121076624
妩	wu	2121035143
妪	yu	2120993662
妫	gui	2120952181
姗	shan	2120910700
娅	ya	2120869219
娆	rao	2120827738
娈	luan	2120786257
娲	wa	2120744776
娴	xian	2120703295
婵	chan	2120661814
媪	ao	2120620333
媪	wen	2120578852
嫒	ai	2120537371
嫔	pin	2120495890
嫱	qiang	2120454409
嬷	ma	2120412928
嬷	mo	2120371447
驵	zang	2120329966
驷	si	2120288485
驸	fu	2120247004
驺	zou	2120205523
驿	yi	2120164042
驽	nu	2120122561
骀	dai	2120081080
骁	xiao	2120039599
骅	hua	2119998118
骈	pian	2119956637
骊	li	2119915156
骐	qi	2119873675
骒	ke	2119832194
骓	zhui	2119790713
骖	can	2119749232
骘	zhi	2119707751
骛	wu	2119666270
骜	ao	2119624789
骝	liu	2119583308
骟	shan	2119541827
骠	biao	2119500346
骢	cong	2119458865
骣	chan	2119417384
骥	ji	2119375903
骧	xiang	2119334422
纟	si	2119292941
纡	yu	2119251460
纣	zhou	2119209979
纥	ge	2119168498
纥	he	2119127017
纨	wan	2119085536
纩	kuang	2119044055
纭	yun	2119002574
纰	pi	2118961093
纾	shu	2118919612
绀	gan	2118878131
绁	xie	2118836650
绂	fu	2118795169
绉	zhou	2118753688
绋	fu	2118712207
绌	chu	2118670726
绐	dai	2118629245
绔	ku	2118587764
绗	hang	2118546283
绛	jiang	2118504802
绠	geng	2118463321
绡	xiao	2118421840
绨	ti	2118380359
绫	ling	2118338878
绮	qi	2118297397
绯	fei	2118255916
绱	shang	2118214435
绲	gun	2118172954
缍	duo	2118131473
绶	shou	2118089992
绺	liu	2118048511
绻	quan	2118007030
绾	wan	2117965549
缁	zi	2117924068
缂	ke	2117882587
缃	xiang	2117841106
缇	ti	2117799625
缈	miao	2117758144
缋	hui	2117716663
缌	si	2117675182
缏	bian	2117633701
缑	gou	2117592220
缒	zhui	2117550739
缗	min	2117509258
缙	jin	2117467777
缜	zhen	2117426296
缛	ru	2117384815
缟	gao	2117343334
缡	li	2117301853
缢	yi	2117260372
缣	jian	2117218891
缤	bin	2117177410
缥	piao	2117135929
缦	man	2117094448
缧	lei	2117052967
缪	mou	2117011486
缫	sao	2116970005
缬	xie	2116928524
缭	liao	2116887043
缯	zeng	2116845562
缱	qian	2116804081
缲	qiao	2116762600
缳	huan	2116721119
缵	zuan	2116679638
玑	ji	2116638157
玮	wei	2116596676
顼	xu	2116555195
玺	xi	2116513714
珲	hui	2116472233
珲	hun	2116430752
琏	lian	2116389271
瑷	ai	2116347790
璎	ying	2116306309
瓒	zan	2116264828
韪	wei	2116223347
韫	yun	2116181866
韬	tao	2116140385
杩	ma	2116098904
枥	li	2116057423
枧	jian	2116015942
枨	cheng	2115974461
枞	cong	2115932980
枞	zong	2115891499
枭	xiao	2115850018
栉	zhi	2115808537
栊	long	2115767056
栌	lu	2115725575
栀	zhi	2115684094
栎	li	2115642613
柽	cheng	2115601132
柽	jue	2115559651
桠	ya	2115518170
桡	rao	2115476689
桢	zhen	2115435208
桤	qi	2115393727
桧	gui	2115352246
桧	hui	2115310765
栾	luan	2115269284
棂	ling	2115227803
椟	du	2115186322
椠	qian	2115144841
椤	luo	2115103360
椁	guo	2115061879
榄	lan	2115020398
榇	chen	2114978917
榈	lv	2114937436
榉	ju	2114895955
槟	bin	2114854474
槠	zhu	2114812993
樯	qiang	2114771512
橥	zhu	2114730031
橹	lu	2114688550
橼	yuan	2114647069
檩	lin	2114605588
殁	mo	2114564107
殁	wen	2114522626
殇	shang	2114481145
殒	yun	2114439664
殓	lian	2114398183
殚	dan	2114356702
殡	bin	2114315221
轫	ren	2114273740
轭	e	2114232259
轱	gu	2114190778
轲	ke	2114149297
轳	lu	2114107816
轵	zhi	2114066335
轶	yi	2114024854
轸	zhen	2113983373
轷	hu	2113941892
轹	li	2113900411
轺	yao	2113858930
轼	shi	2113817449
轾	zhi	2113775968
辁	quan	2113734487
辂	lu	2113693006
辄	zhe	2113651525
辇	nian	2113610044
辋	wang	2113568563
辍	chuo	2113527082
辎	zi	2113485601
辏	cou	2113444120
辘	lu	2113402639
辚	lin	2113361158
戋	jian	2113319677
戗	qiang	2113278196
戬	jian	2113236715
瓯	ou	2113195234
昙	tan	2113153753
昙	yu	2113112272
晔	ye	2113070791
晖	hui	2113029310
暧	ai	2112987829
贲	ben	2112946348
贳	shi	2112904867
贶	kuang	2112863386
贻	yi	2112821905
贽	zhi	2112780424
赀	zi	2112738943
赅	gai	2112697462
赆	jin	2112655981
赈	zhen	2112614500
赉	lai	2112573019
赇	qiu	2112531538
赍	ji	2112490057
赕	dan	2112448576
赙	fu	2112407095
觇	chan	2112365614
觊	ji	2112324133
觋	xi	2112282652
觌	di	2112241171
觎	yu	2112199690
觏	gou	2112158209
觐	jin	2112116728
觑	qu	2112075247
毵	san	2112033766
氇	lu	2111992285
氩	ya	2111950804
牍	du	2111909323
肴	yao	2111867842
胨	dong	2111826361
胪	lu	2111784880
胫	jing	2111743399
脍	kuai	2111701918
脶	luo	2111660437
腽	wa	2111618956
腭	e	2111577475
膑	bin	2111535994
欤	yu	2111494513
飑	biao	2111453032
飒	sa	2111411551
飓	ju	2111370070
飕	sou	2111328589
飙	biao	2111287108
飚	biao	2111245627
毂	gu	2111204146
齑	ji	2111162665
斓	lan	2111121184
炀	yang	2111079703
炜	wei	2111038222
炝	qiang	2110996741
烨	ye	2110955260
焖	men	2110913779
焘	dao	2110872298
焘	tao	2110830817
祢	mi	2110789336
祯	zhen	2110747855
禅	chan	2110706374
怼	dui	2110664893
悫	que	2110623412
懑	men	2110581931
戆	gang	2110540450
泶	xue	2110498969
矶	ji	2110457488
砀	dang	2110416007
砗	che	2110374526
砜	feng	2110333045
砺	li	2110291564
砻	long	2110250083
硖	xia	2110208602
硗	qiao	2110167121
碛	qi	2110125640
碜	chen	2110084159
龛	kan	2110042678
眍	kou	2110001197
眦	zi	2109959716
睐	lai	2109918235
睑	jian	2109876754
罴	pi	2109835273
羁	ji	2109793792
钅	jin	2109752311
钆	ga	2109710830
钇	yi	2109669349
钋	po	2109627868
钊	zhao	2109586387
钌	liao	2109544906
钍	tu	2109503425
钏	chuan	2109461944
钐	shan	2109420463
钔	men	2109378982
钗	chai	2109337501
钕	nv	2109296020
钚	bu	2109254539
钛	tai	2109213058
钜	ju	2109171577
钣	ban	2109130096
钤	qian	2109088615
钫	fang	2109047134
钪	kang	2109005653
钭	dou	2108964172
钭	tou	2108922691
钬	huo	2108881210
钯	ba	2108839729
钰	yu	2108798248
钲	zheng	2108756767
钶	e	2108715286
钶	ke	2108673805
钷	po	2108632324
钸	bu	2108590843
钹	bo	2108549362
钺	yue	2108507881
钼	mu	2108466400
钽	tan	2108424919
钿	dian	2108383438
铄	shuo	2108341957
铈	shi	2108300476
铉	xuan	2108258995
铊	ta	2108217514
铋	bi	2108176033
铌	ni	2108134552
铍	pi	2108093071
铎	duo	2108051590
铐	kao	2108010109
铑	lao	2107968628
铒	er	2107927147
铕	you	2107885666
铖	cheng	2107844185
铗	jia	2107802704
铙	nao	2107761223
铘	ye	2107719742
铞	diao	2107678261
铟	yin	2107636780
铠	kai	2107595299
铢	zhu	2107553818
铤	ding	2107512337
铤	ting	2107470856
铥	diu	2107429375
铧	hua	2107387894
铨	quan	2107346413
铪	ha	2107304932
铩	sha	2107263451
铫	diao	2107221970
铮	zheng	2107180489
铯	se	2107139008
铳	chong	2107097527
铴	tang	2107056046
铵	an	2107014565
铷	ru	2106973084
铹	lao	2106931603
铼	lai	2106890122
铽	te	2106848641
铿	keng	2106807160
锃	zeng	2106765679
锂	li	2106724198
锆	gao	2106682717
锇	e	2106641236
锉	cuo	2106599755
锊	lve	2106558274
锍	liu	2106516793
锎	kai	2106475312
锏	jian	2106433831
锒	lang	2106392350
锓	qin	2106350869
锔	ju	2106309388
锕	a	2106267907
锖	qiang	2106226426
锘	nuo	2106184945
锛	ben	2106143464
锝	de	2106101983
锞	ke	2106060502
锟	kun	2106019021
锢	gu	2105977540
锪	huo	2105936059
锫	pei	2105894578
锩	juan	2105853097
锬	tan	2105811616
锱	zi	2105770135
锲	qie	2105728654
锴	kai	2105687173
锶	si	2105645692
锷	e	2105604211
锸	cha	2105562730
锼	sou	2105521249
锾	huan	2105479768
锿	ai	2105438287
镂	lou	2105396806
锵	qiang	2105355325
镄	fei	2105313844
镅	mei	2105272363
镆	mo	2105230882
镉	ge	2105189401
镌	juan	2105147920
镎	na	2105106439
镏	liu	2105064958
镒	yi	2105023477
镓	jia	2104981996
镔	bin	2104940515
镖	biao	2104899034
镗	tang	2104857553
镘	man	2104816072
镙	luo	2104774591
镛	yong	2104733110
镞	zu	2104691629
镟	xuan	2104650148
镝	di	2104608667
镡	chan	2104567186
镢	jue	2104525705
镤	pu	2104484224
镥	lu	2104442743
镦	dui	2104401262
镦	dun	2104359781
镧	lan	2104318300
镨	pu	2104276819
镩	cuan	2104235338
镪	qiang	2104193857
镫	deng	2104152376
镬	huo	2104110895
镯	zhuo	2104069414
镱	yi	2104027933
镲	cha	2103986452
镳	biao	2103944971
锺	zhong	2103903490
稆	lv	2103862009
穑	se	2103820528
鸠	jiu	2103779047
鸢	yuan	2103737566
鸨	bao	2103696085
鸩	zhen	2103654604
鸪	gu	2103613123
鸫	dong	2103571642
鸬	lu	2103530161
鸱	chi	2103488680
鸶	si	2103447199
鸸	er	2103405718
鸷	zhi	2103364237
鸹	gua	2103322756
鸺	xiu	2103281275
鸾	luan	2103239794
鹁	bo	2103198313
鹄	gu	2103156832
鹆	yu	2103115351
鹇	xian	2103073870
鹈	ti	2103032389
鹉	wu	2102990908
鹋	miao	2102949427
鹎	bei	2102907946
鹕	hu	2102866465
鹗	e	2102824984
鹚	ci	2102783503
鹛	mei	2102742022
鹜	wu	2102700541
鹞	yao	2102659060
鹣	jian	2102617579
鹦	ying	2102576098
鹧	zhe	2102534617
鹨	liu	2102493136
鹩	liao	2102451655
鹪	jiao	2102410174
鹫	jiu	2102368693
鹬	yu	2102327212
鹱	hu	2102285731
鹭	lu	2102244250
鹳	guan	2102202769
疖	jie	2102161288
疠	li	2102119807
疬	li	2102078326
疴	e	2102036845
疴	ke	2101995364
疴	qia	2101953883
痖	ya	2101912402
痨	lao	2101870921
痫	xian	2101829440
瘅	dan	2101787959
瘗	yi	2101746478
瘘	lou	2101704997
瘿	ying	2101663516
瘾	yin	2101622035
癞	lai	2101580554
癫	dian	2101539073
窦	dou	2101497592
窭	ju	2101456111
裆	dang	2101414630
裢	lian	2101373149
裢	shao	2101331668
裣	lian	2101290187
裥	jian	2101248706
褛	lv	2101207225
褴	lan	2101165744
皲	jun	2101124263
耢	lao	2101082782
耧	lou	2101041301
聍	ning	2100999820
聩	kui	2100958339
顸	han	2100916858
颀	qi	2100875377
颃	hang	2100833896
颉	jie	2100792415
颌	he	2100750934
颍	ying	2100709453
颏	ke	2100667972
颔	han	2100626491
颚	e	2100585010
颛	zhuan	2100543529
颞	nie	2100502048
颟	man	2100460567
颡	sang	2100419086
颢	hao	2100377605
颥	ru	2100336124
颦	pin	2100294643
虬	qiu	2100253162
虮	ji	2100211681
虿	chai	2100170200
蚬	xian	2100128719
蛎	li	2100087238
蛏	cheng	2100045757
蛱	jia	2100004276
蛲	nao	2099962795
蛳	si	2099921314
蛴	qi	2099879833
蝈	guo	2099838352
蝾	rong	2099796871
蝼	lou	2099755390
螨	man	2099713909
螭	chi	2099672428
罂	ying	2099630947
笃	du	2099589466
笕	jian	2099547985
笾	bian	2099506504
筚	bi	2099465023
筝	zheng	2099423542
箦	ze	2099382061
箧	qie	2099340580
箨	tuo	2099299099
箪	dan	2099257618
篑	kui	2099216137
簖	duan	2099174656
籁	lai	2099133175
舣	yi	2099091694
舻	lu	2099050213
袅	niao	2099008732
羟	qiang	2098967251
粝	li	2098925770
糁	san	2098884289
糇	hou	2098842808
絷	zhi	2098801327
麸	fu	2098759846
趱	zan	2098718365
酽	yan	2098676884
酾	shai	2098635403
酾	shi	2098593922
鹾	cuo	2098552441
趸	dun	2098510960
跄	qiang	2098469479
跞	li	2098427998
跷	qiao	2098386517
跸	bi	2098345036
跹	xian	2098303555
跻	ji	2098262074
踬	zhi	2098220593
踯	zhi	2098179112
蹑	nie	2098137631
蹒	pan	2098096150
蹰	chu	2098054669
躏	lin	2098013188
躜	zuan	2097971707
觞	shang	2097930226
觯	zhi	2097888745
靓	jing	2097847264
雳	li	2097805783
霁	ji	2097764302
霭	ai	2097722821
龀	chen	2097681340
龃	ju	2097639859
龅	bao	2097598378
龆	tiao	2097556897
龇	zi	2097515416
龈	ken	2097473935
龈	yin	2097432454
龉	yu	2097390973
龊	chuo	2097349492
龌	wo	2097308011
黾	mian	2097266530
黾	min	2097225049
鼋	yuan	2097183568
鼍	tuo	2097142087
隽	juan	2097100606
隽	jun	2097059125
雠	chou	2097017644
銮	luan	2096976163
錾	zan	2096934682
鱿	you	2096893201
鲂	fang	2096851720
鲅	ba	2096810239
鲆	ping	2096768758
鲇	nian	2096727277
鲈	lu	2096685796
稣	su	2096644315
鲋	fu	2096602834
鲎	hou	2096561353
鲐	tai	2096519872
鲑	gui	2096478391
鲒	jie	2096436910
鲔	wei	2096395429
鲕	er	2096353948
鲚	ji	2096312467
鲛	jiao	2096270986
鲞	xiang	2096229505
鲟	xun	2096188024
鲠	geng	2096146543
鲡	li	2096105062
鲢	lian	2096063581
鲣	jian	2096022100
鲥	shi	2095980619
鲦	tiao	2095939138
鲧	gun	2095897657
鲨	sha	2095856176
鲩	huan	2095814695
鲫	ji	2095773214
鲭	qing	2095731733
鲮	ling	2095690252
鲰	zou	2095648771
鲱	fei	2095607290
鲲	kun	2095565809
鲳	chang	2095524328
鲴	gu	2095482847
鲵	ni	2095441366
鲶	nian	2095399885
鲷	diao	2095358404
鲺	shi	2095316923
鲻	zi	2095275442
鲼	fen	2095233961
鲽	die	2095192480
鳅	qiu	2095150999
鳆	fu	2095109518
鳇	huang	2095068037
鳊	bian	2095026556
鳋	sao	2094985075
鳌	ao	2094943594
鳍	qi	2094902113
鳎	ta	2094860632
鳏	guan	2094819151
鳐	yao	2094777670
鳓	le	2094736189
鳔	biao	2094694708
鳕	xue	2094653227
鳗	man	2094611746
鳘	min	2094570265
鳙	yong	2094528784
鳜	gui	2094487303
鳝	shan	2094445822
鳟	zun	2094404341
鳢	li	2094362860
鞑	da	2094321379
鞒	qiao	2094279898
鞯	jian	2094238417
鹘	gu	2094196936
髅	lou	2094155455
髋	kuan	2094113974
髌	bin	2094072493
魇	yan	2094031012
魉	liang	2093989531
飨	xiang	2093948050
餍	yan	2093906569
鬓	bin	2093865088
黩	du	2093823607
黪	can	2093782126
鼹	yan	2093740645
㐷	ma	2093699164
㐹	yi	2093657683
㐽	feng	2093616202
㑇	zhou	2093574721
㑈	dong	2093533240
㑔	xu	2093491759
㑩	luo	2093450278
㑺	jun	2093408797
㓥	tang	2093367316
㔉	zhu	2093325835
㖊	xun	2093284354
㖞	wai	2093242873
㘎	han	2093201392
㚯	xin	2093159911
㛀	chu	2093118430
㛟	huan	2093076949
㛣	yun	2093035468
㛤	li	2092993987
㛿	zhi	2092952506
㝦	jun	2092911025
㟆	hua	2092869544
㟜	mi	2092828063
㟥	cen	2092786582
㡎	shan	2092745101
㤖	zhu	2092703620
㤘	zhou	2092662139
㤭	jiao	2092620658
㤽	chou	2092579177
㥪	lou	2092537696
㦈	ai	2092496215
㧏	gang	2092454734
㧐	song	2092413253
㧑	hui	2092371772
㧛	lan	2092330291
㧟	kuai	2092288810
㧰	li	2092247329
㨫	lan	2092205848
㭎	gang	2092164367
㭏	wei	2092122886
㭤	niao	2092081405
㭴	jian	2092039924
㱩	du	2091998443
㱮	kuai	2091956962
㲿	wang	2091915481
㳔	dui	2091874000
㳕	lan	2091832519
㳠	ta	2091791038
㳡	guo	2091749557
㳽	mi	2091708076
㴋	su	2091666595
㶉	xi	2091625114
㶶	nong	2091583633
㶽	gua	2091542152
㷪	cui	2091500671
㺍	pin	2091459190
㻅	hui	2091417709
㻏	ling	2091376228
㻪	sui	2091334747
㾡	que	2091293266
䀥	shuo	2091251785
䁖	lou	2091210304
䂵	gong	2091168823
䃅	di	2091127342
䅉	ya	2091085861
䅟	can	2091044380
䅪	tui	2091002899
䇚	pu	2090961418
䇲	ce	2090919937
䉤	sou	2090878456
䌷	chou	2090836975
䌸	juan	2090795494
䌹	jiong	2090754013
䌺	er	2090712532
䌻	yi	2090671051
䌼	rui	2090629570
䌽	cai	2090588089
䌾	ren	2090546608
䌿	fu	2090505127
䍀	lan	2090463646
䍁	sui	2090422165
䎬	ba	2090380684
䏝	zhuan	2090339203
䐪	fan	2090297722
䒿	liao	2090256241
䓓	chou	2090214760
䓕	tuo	2090173279
䓖	qiong	2090131798
䓨	ying	2090090317
䖼	jue	2090048836
䗖	di	2090007355
䙊	xie	2089965874
䙌	kui	2089924393
䙓	bai	2089882912
䛓	jian	2089841431
䜣	xin	2089799950
䜧	nao	2089758469
䜩	yan	2089716988
䝙	chu	2089675507
䞌	she	2089634026
䞍	qing	2089592545
䞐	chun	2089551064
䟢	chen	2089509583
䢀	qi	2089468102
䢁	yue	2089426621
䢂	li	2089385140
䥺	ye	2089343659
䥽	po	2089302178
䥾	xie	2089260697
䦂	shan	2089219216
䦃	zhuo	2089177735
䦅	shan	2089136254
䦆	jue	2089094773
䦶	zheng	2089053292
䦷	chuai	2089011811
䩄	mian	2088970330
䭪	liang	2088928849
䯄	gua	2088887368
䯅	nie	2088845887
䲝	chang	2088804406
䲞	li	2088762925
䲟	yin	2088721444
䲠	chun	2088679963
䲡	qiu	2088638482
䲢	teng	2088597001
䲣	yu	2088555520
䴓	shi	2088514039
䴔	jiao	2088472558
䴕	lie	2088431077
䴖	jing	2088389596
䴗	ju	2088348115
䴘	ti	2088306634
䴙	pi	2088265153
䶮	yan	2088223672
亸	duo	2088182191
伡	che	2088140710
伣	qian	2088099229
伣	xian	2088057748
俫	lai	2088016267
刬	chan	2087974786
刾	ci	2087933305
勚	yi	2087891824
厐	pang	2087850343
叆	ai	2087808862
叇	dai	2087767381
唝	gong	2087725900
唝	hong	2087684419
唡	liang	2087642938
啯	guo	2087601457
啰	luo	2087559976
啴	chan	2087518495
垯	da	2087477014
垱	dang	2087435533
塆	wan	2087394052
壸	kun	2087352571
奨	jiang	2087311090
婳	hua	2087269609
媭	xu	2087228128
屃	xi	2087186647
峃	xue	2087145166
峣	yao	2087103685
崄	xian	2087062204
嵚	qin	2087020723
庼	qing	2086979242
彟	huo	2086937761
彟	yue	2086896280
彨	chi	2086854799
悮	wu	2086813318
慭	yin	2086771837
戯	hu	2086730356
戯	xi	2086688875
挙	ju	2086647394
挜	ya	2086605913
挦	xian	2086564432
揾	wen	2086522951
揾	wu	2086481470
擜	e	2086439989
敩	xiao	2086398508
敩	xue	2086357027
旸	yang	2086315546
昽	long	2086274065
桪	xun	2086232584
梼	tao	2086191103
梾	lai	2086149622
梿	lian	2086108141
棁	zhou	2086066660
棁	zhuo	2086025179
椝	gui	2085983698
椢	gui	2085942217
椫	shan	2085900736
椫	zhan	2085859255
椮	sen	2085817774
槚	jia	2085776293
沄	yun	2085734812
沨	feng	2085693331
浉	shi	2085651850
浐	chan	2085610369
浕	jin	2085568888
涢	yun	2085527407
溁	ying	2085485926
溇	lou	2085444445
滪	yu	2085402964
澛	lu	2085361483
煴	wen	2085320002
煴	yun	2085278521
狝	xian	2085237040
玙	yu	2085195559
玚	chang	2085154078
玚	yang	2085112597
玱	qiang	2085071116
珰	dang	2085029635
琎	jin	2084988154
瑸	bin	2084946673
疭	zong	2084905192
瘆	shen	2084863711
眬	long	2084822230
瞆	kui	2084780749
硁	keng	2084739268
硙	wei	2084697787
硚	qiao	2084656306
硵	lu	2084614825
祃	ma	2084573344
祎	yi	2084531863
秾	nong	2084490382
窎	diao	2084448901
筜	dang	2084407420
筼	yun	2084365939
箓	lu	2084324458
篯	jian	2084282977
纮	hong	2084241496
纴	ren	2084200015
纻	zhu	2084158534
纼	zhen	2084117053
绖	die	2084075572
绤	xi	2084034091
绬	ying	2083992610
绹	tao	2083951129
缊	yun	2083909648
缐	xian	2083868167
缞	cui	2083826686
翙	hui	2083785205
翚	hui	2083743724
腘	guo	2083702243
臜	za	2083660762
荙	da	2083619281
荝	ce	2083577800
荝	ze	2083536319
萚	tuo	2083494838
蒏	yong	2083453357
蒏	you	2083411876
蚃	xiang	2083370395
螀	jiang	2083328914
蟏	xiao	2083287433
袆	hui	2083245952
袯	bo	2083204471
裈	kun	2083162990
褝	dan	2083121509
襕	lan	2083080028
觃	yan	2083038547
觍	tian	2082997066
訚	yin	2082955585
詟	zhe	2082914104
謧	li	2082872623
讬	tuo	2082831142
讱	ren	2082789661
讻	xiong	2082748180
诇	xiong	2082706699
诐	bi	2082665218
诪	zhou	2082623737
谉	shen	2082582256
谞	xu	2082540775
豮	fen	2082499294
贠	yuan	2082457813
赑	bi	2082416332
赒	zhou	2082374851
赗	feng	2082333370
赟	yun	2082291889
赪	cheng	2082250408
跶	da	2082208927
跶	ta	2082167446
轪	dai	2082125965
辀	zhou	2082084484
辌	liang	2082043003
辒	wen	2082001522
酂	cuo	2081960041
酂	zan	2081918560
酦	fa	2081877079
酦	po	2081835598
钑	ji	2081794117
钑	sa	2081752636
钑	se	2081711155
钖	yang	2081669674
钘	xing	2081628193
铇	bao	2081586712
铏	xing	2081545231
铓	mang	2081503750
铔	ya	2081462269
铚	zhi	2081420788
铦	xian	2081379307
铻	wu	2081337826
锜	qi	2081296345
锠	chang	2081254864
锧	zhi	2081213383
锳	ying	2081171902
锽	huang	2081130421
镃	zi	2081088940
镈	bo	2081047459
镋	tang	2081005978
镕	rong	2080964497
镚	beng	2080923016
镠	liu	2080881535
镮	huan	2080840054
镴	la	2080798573
镵	chan	2080757092
闬	han	2080715611
闿	kai	2080674130
阇	du	2080632649
阓	hui	2080591168
阘	da	2080549687
阘	ta	2080508206
阛	huan	2080466725
陦	dao	2080425244
霡	mai	2080383763
韨	fu	2080342282
颋	ting	2080300801
颎	jiong	2080259320
颒	hui	2080217839
颕	ying	2080176358
颙	yong	2080134877
颣	lei	2080093396
飏	yang	2080051915
飐	zhan	2080010434
飔	si	2079968953
飖	yao	2079927472
飗	liu	2079885991
饤	ding	2079844510
饦	tuo	2079803029
饳	duo	2079761548
饸	he	2079720067
饹	ge	2079678586
饻	xi	2079637105
饾	dou	2079595624
馂	jun	2079554143
馃	guo	2079512662
馉	gu	2079471181
馌	ye	2079429700
馎	bo	2079388219
驲	ri	2079346738
骃	yin	2079305257
骉	biao	2079263776
骍	xing	2079222295
骎	qin	2079180814
骔	zong	2079139333
骕	su	2079097852
骙	kui	2079056371
骦	shuang	2079014890
鬶	gui	2078973409
鱽	dao	2078931928
鱾	ji	2078890447
鲀	tun	2078848966
鲃	ba	2078807485
鲄	he	2078766004
鲉	you	2078724523
鲊	zha	2078683042
鲌	ba	2078641561
鲌	bo	2078600080
鲏	pi	2078558599
鲓	kao	2078517118
鲖	tong	2078475637
鲗	zei	2078434156
鲘	hou	2078392675
鲙	kuai	2078351194
鲝	zha	2078309713
鲪	jun	2078268232
鲬	yong	2078226751
鲯	qi	2078185270
鲹	shen	2078143789
鲾	bi	2078102308
鲿	chang	2078060827
鳀	ti	2078019346
鳁	wen	2077977865
鳂	wei	2077936384
鳈	quan	2077894903
鳉	jiang	2077853422
鳑	pang	2077811941
鳒	jian	2077770460
鳚	wei	2077728979
鳛	xi	2077687498
鳠	hu	2077646017
鳡	gan	2077604536
鳣	zhan	2077563055
鳤	guan	2077521574
鸤	shi	2077480093
鸧	cang	2077438612
鸮	xiao	2077397131
鸰	ling	2077355650
鸴	xue	2077314169
鸻	heng	2077272688
鸼	zhou	2077231207
鹀	wu	2077189726
鹍	kun	2077148245
鹐	qian	2077106764
鹒	geng	2077065283
鹓	yuan	2077023802
鹔	su	2076982321
鹖	he	2076940840
鹙	qiu	2076899359
鹝	yi	2076857878
鹟	weng	2076816397
鹠	liu	2076774916
鹡	ji	2076733435
鹢	yi	2076691954
鹥	yi	2076650473
鹮	huan	2076608992
鹯	zhan	2076567511
鹲	meng	2076526030
鹴	shuang	2076484549
麹	qu	2076443068
黡	yan	2076401587
鼌	chao	2076360106
龁	he	2076318625
龂	yin	2076277144
鿎	ta	2076235663
鿏	mai	2076194182
鿔	ge	2076152701
鿕	dan	2076111220
鿭	ni	2076069739
鿰	han	2076028258
鿲	lao	2075986777
鿴	dong	2075945296
鿵	zhi	2075903815
鿶	lang	2075862334
鿷	an	2075820853
鿸	tuo	2075779372
鿹	mi	2075737891
鿺	mai	2075696410
𠃓	yang	2075654929
𠆲	yan	2075613448
𠇐	yu	2075571967
𠇹	jing	2075530486
𠉂	ta	2075489005
𠉗	luo	2075447524
𠚳	kuo	2075406043
𠛅	kou	2075364562
𠛆	wu	2075323081
𠡠	chi	2075281600
𠬤	yi	2075240119
𠯟	xian	2075198638
𠯠	hui	2075157157
𠰷	lu	2075115676
𠱞	ran	2075074195
𠳞	que	2075032714
𠴢	sheng	2074991233
𠵾	huo	2074949752
𠻗	li	2074908271
𡈛	yuan	2074866790
𡊑	xi	2074825309
𡋤	jin	2074783828
𡒄	lan	2074742347
𡝠	mi	2074700866
𡞋	can	2074659385
𡠟	zhu	2074617904
𡥧	jin	2074576423
𡵝	zong	2074534942
𡶴	chan	2074493461
𡺃	qiang	2074451980
𡻎	xi	2074410499
𡼁	chi	2074369018
𢀖	jing	2074327537
𢋈	su	2074286056
𢗓	yu	2074244575
𢘙	long	2074203094
𢘝	ni	2074161613
𢙐	nao	2074120132
𢙑	mai	2074078651
𢙒	xiao	2074037170
𢙓	wei	2073995689
𢛯	huo	2073954208
𢟼	meng	2073912727
𢧐	zhan	2073871246
𢪓	yu	2073829765
𢫘	lu	2073788284
𢫬	cuo	2073746803
𢫬	sa	2073705322
𢬍	ye	2073663841
𢭏	dao	2073622360
𢶣	die	2073580879
𢽾	xiao	2073539398
𢽾	xue	2073497917
𣃁	zhu	2073456436
𣆐	lu	2073414955
𣈣	ying	2073373474
𣉼	ai	2073331993
𣍯	yun	2073290512
𣍰	qian	2073249031
𣎑	kuan	2073207550
𣏢	tuan	2073166069
𣐕	jing	2073124588
𣐤	jiu	2073083107
𣑝	tuan	2073041626
𣒌	guo	2073000145
𣒗	que	2072958664
𣓿	lao	2072917183
𣕲	heng	2072875702
𣗊	man	2072834221
𣗋	dang	2072792740
𣘐	ji	2072751259
𣘴	yin	2072709778
𣘷	jian	2072668297
𣚚	zhu	2072626816
𣨼	ti	2072585335
𣭤	bi	2072543854
𣯣	men	2072502373
𣱝	dong	2072460892
𣲗	wei	2072419411
𣲘	wu	2072377930
𣳆	ping	2072336449
𣶩	hua	2072294968
𣶫	yi	2072253487
𣸣	fen	2072212006
𣺼	dang	2072170525
𣺽	bai	2072129044
𣽷	si	2072087563
𣾍	lian	2072046082
𤆡	wu	2072004601
𤆢	lun	2071963120
𤇃	li	2071921639
𤇄	shan	2071880158
𤇭	long	2071838677
𤈶	yun	2071797196
𤈷	xian	2071755715
𤋏	lou	2071714234
𤎻	xiao	2071672753
𤙯	lao	2071631272
𤜵	yan	2071589791
𤝢	ze	2071548310
𤞃	hui	2071506829
𤞤	xian	2071465348
𤠋	lou	2071423867
𤦀	mi	2071382386
𤩽	huan	2071340905
𤶊	gui	2071299424
𤶧	yun	2071257943
𤸑	fu	2071216462
𤹺	e	2071174981
𤻊	tui	2071133500
𤽯	chou	2071092019
𤾀	ze	2071050538
𤿲	fu	2071009057
𥁢	qiao	2070967576
𥅴	jie	2070926095
𥆧	run	2070884614
𥇢	zhan	2070843133
𥎝	zuan	2070801652
𥐟	chai	2070760171
𥐻	nao	2070718690
𥕤	ke	2070677209
𥞦	jia	2070635728
𥟂	lai	2070594247
𥧂	gong	2070552766
𥩺	lie	2070511285
𥬀	yun	2070469804
𥬈	man	2070428323
𥬞	nie	2070386842
𥬠	chou	2070345361
𥮜	mi	2070303880
𥮾	can	2070262399
𥺅	dao	2070220918
𦈈	che	2070179437
𦈉	yun	2070137956
𦈋	xiu	2070096475
𦈌	shu	2070054994
𦈎	chan	2070013513
𦈏	min	2069972032
𦈐	lian	2069930551
𦈑	yin	2069889070
𦈒	xing	2069847589
𦈓	wei	2069806108
𦈔	gu	2069764627
𦈕	tou	2069723146
𦈖	ta	2069681665
𦈗	fei	2069640184
𦈘	da	2069598703
𦈙	nie	2069557222
𦈚	cu	2069515741
𦈛	zuo	2069474260
𦈜	jie	2069432779
𦈝	xuan	2069391298
𦈞	bo	2069349817
𦈟	jin	2069308336
𦈠	yin	2069266855
𦈡	xu	2069225374
𦍠	li	2069183893
𦛨	lao	2069142412
𦝼	lv	2069100931
𦞌	geng	2069059450
𦨩	long	2069017969
𦬙	pu	2068976488
𦰴	mi	2068935007
𦴇	qiong	2068893526
𦻕	yin	2068852045
𧉐	shuang	2068810564
𧉞	zhu	2068769083
𧏖	pin	2068727602
𧏗	ci	2068686121
𧑏	zhu	2068644640
𧒭	wei	2068603159
𧜭	shu	2068561678
𧝝	lai	2068520197
𧤤	xi	2068478716
𧥅	xi	2068437235
𧮪	zhan	2068395754
𧳕	lai	2068354273
𧹑	gui	2068312792
𧹒	mai	2068271311
𧹓	cheng	2068229830
𧹔	zhang	2068188349
𧹕	ju	2068146868
𧹖	tian	2068105387
𧹗	wan	2068063906
𧿈	kuang	2068022425
𧿛	zong	2067980944
𨀁	long	2067939463
𨁴	tan	2067897982
𨂺	wan	2067856501
𨄄	luan	2067815020
𨅛	zhu	2067773539
𨅬	lan	2067732058
𨉗	yu	2067690577
𨐅	shu	2067649096
𨐆	ji	2067607615
𨐇	long	2067566134
𨐈	guang	2067524653
𨐉	zao	2067483172
𨐊	xian	2067441691
𨑹	cong	2067400210
𨝕	gai	2067358729
𨠨	ji	2067317248
𨡙	dan	2067275767
𨡺	kui	2067234286
𨧮	mi	2067192805
𨰾	ma	2067151324
𨰿	xi	2067109843
𨱀	hu	2067068362
𨱁	yi	2067026881
𨱂	e	2066985400
𨱃	gu	2066943919
𨱄	tu	2066902438
𨱅	zhen	2066860957
𨱇	qiu	2066819476
𨱈	su	2066777995
𨱉	liang	2066736514
𨱊	qu	2066695033
𨱋	ling	2066653552
𨱌	guan	2066612071
𨱍	lang	2066570590
𨱎	tou	2066529109
𨱏	da	2066487628
𨱐	lou	2066446147
𨱑	huang	2066404666
𨱒	shou	2066363185
𨱓	jiao	2066321704
𨱔	zun	2066280223
𨱕	gai	2066238742
𨱖	wei	2066197261
𨷿	xiang	2066155780
𨸀	yue	2066114299
𨸁	ting	2066072818
𨸂	beng	2066031337
𨸃	san	2065989856
𨸄	xian	2065948375
𨸅	die	2065906894
𨸆	pi	2065865413
𨸇	pian	2065823932
𨸉	ta	2065782451
𨸋	jiao	2065740970
𨸌	ye	2065699489
𨸎	yue	2065658008
𨸘	yuan	2065616527
𨸟	qu	2065575046
𩏼	na	2065533565
𩏽	zhai	2065492084
𩏾	tao	2065450603
𩏿	wei	2065409122
𩐀	xia	2065367641
𩖕	xu	2065326160
𩖖	tan	2065284679
𩖗	jin	2065243198
𩙥	ba	2065201717
𩙦	bo	2065160236
𩙧	tao	2065118755
𩙨	su	2065077274
𩙩	zhao	2065035793
𩙪	biao	2064994312
𩙫	sou	2064952831
𩙬	tui	2064911350
𩙭	suo	2064869869
𩙮	xiao	2064828388
𩙯	heng	2064786907
𩙰	sao	2064745426
𩟿	na	2064703945
𩠀	ba	2064662464
𩠁	gan	2064620983
𩠂	yi	2064579502
𩠃	jia	2064538021
𩠅	da	2064496540
𩠆	ding	2064455059
𩠇	xun	2064413578
𩠈	ren	2064372097
𩠉	juan	2064330616
𩠊	tuan	2064289135
𩠋	xu	2064247654
𩠌	song	2064206173
𩠎	cao	2064164692
𩠏	cheng	2064123211
𩡖	yi	2064081730
𩧦	jie	2064040249
𩧨	zhou	2063998768
𩧩	xian	2063957287
𩧪	long	2063915806
𩧫	yang	2063874325
𩧬	ran	2063832844
𩧭	yi	2063791363
𩧮	lie	2063749882
𩧯	bo	2063708401
𩧰	hun	2063666920
𩧱	ji	2063625439
𩧲	dong	2063583958
𩧳	zhou	2063542477
𩧴	quan	2063500996
𩧵	jie	2063459515
𩧸	li	2063418034
𩧺	ju	2063376553
𩧻	wan	2063335072
𩧼	ben	2063293591
𩧿	bi	2063252110
𩨀	ge	2063210629
𩨁	chun	2063169148
𩨃	qian	2063127667
𩨄	sou	2063086186
𩨅	wei	2063044705
𩨆	cheng	2063003224
𩨇	lou	2062961743
𩨈	yu	2062920262
𩨉	la	2062878781
𩨊	qian	2062837300
𩨋	dian	2062795819
𩨌	ta	2062754338
𩨍	zhan	2062712857
𩨏	fan	2062671376
𩨐	lie	2062629895
𩩈	kuai	2062588414
𩬤	chong	2062546933
𩬾	ya	2062505452
𩭹	san	2062463971
𩯒	zan	2062422490
𩰰	jing	2062381009
𩲒	lang	2062339528
𩴌	gan	2062298047
𩽹	e	2062256566
𩽺	fu	2062215085
𩽻	fu	2062173604
𩽼	hun	2062132123
𩽽	zha	2062090642
𩽾	an	2062049161
𩾁	qiu	2062007680
𩾂	chou	2061966199
𩾃	mian	2061924718
𩾄	xun	2061883237
𩾅	tu	2061841756
𩾆	ni	2061800275
𩾇	hu	2061758794
𩾈	shu	2061717313
𩾊	xu	2061675832
𩾋	zhong	2061634351
𩾌	kang	2061592870
𩾎	you	2061551389
𪉂	yun	2061509908
𪉃	wen	2061468427
𪉄	chi	2061426946
𪉅	chi	2061385465
𪉆	zhi	2061343984
𪉈	ci	2061302503
𪉉	zhuang	2061261022
𪉊	hua	2061219541
𪉋	jie	2061178060
𪉌	qu	2061136579
𪉍	tu	2061095098
𪉎	min	2061053617
𪉏	mei	2061012136
𪉐	yu	2060970655
𪉑	ao	2060929174
𪉒	ban	2060887693
𪉔	pi	2060846212
𪉕	zhen	2060804731
𪎈	yi	2060763250
𪎉	xian	2060721769
𪎊	chao	2060680288
𪎋	tie	2060638807
𪎌	lai	2060597326
𪑅	hui	2060555845
𪚏	pian	2060514364
